{
	"credit": "Made by Arctic",
	"textures": {
		"0": "block/stripped_oak_log",
		"1": "block/flagchain",
		"2": "block/flagmain",
		"particle": "block/stripped_oak_log"
	},
	"elements": [
		{
			"from": [31, -3, 8.5],
			"to": [32, 13, 9.5],
			"faces": {
				"north": {"uv": [0, 0, 1, 16], "texture": "#0"},
				"east": {"uv": [0, 0, 1, 16], "texture": "#0"},
				"south": {"uv": [0, 0, 1, 16], "texture": "#0"},
				"west": {"uv": [0, 0, 1, 16], "texture": "#0"},
				"up": {"uv": [0, 0, 1, 1], "texture": "#0"},
				"down": {"uv": [0, 0, 1, 1], "texture": "#0"}
			}
		},
		{
			"from": [31, -5, 8.5],
			"to": [32, -3, 9.5],
			"faces": {
				"north": {"uv": [0, 0, 1, 2], "texture": "#0"},
				"east": {"uv": [0, 0, 1, 2], "texture": "#0"},
				"south": {"uv": [0, 0, 1, 2], "texture": "#0"},
				"west": {"uv": [0, 0, 1, 2], "texture": "#0"},
				"up": {"uv": [0, 0, 1, 1], "texture": "#0"},
				"down": {"uv": [0, 0, 1, 1], "texture": "#0"}
			}
		},
		{
			"from": [31, 29, 8.5],
			"to": [32, 31, 9.5],
			"faces": {
				"north": {"uv": [0, 0, 1, 2], "texture": "#0"},
				"east": {"uv": [0, 0, 1, 2], "texture": "#0"},
				"south": {"uv": [0, 0, 1, 2], "texture": "#0"},
				"west": {"uv": [0, 0, 1, 2], "texture": "#0"},
				"up": {"uv": [0, 0, 1, 1], "texture": "#0"},
				"down": {"uv": [0, 0, 1, 1], "texture": "#0"}
			}
		},
		{
			"from": [31, 13, 8.5],
			"to": [32, 29, 9.5],
			"faces": {
				"north": {"uv": [0, 0, 1, 16], "texture": "#0"},
				"east": {"uv": [0, 0, 1, 16], "texture": "#0"},
				"south": {"uv": [0, 0, 1, 16], "texture": "#0"},
				"west": {"uv": [0, 0, 1, 16], "texture": "#0"},
				"up": {"uv": [0, 0, 1, 1], "texture": "#0"},
				"down": {"uv": [0, 0, 1, 1], "texture": "#0"}
			}
		},
		{
			"from": [29, -3, 9],
			"to": [31, -1, 9],
			"faces": {
				"north": {"uv": [2, 0, 4, 2], "texture": "#1"},
				"east": {"uv": [0, 0, 0, 2], "texture": "#1"},
				"south": {"uv": [2, 2, 4, 4], "texture": "#1"},
				"west": {"uv": [0, 0, 0, 2], "texture": "#1"},
				"up": {"uv": [2, 0, 0, 0], "texture": "#1"},
				"down": {"uv": [2, 0, 0, 0], "texture": "#1"}
			}
		},
		{
			"from": [29, 27, 9],
			"to": [31, 29, 9],
			"faces": {
				"north": {"uv": [0, 0, 2, 2], "texture": "#1"},
				"east": {"uv": [0, 0, 0, 2], "texture": "#1"},
				"south": {"uv": [0, 2, 2, 4], "texture": "#1"},
				"west": {"uv": [0, 0, 0, 2], "texture": "#1"},
				"up": {"uv": [2, 0, 0, 0], "texture": "#1"},
				"down": {"uv": [2, 0, 0, 0], "texture": "#1"}
			}
		},
		{
			"from": [-1, -3, 9],
			"to": [1, 13, 9],
			"faces": {
				"north": {"uv": [0, 0, 2, 16], "texture": "#2"},
				"east": {"uv": [0, 0, 0, 16], "texture": "#2"},
				"south": {"uv": [0, 0, 2, 16], "texture": "#2"},
				"west": {"uv": [0, 0, 0, 16], "texture": "#2"},
				"up": {"uv": [0, 0, 2, 0], "texture": "#2"},
				"down": {"uv": [0, 0, 2, 0], "texture": "#2"}
			}
		},
		{
			"from": [27, 13, 9],
			"to": [29, 29, 9],
			"faces": {
				"north": {"uv": [2, 0, 4, 16], "texture": "#2"},
				"east": {"uv": [16, 0, 16, 16], "texture": "#2"},
				"south": {"uv": [2, 0, 4, 16], "texture": "#2"},
				"west": {"uv": [16, 0, 16, 16], "texture": "#2"},
				"up": {"uv": [14, 3, 16, 3], "texture": "#2"},
				"down": {"uv": [14, 4, 16, 4], "texture": "#2"}
			}
		},
		{
			"from": [25, 13, 9],
			"to": [27, 29, 9],
			"faces": {
				"north": {"uv": [2, 0, 4, 16], "texture": "#2"},
				"east": {"uv": [16, 0, 16, 16], "texture": "#2"},
				"south": {"uv": [2, 0, 4, 16], "texture": "#2"},
				"west": {"uv": [16, 0, 16, 16], "texture": "#2"},
				"up": {"uv": [14, 3, 16, 3], "texture": "#2"},
				"down": {"uv": [14, 4, 16, 4], "texture": "#2"}
			}
		},
		{
			"from": [23, 13, 9],
			"to": [25, 29, 9],
			"faces": {
				"north": {"uv": [2, 0, 4, 16], "texture": "#2"},
				"east": {"uv": [16, 0, 16, 16], "texture": "#2"},
				"south": {"uv": [2, 0, 4, 16], "texture": "#2"},
				"west": {"uv": [16, 0, 16, 16], "texture": "#2"},
				"up": {"uv": [14, 3, 16, 3], "texture": "#2"},
				"down": {"uv": [14, 4, 16, 4], "texture": "#2"}
			}
		},
		{
			"from": [21, 13, 9],
			"to": [23, 29, 9],
			"faces": {
				"north": {"uv": [2, 0, 4, 16], "texture": "#2"},
				"east": {"uv": [16, 0, 16, 16], "texture": "#2"},
				"south": {"uv": [2, 0, 4, 16], "texture": "#2"},
				"west": {"uv": [16, 0, 16, 16], "texture": "#2"},
				"up": {"uv": [14, 3, 16, 3], "texture": "#2"},
				"down": {"uv": [14, 4, 16, 4], "texture": "#2"}
			}
		},
		{
			"from": [19, 13, 9],
			"to": [21, 29, 9],
			"faces": {
				"north": {"uv": [2, 0, 4, 16], "texture": "#2"},
				"east": {"uv": [16, 0, 16, 16], "texture": "#2"},
				"south": {"uv": [2, 0, 4, 16], "texture": "#2"},
				"west": {"uv": [16, 0, 16, 16], "texture": "#2"},
				"up": {"uv": [14, 3, 16, 3], "texture": "#2"},
				"down": {"uv": [14, 4, 16, 4], "texture": "#2"}
			}
		},
		{
			"from": [19, -3, 9],
			"to": [21, 13, 9],
			"faces": {
				"north": {"uv": [2, 0, 4, 16], "texture": "#2"},
				"east": {"uv": [16, 0, 16, 16], "texture": "#2"},
				"south": {"uv": [2, 0, 4, 16], "texture": "#2"},
				"west": {"uv": [16, 0, 16, 16], "texture": "#2"},
				"up": {"uv": [14, 3, 16, 3], "texture": "#2"},
				"down": {"uv": [14, 4, 16, 4], "texture": "#2"}
			}
		},
		{
			"from": [21, -3, 9],
			"to": [23, 13, 9],
			"faces": {
				"north": {"uv": [2, 0, 4, 16], "texture": "#2"},
				"east": {"uv": [16, 0, 16, 16], "texture": "#2"},
				"south": {"uv": [2, 0, 4, 16], "texture": "#2"},
				"west": {"uv": [16, 0, 16, 16], "texture": "#2"},
				"up": {"uv": [14, 3, 16, 3], "texture": "#2"},
				"down": {"uv": [14, 4, 16, 4], "texture": "#2"}
			}
		},
		{
			"from": [23, -3, 9],
			"to": [25, 13, 9],
			"faces": {
				"north": {"uv": [2, 0, 4, 16], "texture": "#2"},
				"east": {"uv": [16, 0, 16, 16], "texture": "#2"},
				"south": {"uv": [2, 0, 4, 16], "texture": "#2"},
				"west": {"uv": [16, 0, 16, 16], "texture": "#2"},
				"up": {"uv": [14, 3, 16, 3], "texture": "#2"},
				"down": {"uv": [14, 4, 16, 4], "texture": "#2"}
			}
		},
		{
			"from": [25, -3, 9],
			"to": [27, 13, 9],
			"faces": {
				"north": {"uv": [2, 0, 4, 16], "texture": "#2"},
				"east": {"uv": [16, 0, 16, 16], "texture": "#2"},
				"south": {"uv": [2, 0, 4, 16], "texture": "#2"},
				"west": {"uv": [16, 0, 16, 16], "texture": "#2"},
				"up": {"uv": [14, 3, 16, 3], "texture": "#2"},
				"down": {"uv": [14, 4, 16, 4], "texture": "#2"}
			}
		},
		{
			"from": [27, -3, 9],
			"to": [29, 13, 9],
			"faces": {
				"north": {"uv": [2, 0, 4, 16], "texture": "#2"},
				"east": {"uv": [16, 0, 16, 16], "texture": "#2"},
				"south": {"uv": [2, 0, 4, 16], "texture": "#2"},
				"west": {"uv": [16, 0, 16, 16], "texture": "#2"},
				"up": {"uv": [14, 3, 16, 3], "texture": "#2"},
				"down": {"uv": [14, 4, 16, 4], "texture": "#2"}
			}
		},
		{
			"from": [17, -3, 9],
			"to": [19, 13, 9],
			"faces": {
				"north": {"uv": [6, 0, 8, 16], "texture": "#2"},
				"east": {"uv": [0, 0, 0, 16], "texture": "#2"},
				"south": {"uv": [8, 0, 10, 16], "texture": "#2"},
				"west": {"uv": [0, 0, 0, 16], "texture": "#2"},
				"up": {"uv": [0, 0, 2, 0], "texture": "#2"},
				"down": {"uv": [0, 0, 2, 0], "texture": "#2"}
			}
		},
		{
			"from": [17, 13, 9],
			"to": [19, 29, 9],
			"faces": {
				"north": {"uv": [6, 0, 8, 16], "texture": "#2"},
				"east": {"uv": [0, 0, 0, 16], "texture": "#2"},
				"south": {"uv": [8, 0, 10, 16], "texture": "#2"},
				"west": {"uv": [0, 0, 0, 16], "texture": "#2"},
				"up": {"uv": [0, 0, 2, 0], "texture": "#2"},
				"down": {"uv": [0, 0, 2, 0], "texture": "#2"}
			}
		},
		{
			"from": [15, -3, 9],
			"to": [17, 13, 9],
			"faces": {
				"north": {"uv": [4, 0, 6, 16], "texture": "#2"},
				"east": {"uv": [0, 0, 0, 16], "texture": "#2"},
				"south": {"uv": [4, 0, 6, 16], "texture": "#2"},
				"west": {"uv": [0, 0, 0, 16], "texture": "#2"},
				"up": {"uv": [0, 0, 2, 0], "texture": "#2"},
				"down": {"uv": [0, 0, 2, 0], "texture": "#2"}
			}
		},
		{
			"from": [15, 13, 9],
			"to": [17, 29, 9],
			"faces": {
				"north": {"uv": [4, 0, 6, 16], "texture": "#2"},
				"east": {"uv": [0, 0, 0, 16], "texture": "#2"},
				"south": {"uv": [4, 0, 6, 16], "texture": "#2"},
				"west": {"uv": [0, 0, 0, 16], "texture": "#2"},
				"up": {"uv": [0, 0, 2, 0], "texture": "#2"},
				"down": {"uv": [0, 0, 2, 0], "texture": "#2"}
			}
		},
		{
			"from": [13, -3, 9],
			"to": [15, 13, 9],
			"faces": {
				"north": {"uv": [4, 0, 6, 16], "texture": "#2"},
				"east": {"uv": [0, 0, 0, 16], "texture": "#2"},
				"south": {"uv": [4, 0, 6, 16], "texture": "#2"},
				"west": {"uv": [0, 0, 0, 16], "texture": "#2"},
				"up": {"uv": [0, 0, 2, 0], "texture": "#2"},
				"down": {"uv": [0, 0, 2, 0], "texture": "#2"}
			}
		},
		{
			"from": [13, 13, 9],
			"to": [15, 29, 9],
			"faces": {
				"north": {"uv": [4, 0, 6, 16], "texture": "#2"},
				"east": {"uv": [0, 0, 0, 16], "texture": "#2"},
				"south": {"uv": [4, 0, 6, 16], "texture": "#2"},
				"west": {"uv": [0, 0, 0, 16], "texture": "#2"},
				"up": {"uv": [0, 0, 2, 0], "texture": "#2"},
				"down": {"uv": [0, 0, 2, 0], "texture": "#2"}
			}
		},
		{
			"from": [11, -3, 9],
			"to": [13, 13, 9],
			"faces": {
				"north": {"uv": [4, 0, 6, 16], "texture": "#2"},
				"east": {"uv": [0, 0, 0, 16], "texture": "#2"},
				"south": {"uv": [4, 0, 6, 16], "texture": "#2"},
				"west": {"uv": [0, 0, 0, 16], "texture": "#2"},
				"up": {"uv": [0, 0, 2, 0], "texture": "#2"},
				"down": {"uv": [0, 0, 2, 0], "texture": "#2"}
			}
		},
		{
			"from": [11, 13, 9],
			"to": [13, 29, 9],
			"faces": {
				"north": {"uv": [4, 0, 6, 16], "texture": "#2"},
				"east": {"uv": [0, 0, 0, 16], "texture": "#2"},
				"south": {"uv": [4, 0, 6, 16], "texture": "#2"},
				"west": {"uv": [0, 0, 0, 16], "texture": "#2"},
				"up": {"uv": [0, 0, 2, 0], "texture": "#2"},
				"down": {"uv": [0, 0, 2, 0], "texture": "#2"}
			}
		},
		{
			"from": [9, -3, 9],
			"to": [11, 13, 9],
			"faces": {
				"north": {"uv": [4, 0, 6, 16], "texture": "#2"},
				"east": {"uv": [0, 0, 0, 16], "texture": "#2"},
				"south": {"uv": [4, 0, 6, 16], "texture": "#2"},
				"west": {"uv": [0, 0, 0, 16], "texture": "#2"},
				"up": {"uv": [0, 0, 2, 0], "texture": "#2"},
				"down": {"uv": [0, 0, 2, 0], "texture": "#2"}
			}
		},
		{
			"from": [9, 13, 9],
			"to": [11, 29, 9],
			"faces": {
				"north": {"uv": [4, 0, 6, 16], "texture": "#2"},
				"east": {"uv": [0, 0, 0, 16], "texture": "#2"},
				"south": {"uv": [4, 0, 6, 16], "texture": "#2"},
				"west": {"uv": [0, 0, 0, 16], "texture": "#2"},
				"up": {"uv": [0, 0, 2, 0], "texture": "#2"},
				"down": {"uv": [0, 0, 2, 0], "texture": "#2"}
			}
		},
		{
			"from": [7, -3, 9],
			"to": [9, 13, 9],
			"faces": {
				"north": {"uv": [12, 0, 14, 16], "texture": "#2"},
				"east": {"uv": [0, 0, 0, 16], "texture": "#2"},
				"south": {"uv": [10, 0, 12, 16], "texture": "#2"},
				"west": {"uv": [0, 0, 0, 16], "texture": "#2"},
				"up": {"uv": [0, 0, 2, 0], "texture": "#2"},
				"down": {"uv": [0, 0, 2, 0], "texture": "#2"}
			}
		},
		{
			"from": [7, 13, 9],
			"to": [9, 29, 9],
			"faces": {
				"north": {"uv": [12, 0, 14, 16], "texture": "#2"},
				"east": {"uv": [0, 0, 0, 16], "texture": "#2"},
				"south": {"uv": [10, 0, 12, 16], "texture": "#2"},
				"west": {"uv": [0, 0, 0, 16], "texture": "#2"},
				"up": {"uv": [0, 0, 2, 0], "texture": "#2"},
				"down": {"uv": [0, 0, 2, 0], "texture": "#2"}
			}
		},
		{
			"from": [5, -3, 9],
			"to": [7, 13, 9],
			"faces": {
				"north": {"uv": [0, 0, 2, 16], "texture": "#2"},
				"east": {"uv": [0, 0, 0, 16], "texture": "#2"},
				"south": {"uv": [0, 0, 2, 16], "texture": "#2"},
				"west": {"uv": [0, 0, 0, 16], "texture": "#2"},
				"up": {"uv": [0, 0, 2, 0], "texture": "#2"},
				"down": {"uv": [0, 0, 2, 0], "texture": "#2"}
			}
		},
		{
			"from": [5, 13, 9],
			"to": [7, 29, 9],
			"faces": {
				"north": {"uv": [0, 0, 2, 16], "texture": "#2"},
				"east": {"uv": [0, 0, 0, 16], "texture": "#2"},
				"south": {"uv": [0, 0, 2, 16], "texture": "#2"},
				"west": {"uv": [0, 0, 0, 16], "texture": "#2"},
				"up": {"uv": [0, 0, 2, 0], "texture": "#2"},
				"down": {"uv": [0, 0, 2, 0], "texture": "#2"}
			}
		},
		{
			"from": [3, -3, 9],
			"to": [5, 13, 9],
			"faces": {
				"north": {"uv": [0, 0, 2, 16], "texture": "#2"},
				"east": {"uv": [0, 0, 0, 16], "texture": "#2"},
				"south": {"uv": [0, 0, 2, 16], "texture": "#2"},
				"west": {"uv": [0, 0, 0, 16], "texture": "#2"},
				"up": {"uv": [0, 0, 2, 0], "texture": "#2"},
				"down": {"uv": [0, 0, 2, 0], "texture": "#2"}
			}
		},
		{
			"from": [3, 13, 9],
			"to": [5, 29, 9],
			"faces": {
				"north": {"uv": [0, 0, 2, 16], "texture": "#2"},
				"east": {"uv": [0, 0, 0, 16], "texture": "#2"},
				"south": {"uv": [0, 0, 2, 16], "texture": "#2"},
				"west": {"uv": [0, 0, 0, 16], "texture": "#2"},
				"up": {"uv": [0, 0, 2, 0], "texture": "#2"},
				"down": {"uv": [0, 0, 2, 0], "texture": "#2"}
			}
		},
		{
			"from": [1, -3, 9],
			"to": [3, 13, 9],
			"faces": {
				"north": {"uv": [0, 0, 2, 16], "texture": "#2"},
				"east": {"uv": [0, 0, 0, 16], "texture": "#2"},
				"south": {"uv": [0, 0, 2, 16], "texture": "#2"},
				"west": {"uv": [0, 0, 0, 16], "texture": "#2"},
				"up": {"uv": [0, 0, 2, 0], "texture": "#2"},
				"down": {"uv": [0, 0, 2, 0], "texture": "#2"}
			}
		},
		{
			"from": [1, 13, 9],
			"to": [3, 29, 9],
			"faces": {
				"north": {"uv": [0, 0, 2, 16], "texture": "#2"},
				"east": {"uv": [0, 0, 0, 16], "texture": "#2"},
				"south": {"uv": [0, 0, 2, 16], "texture": "#2"},
				"west": {"uv": [0, 0, 0, 16], "texture": "#2"},
				"up": {"uv": [0, 0, 2, 0], "texture": "#2"},
				"down": {"uv": [0, 0, 2, 0], "texture": "#2"}
			}
		},
		{
			"from": [-11, -3, 9],
			"to": [-9, 13, 9],
			"faces": {
				"north": {"uv": [0, 0, 2, 16], "texture": "#2"},
				"east": {"uv": [0, 0, 0, 16], "texture": "#2"},
				"south": {"uv": [0, 0, 2, 16], "texture": "#2"},
				"west": {"uv": [0, 0, 0, 16], "texture": "#2"},
				"up": {"uv": [0, 0, 2, 0], "texture": "#2"},
				"down": {"uv": [0, 0, 2, 0], "texture": "#2"}
			}
		},
		{
			"from": [-11, 13, 9],
			"to": [-9, 29, 9],
			"faces": {
				"north": {"uv": [0, 0, 2, 16], "texture": "#2"},
				"east": {"uv": [0, 0, 0, 16], "texture": "#2"},
				"south": {"uv": [0, 0, 2, 16], "texture": "#2"},
				"west": {"uv": [0, 0, 0, 16], "texture": "#2"},
				"up": {"uv": [0, 0, 2, 0], "texture": "#2"},
				"down": {"uv": [0, 0, 2, 0], "texture": "#2"}
			}
		},
		{
			"from": [-9, 13, 9],
			"to": [-7, 29, 9],
			"faces": {
				"north": {"uv": [0, 0, 2, 16], "texture": "#2"},
				"east": {"uv": [0, 0, 0, 16], "texture": "#2"},
				"south": {"uv": [0, 0, 2, 16], "texture": "#2"},
				"west": {"uv": [0, 0, 0, 16], "texture": "#2"},
				"up": {"uv": [0, 0, 2, 0], "texture": "#2"},
				"down": {"uv": [0, 0, 2, 0], "texture": "#2"}
			}
		},
		{
			"from": [-9, -3, 9],
			"to": [-7, 13, 9],
			"faces": {
				"north": {"uv": [0, 0, 2, 16], "texture": "#2"},
				"east": {"uv": [0, 0, 0, 16], "texture": "#2"},
				"south": {"uv": [0, 0, 2, 16], "texture": "#2"},
				"west": {"uv": [0, 0, 0, 16], "texture": "#2"},
				"up": {"uv": [0, 0, 2, 0], "texture": "#2"},
				"down": {"uv": [0, 0, 2, 0], "texture": "#2"}
			}
		},
		{
			"from": [-13, -3, 9],
			"to": [-11, 13, 9],
			"faces": {
				"north": {"uv": [0, 0, 2, 16], "texture": "#2"},
				"east": {"uv": [0, 0, 0, 16], "texture": "#2"},
				"south": {"uv": [0, 0, 2, 16], "texture": "#2"},
				"west": {"uv": [0, 0, 0, 16], "texture": "#2"},
				"up": {"uv": [0, 0, 2, 0], "texture": "#2"},
				"down": {"uv": [0, 0, 2, 0], "texture": "#2"}
			}
		},
		{
			"from": [-15, -3, 9],
			"to": [-13, 13, 9],
			"faces": {
				"north": {"uv": [0, 0, 2, 16], "texture": "#2"},
				"east": {"uv": [0, 0, 0, 16], "texture": "#2"},
				"south": {"uv": [0, 0, 2, 16], "texture": "#2"},
				"west": {"uv": [0, 0, 0, 16], "texture": "#2"},
				"up": {"uv": [0, 0, 2, 0], "texture": "#2"},
				"down": {"uv": [0, 0, 2, 0], "texture": "#2"}
			}
		},
		{
			"from": [-15, 13, 9],
			"to": [-13, 29, 9],
			"faces": {
				"north": {"uv": [0, 0, 2, 16], "texture": "#2"},
				"east": {"uv": [0, 0, 0, 16], "texture": "#2"},
				"south": {"uv": [0, 0, 2, 16], "texture": "#2"},
				"west": {"uv": [0, 0, 0, 16], "texture": "#2"},
				"up": {"uv": [0, 0, 2, 0], "texture": "#2"},
				"down": {"uv": [0, 0, 2, 0], "texture": "#2"}
			}
		},
		{
			"from": [-13, 13, 9],
			"to": [-11, 29, 9],
			"faces": {
				"north": {"uv": [0, 0, 2, 16], "texture": "#2"},
				"east": {"uv": [0, 0, 0, 16], "texture": "#2"},
				"south": {"uv": [0, 0, 2, 16], "texture": "#2"},
				"west": {"uv": [0, 0, 0, 16], "texture": "#2"},
				"up": {"uv": [0, 0, 2, 0], "texture": "#2"},
				"down": {"uv": [0, 0, 2, 0], "texture": "#2"}
			}
		},
		{
			"from": [-7, -3, 9],
			"to": [-5, 13, 9],
			"faces": {
				"north": {"uv": [0, 0, 2, 16], "texture": "#2"},
				"east": {"uv": [0, 0, 0, 16], "texture": "#2"},
				"south": {"uv": [0, 0, 2, 16], "texture": "#2"},
				"west": {"uv": [0, 0, 0, 16], "texture": "#2"},
				"up": {"uv": [0, 0, 2, 0], "texture": "#2"},
				"down": {"uv": [0, 0, 2, 0], "texture": "#2"}
			}
		},
		{
			"from": [-7, 13, 9],
			"to": [-5, 29, 9],
			"faces": {
				"north": {"uv": [0, 0, 2, 16], "texture": "#2"},
				"east": {"uv": [0, 0, 0, 16], "texture": "#2"},
				"south": {"uv": [0, 0, 2, 16], "texture": "#2"},
				"west": {"uv": [0, 0, 0, 16], "texture": "#2"},
				"up": {"uv": [0, 0, 2, 0], "texture": "#2"},
				"down": {"uv": [0, 0, 2, 0], "texture": "#2"}
			}
		},
		{
			"from": [-5, 13, 9],
			"to": [-3, 29, 9],
			"faces": {
				"north": {"uv": [0, 0, 2, 16], "texture": "#2"},
				"east": {"uv": [0, 0, 0, 16], "texture": "#2"},
				"south": {"uv": [0, 0, 2, 16], "texture": "#2"},
				"west": {"uv": [0, 0, 0, 16], "texture": "#2"},
				"up": {"uv": [0, 0, 2, 0], "texture": "#2"},
				"down": {"uv": [0, 0, 2, 0], "texture": "#2"}
			}
		},
		{
			"from": [-5, -3, 9],
			"to": [-3, 13, 9],
			"faces": {
				"north": {"uv": [0, 0, 2, 16], "texture": "#2"},
				"east": {"uv": [0, 0, 0, 16], "texture": "#2"},
				"south": {"uv": [0, 0, 2, 16], "texture": "#2"},
				"west": {"uv": [0, 0, 0, 16], "texture": "#2"},
				"up": {"uv": [0, 0, 2, 0], "texture": "#2"},
				"down": {"uv": [0, 0, 2, 0], "texture": "#2"}
			}
		},
		{
			"from": [-3, -3, 9],
			"to": [-1, 13, 9],
			"faces": {
				"north": {"uv": [0, 0, 2, 16], "texture": "#2"},
				"east": {"uv": [0, 0, 0, 16], "texture": "#2"},
				"south": {"uv": [0, 0, 2, 16], "texture": "#2"},
				"west": {"uv": [0, 0, 0, 16], "texture": "#2"},
				"up": {"uv": [0, 0, 2, 0], "texture": "#2"},
				"down": {"uv": [0, 0, 2, 0], "texture": "#2"}
			}
		},
		{
			"from": [-3, 13, 9],
			"to": [-1, 29, 9],
			"faces": {
				"north": {"uv": [0, 0, 2, 16], "texture": "#2"},
				"east": {"uv": [0, 0, 0, 16], "texture": "#2"},
				"south": {"uv": [0, 0, 2, 16], "texture": "#2"},
				"west": {"uv": [0, 0, 0, 16], "texture": "#2"},
				"up": {"uv": [0, 0, 2, 0], "texture": "#2"},
				"down": {"uv": [0, 0, 2, 0], "texture": "#2"}
			}
		},
		{
			"from": [-1, 13, 9],
			"to": [1, 29, 9],
			"faces": {
				"north": {"uv": [0, 0, 2, 16], "texture": "#2"},
				"east": {"uv": [0, 0, 0, 16], "texture": "#2"},
				"south": {"uv": [0, 0, 2, 16], "texture": "#2"},
				"west": {"uv": [0, 0, 0, 16], "texture": "#2"},
				"up": {"uv": [0, 0, 2, 0], "texture": "#2"},
				"down": {"uv": [0, 0, 2, 0], "texture": "#2"}
			}
		}
	],
	"display": {
		"head": {
			"translation": [-11.25, -13.75, 0]
		}
	},
	"groups": [
		{
			"name": "FlagPole",
			"origin": [0, 0, 0],
			"color": 0,
			"children": [0, 1, 2, 3]
		},
		{
			"name": "FlagChain",
			"origin": [0, 0, 0],
			"color": 0,
			"children": [4, 5]
		},
		{
			"name": "Flag",
			"origin": [0, 0, 0],
			"color": 0,
			"children": [6, 7, 8, 9, 10, 11, 12, 13, 14, 15, 16, 17, 18, 19, 20, 21, 22, 23, 24, 25, 26, 27, 28, 29, 30, 31, 32, 33, 34, 35, 36, 37, 38, 39, 40, 41, 42, 43, 44, 45, 46, 47, 48, 49]
		}
	]
}