{
  "parent": "minecraft:item/handheld",
  "textures": {
    "layer0": "minecraft:item/blaze_rod"
  },
  "overrides": [
	{"predicate": {"custom_model_data": 1}, "model": "item/flamebasicstaff"},
	{"predicate": {"custom_model_data": 2}, "model": "item/explosionbasicstaff"},
	{"predicate": {"custom_model_data": 3}, "model": "item/windbasicstaff"},
	{"predicate": {"custom_model_data": 4}, "model": "item/icebasicstaff"},
	{"predicate": {"custom_model_data": 5}, "model": "item/waterbasicstaff"},
	{"predicate": {"custom_model_data": 6}, "model": "item/lifebasicstaff"},
	{"predicate": {"custom_model_data": 7}, "model": "item/earthbasicstaff"},
	{"predicate": {"custom_model_data": 8}, "model": "item/mantelbasicstaff"},
	{"predicate": {"custom_model_data": 9}, "model": "item/lightbasicstaff"},
	{"predicate": {"custom_model_data": 10}, "model": "item/voidbasicstaff"}
  ]
}