{
	"credit": "Modelled by Arctic",
	"textures": {
		"0": "block/oak_planks",
		"1": "block/barrel_bottom",
		"2": "block/barrel_side",
		"3": "block/barrel_top",
		"4": "block/anvil_top",
		"5": "block/custom/053",
		"particle": "custom/053"
	},
	"elements": [
		{
			"name": "floor",
			"from": [12.22333, 7.56045, 25.44116],
			"to": [20.22333, 8.06045, 30.94116],
			"rotation": {"angle": 0, "axis": "y", "origin": [12.17, 6.76931, 24.55888]},
			"faces": {
				"north": {"uv": [0, 0, 16, 1], "texture": "#0"},
				"east": {"uv": [0, 0, 11, 1], "texture": "#0"},
				"south": {"uv": [0, 0, 16, 1], "texture": "#0"},
				"west": {"uv": [0, 0, 11, 1], "texture": "#0"},
				"up": {"uv": [0, 0, 11, 16], "rotation": 90, "texture": "#0"},
				"down": {"uv": [0, 0, 16, 11], "texture": "#0"}
			}
		},
		{
			"name": "floor",
			"from": [4.22333, 7.56045, 9.44116],
			"to": [12.22333, 8.06045, 17.44116],
			"rotation": {"angle": 0, "axis": "y", "origin": [12.17, 6.76931, 24.55888]},
			"faces": {
				"north": {"uv": [0, 0, 16, 1], "texture": "#0"},
				"east": {"uv": [0, 0, 16, 1], "texture": "#0"},
				"south": {"uv": [0, 0, 16, 1], "texture": "#0"},
				"west": {"uv": [0, 0, 16, 1], "texture": "#0"},
				"up": {"uv": [0, 0, 16, 16], "rotation": 90, "texture": "#0"},
				"down": {"uv": [0, 0, 16, 16], "texture": "#0"}
			}
		},
		{
			"name": "floor",
			"from": [12.22333, 7.56045, 9.44116],
			"to": [20.22333, 8.06045, 17.44116],
			"rotation": {"angle": 0, "axis": "y", "origin": [12.17, 6.76931, 24.55888]},
			"faces": {
				"north": {"uv": [0, 0, 16, 1], "texture": "#0"},
				"east": {"uv": [0, 0, 16, 1], "texture": "#0"},
				"south": {"uv": [0, 0, 16, 1], "texture": "#0"},
				"west": {"uv": [0, 0, 16, 1], "texture": "#0"},
				"up": {"uv": [0, 0, 16, 16], "rotation": 90, "texture": "#0"},
				"down": {"uv": [0, 0, 16, 16], "texture": "#0"}
			}
		},
		{
			"name": "floor",
			"from": [4.22333, 7.56045, 17.44116],
			"to": [12.22333, 8.06045, 25.44116],
			"rotation": {"angle": 0, "axis": "y", "origin": [12.17, 6.76931, 24.55888]},
			"faces": {
				"north": {"uv": [0, 0, 16, 1], "texture": "#0"},
				"east": {"uv": [0, 0, 16, 1], "texture": "#0"},
				"south": {"uv": [0, 0, 16, 1], "texture": "#0"},
				"west": {"uv": [0, 0, 16, 1], "texture": "#0"},
				"up": {"uv": [0, 0, 16, 16], "rotation": 90, "texture": "#0"},
				"down": {"uv": [0, 0, 16, 16], "texture": "#0"}
			}
		},
		{
			"name": "seats",
			"from": [4.22333, 11.56045, 17.44116],
			"to": [8.22333, 12.06045, 25.44116],
			"rotation": {"angle": 0, "axis": "y", "origin": [12.17, 6.76931, 24.55888]},
			"faces": {
				"north": {"uv": [0, 0, 8, 1], "texture": "#0"},
				"east": {"uv": [0, 0, 16, 1], "texture": "#0"},
				"south": {"uv": [0, 0, 8, 1], "texture": "#0"},
				"west": {"uv": [0, 0, 16, 1], "texture": "#0"},
				"up": {"uv": [0, 0, 16, 8], "rotation": 90, "texture": "#0"},
				"down": {"uv": [0, 0, 8, 16], "texture": "#0"}
			}
		},
		{
			"name": "seats",
			"from": [16.22333, 11.56045, 17.44116],
			"to": [20.22333, 12.06045, 25.44116],
			"rotation": {"angle": 0, "axis": "y", "origin": [12.17, 6.76931, 24.55888]},
			"faces": {
				"north": {"uv": [0, 0, 8, 1], "texture": "#0"},
				"east": {"uv": [0, 0, 16, 1], "texture": "#0"},
				"south": {"uv": [0, 0, 8, 1], "texture": "#0"},
				"west": {"uv": [0, 0, 16, 1], "texture": "#0"},
				"up": {"uv": [0, 0, 16, 8], "rotation": 90, "texture": "#0"},
				"down": {"uv": [0, 0, 8, 16], "texture": "#0"}
			}
		},
		{
			"name": "floor",
			"from": [12.22333, 7.56045, 17.44116],
			"to": [20.22333, 8.06045, 25.44116],
			"rotation": {"angle": 0, "axis": "y", "origin": [12.17, 6.76931, 24.55888]},
			"faces": {
				"north": {"uv": [0, 0, 16, 1], "texture": "#0"},
				"east": {"uv": [0, 0, 16, 1], "texture": "#0"},
				"south": {"uv": [0, 0, 16, 1], "texture": "#0"},
				"west": {"uv": [0, 0, 16, 1], "texture": "#0"},
				"up": {"uv": [0, 0, 16, 16], "rotation": 90, "texture": "#0"},
				"down": {"uv": [0, 0, 16, 16], "texture": "#0"}
			}
		},
		{
			"name": "floor",
			"from": [4.22333, 7.56045, 25.44116],
			"to": [12.22333, 8.06045, 30.94116],
			"rotation": {"angle": 0, "axis": "y", "origin": [12.17, 6.76931, 24.55888]},
			"faces": {
				"north": {"uv": [0, 0, 16, 1], "texture": "#0"},
				"east": {"uv": [0, 0, 11, 1], "texture": "#0"},
				"south": {"uv": [0, 0, 16, 1], "texture": "#0"},
				"west": {"uv": [0, 0, 11, 1], "texture": "#0"},
				"up": {"uv": [0, 0, 11, 16], "rotation": 90, "texture": "#0"},
				"down": {"uv": [0, 0, 16, 11], "texture": "#0"}
			}
		},
		{
			"name": "seats",
			"from": [4.22333, 11.56045, 25.44116],
			"to": [8.22333, 12.06045, 29.94116],
			"rotation": {"angle": 0, "axis": "y", "origin": [12.17, 6.76931, 24.55888]},
			"faces": {
				"north": {"uv": [0, 0, 8, 1], "texture": "#0"},
				"east": {"uv": [0, 0, 9, 1], "texture": "#0"},
				"south": {"uv": [0, 0, 8, 1], "texture": "#0"},
				"west": {"uv": [0, 0, 9, 1], "texture": "#0"},
				"up": {"uv": [0, 0, 9, 8], "rotation": 90, "texture": "#0"},
				"down": {"uv": [0, 0, 8, 9], "texture": "#0"}
			}
		},
		{
			"name": "seats",
			"from": [16.22333, 11.56045, 25.44116],
			"to": [20.22333, 12.06045, 29.94116],
			"rotation": {"angle": 0, "axis": "y", "origin": [12.17, 6.76931, 24.55888]},
			"faces": {
				"north": {"uv": [0, 0, 8, 1], "texture": "#0"},
				"east": {"uv": [0, 0, 9, 1], "texture": "#0"},
				"south": {"uv": [0, 0, 8, 1], "texture": "#0"},
				"west": {"uv": [0, 0, 9, 1], "texture": "#0"},
				"up": {"uv": [0, 0, 9, 8], "rotation": 90, "texture": "#0"},
				"down": {"uv": [0, 0, 8, 9], "texture": "#0"}
			}
		},
		{
			"from": [3.72333, 7.56045, 9.44116],
			"to": [4.22333, 10.06045, 30.94116],
			"rotation": {"angle": 0, "axis": "y", "origin": [12.17, 6.76931, 24.55888]},
			"faces": {
				"north": {"uv": [0, 0, 1, 5], "texture": "#0"},
				"east": {"uv": [0, 0, 16, 5], "texture": "#0"},
				"south": {"uv": [0, 0, 1, 5], "texture": "#0"},
				"west": {"uv": [0, 0, 16, 5], "texture": "#0"},
				"up": {"uv": [0, 0, 1, 16], "texture": "#0"},
				"down": {"uv": [0, 0, 1, 16], "texture": "#0"}
			}
		},
		{
			"from": [20.22333, 7.56045, 9.44116],
			"to": [20.72333, 10.06045, 30.94116],
			"rotation": {"angle": 0, "axis": "y", "origin": [12.17, 6.76931, 24.55888]},
			"faces": {
				"north": {"uv": [0, 0, 1, 5], "texture": "#0"},
				"east": {"uv": [0, 0, 16, 5], "texture": "#0"},
				"south": {"uv": [0, 0, 1, 5], "texture": "#0"},
				"west": {"uv": [0, 0, 16, 5], "texture": "#0"},
				"up": {"uv": [0, 0, 1, 16], "texture": "#0"},
				"down": {"uv": [0, 0, 1, 16], "texture": "#0"}
			}
		},
		{
			"from": [3.72333, 11.06045, 9.44116],
			"to": [4.22333, 13.56045, 30.94116],
			"rotation": {"angle": 0, "axis": "y", "origin": [12.17, 6.76931, 24.55888]},
			"faces": {
				"north": {"uv": [0, 0, 1, 5], "texture": "#0"},
				"east": {"uv": [0, 0, 16, 5], "texture": "#0"},
				"south": {"uv": [0, 0, 1, 5], "texture": "#0"},
				"west": {"uv": [0, 0, 16, 5], "texture": "#0"},
				"up": {"uv": [0, 0, 1, 16], "texture": "#0"},
				"down": {"uv": [0, 0, 1, 16], "texture": "#0"}
			}
		},
		{
			"from": [20.22333, 11.06045, 9.44116],
			"to": [20.72333, 13.56045, 30.94116],
			"rotation": {"angle": 0, "axis": "y", "origin": [12.17, 6.76931, 24.55888]},
			"faces": {
				"north": {"uv": [0, 0, 1, 5], "texture": "#0"},
				"east": {"uv": [0, 0, 16, 5], "texture": "#0"},
				"south": {"uv": [0, 0, 1, 5], "texture": "#0"},
				"west": {"uv": [0, 0, 16, 5], "texture": "#0"},
				"up": {"uv": [0, 0, 1, 16], "texture": "#0"},
				"down": {"uv": [0, 0, 1, 16], "texture": "#0"}
			}
		},
		{
			"from": [3.72333, 7.56045, 30.94116],
			"to": [10.22333, 10.06045, 31.44116],
			"rotation": {"angle": 0, "axis": "y", "origin": [12.17, 6.76931, 24.55888]},
			"faces": {
				"north": {"uv": [0, 0, 13, 5], "texture": "#0"},
				"east": {"uv": [0, 0, 1, 5], "texture": "#0"},
				"south": {"uv": [0, 0, 13, 5], "texture": "#0"},
				"west": {"uv": [0, 0, 1, 5], "texture": "#0"},
				"up": {"uv": [0, 0, 13, 1], "texture": "#0"},
				"down": {"uv": [0, 0, 13, 1], "texture": "#0"}
			}
		},
		{
			"from": [14.22333, 7.56045, 30.94116],
			"to": [20.72333, 10.06045, 31.44116],
			"rotation": {"angle": 0, "axis": "y", "origin": [12.17, 6.76931, 24.55888]},
			"faces": {
				"north": {"uv": [0, 0, 13, 5], "texture": "#0"},
				"east": {"uv": [0, 0, 1, 5], "texture": "#0"},
				"south": {"uv": [0, 0, 13, 5], "texture": "#0"},
				"west": {"uv": [0, 0, 1, 5], "texture": "#0"},
				"up": {"uv": [0, 0, 13, 1], "texture": "#0"},
				"down": {"uv": [0, 0, 13, 1], "texture": "#0"}
			}
		},
		{
			"from": [3.72333, 11.06045, 30.94116],
			"to": [10.22333, 13.56045, 31.44116],
			"rotation": {"angle": 0, "axis": "y", "origin": [12.17, 6.76931, 24.55888]},
			"faces": {
				"north": {"uv": [0, 0, 13, 5], "texture": "#0"},
				"east": {"uv": [0, 0, 1, 5], "texture": "#0"},
				"south": {"uv": [0, 0, 13, 5], "texture": "#0"},
				"west": {"uv": [0, 0, 1, 5], "texture": "#0"},
				"up": {"uv": [0, 0, 13, 1], "texture": "#0"},
				"down": {"uv": [0, 0, 13, 1], "texture": "#0"}
			}
		},
		{
			"from": [14.22333, 11.06045, 30.94116],
			"to": [20.72333, 13.56045, 31.44116],
			"rotation": {"angle": 0, "axis": "y", "origin": [12.17, 6.76931, 24.55888]},
			"faces": {
				"north": {"uv": [0, 0, 13, 5], "texture": "#0"},
				"east": {"uv": [0, 0, 1, 5], "texture": "#0"},
				"south": {"uv": [0, 0, 13, 5], "texture": "#0"},
				"west": {"uv": [0, 0, 1, 5], "texture": "#0"},
				"up": {"uv": [0, 0, 13, 1], "texture": "#0"},
				"down": {"uv": [0, 0, 13, 1], "texture": "#0"}
			}
		},
		{
			"from": [6.72333, 7.06045, 9.44116],
			"to": [8.72333, 7.56045, 28.44116],
			"rotation": {"angle": 0, "axis": "y", "origin": [12.17, 6.76931, 24.55888]},
			"faces": {
				"north": {"uv": [0, 0, 4, 1], "texture": "#0"},
				"east": {"uv": [0, 0, 16, 1], "texture": "#0"},
				"south": {"uv": [0, 0, 4, 1], "texture": "#0"},
				"west": {"uv": [0, 0, 16, 1], "texture": "#0"},
				"up": {"uv": [0, 0, 4, 16], "texture": "#0"},
				"down": {"uv": [0, 0, 16, 3], "rotation": 90, "texture": "#0"}
			}
		},
		{
			"from": [15.72333, 7.06045, 9.44116],
			"to": [17.72333, 7.56045, 28.44116],
			"rotation": {"angle": 0, "axis": "y", "origin": [12.17, 6.76931, 24.55888]},
			"faces": {
				"north": {"uv": [0, 0, 4, 1], "texture": "#0"},
				"east": {"uv": [0, 0, 16, 1], "texture": "#0"},
				"south": {"uv": [0, 0, 4, 1], "texture": "#0"},
				"west": {"uv": [0, 0, 16, 1], "texture": "#0"},
				"up": {"uv": [0, 0, 4, 16], "texture": "#0"},
				"down": {"uv": [0, 0, 16, 3], "rotation": 90, "texture": "#0"}
			}
		},
		{
			"from": [11.22333, 7.06045, 9.44116],
			"to": [13.22333, 7.56045, 28.44116],
			"rotation": {"angle": 0, "axis": "y", "origin": [12.17, 6.76931, 24.55888]},
			"faces": {
				"north": {"uv": [0, 0, 4, 1], "texture": "#0"},
				"east": {"uv": [0, 0, 16, 1], "texture": "#0"},
				"south": {"uv": [0, 0, 4, 1], "texture": "#0"},
				"west": {"uv": [0, 0, 16, 1], "texture": "#0"},
				"up": {"uv": [0, 0, 4, 16], "texture": "#0"},
				"down": {"uv": [0, 0, 16, 3], "rotation": 90, "texture": "#0"}
			}
		},
		{
			"name": "barrel",
			"from": [4.22333, 8.06045, 9.44116],
			"to": [12.22333, 16.06045, 17.44116],
			"rotation": {"angle": 0, "axis": "y", "origin": [12.17, 6.76931, 24.55888]},
			"faces": {
				"north": {"uv": [0, 0, 16, 16], "texture": "#2"},
				"east": {"uv": [0, 0, 16, 16], "texture": "#2"},
				"south": {"uv": [0, 0, 16, 16], "texture": "#2"},
				"west": {"uv": [0, 0, 16, 16], "texture": "#2"},
				"up": {"uv": [0, 0, 16, 16], "texture": "#3"},
				"down": {"uv": [0, 0, 16, 16], "texture": "#1"}
			}
		},
		{
			"from": [21.22333, 4.06045, 30.19116],
			"to": [22.22333, 7.06045, 31.19116],
			"rotation": {"angle": 0, "axis": "y", "origin": [12.17, 6.76931, 24.55888]},
			"faces": {
				"north": {"uv": [0, 0, 2, 6], "texture": "#1"},
				"east": {"uv": [0, 0, 2, 6], "texture": "#1"},
				"south": {"uv": [0, 0, 2, 6], "texture": "#1"},
				"west": {"uv": [0, 0, 2, 6], "texture": "#1"},
				"up": {"uv": [0, 0, 2, 2], "texture": "#1"},
				"down": {"uv": [0, 0, 2, 2], "texture": "#1"}
			}
		},
		{
			"from": [21.22333, 4.06045, 19.19116],
			"to": [22.22333, 7.06045, 20.19116],
			"rotation": {"angle": 0, "axis": "y", "origin": [12.17, 6.76931, 24.55888]},
			"faces": {
				"north": {"uv": [0, 5, 2, 11], "texture": "#1"},
				"east": {"uv": [0, 5, 2, 11], "texture": "#1"},
				"south": {"uv": [0, 5, 2, 11], "texture": "#1"},
				"west": {"uv": [0, 5, 2, 11], "texture": "#1"},
				"up": {"uv": [0, 2, 2, 4], "texture": "#1"},
				"down": {"uv": [0, 2, 2, 4], "texture": "#1"}
			}
		},
		{
			"from": [21.22333, 2.56045, 29.19116],
			"to": [22.22333, 4.56045, 30.19116],
			"rotation": {"angle": 0, "axis": "y", "origin": [12.17, 6.76931, 24.55888]},
			"faces": {
				"north": {"uv": [0, 0, 2, 4], "texture": "#1"},
				"east": {"uv": [0, 0, 2, 4], "texture": "#1"},
				"south": {"uv": [0, 0, 2, 4], "texture": "#1"},
				"west": {"uv": [0, 0, 2, 4], "texture": "#1"},
				"up": {"uv": [0, 0, 2, 2], "texture": "#1"},
				"down": {"uv": [0, 0, 2, 2], "texture": "#1"}
			}
		},
		{
			"from": [21.22333, 2.06045, 28.19116],
			"to": [22.22333, 3.06045, 29.19116],
			"rotation": {"angle": 0, "axis": "y", "origin": [12.17, 6.76931, 24.55888]},
			"faces": {
				"north": {"uv": [0, 0, 2, 2], "texture": "#1"},
				"east": {"uv": [0, 0, 2, 2], "texture": "#1"},
				"south": {"uv": [0, 0, 2, 2], "texture": "#1"},
				"west": {"uv": [0, 0, 2, 2], "texture": "#1"},
				"up": {"uv": [0, 0, 2, 2], "texture": "#1"},
				"down": {"uv": [0, 0, 2, 2], "texture": "#1"}
			}
		},
		{
			"from": [21.22333, 1.06045, 26.69116],
			"to": [22.22333, 2.06045, 28.69116],
			"rotation": {"angle": 0, "axis": "y", "origin": [12.17, 6.76931, 24.55888]},
			"faces": {
				"north": {"uv": [0, 0, 2, 2], "texture": "#1"},
				"east": {"uv": [0, 0, 4, 2], "texture": "#1"},
				"south": {"uv": [0, 0, 2, 2], "texture": "#1"},
				"west": {"uv": [0, 0, 4, 2], "texture": "#1"},
				"up": {"uv": [0, 0, 2, 4], "texture": "#1"},
				"down": {"uv": [0, 0, 2, 4], "texture": "#1"}
			}
		},
		{
			"from": [21.22333, 0.06045, 23.69116],
			"to": [22.22333, 1.06045, 27.19116],
			"rotation": {"angle": 0, "axis": "y", "origin": [12.17, 6.76931, 24.55888]},
			"faces": {
				"north": {"uv": [0, 0, 2, 2], "texture": "#1"},
				"east": {"uv": [0, 0, 7, 2], "texture": "#1"},
				"south": {"uv": [0, 0, 2, 2], "texture": "#1"},
				"west": {"uv": [0, 0, 7, 2], "texture": "#1"},
				"up": {"uv": [0, 0, 2, 7], "texture": "#1"},
				"down": {"uv": [0, 0, 2, 7], "texture": "#1"}
			}
		},
		{
			"from": [21.22333, 1.06045, 21.69116],
			"to": [22.22333, 2.06045, 24.19116],
			"rotation": {"angle": 0, "axis": "y", "origin": [12.17, 6.76931, 24.55888]},
			"faces": {
				"north": {"uv": [0, 0, 2, 2], "texture": "#1"},
				"east": {"uv": [0, 0, 5, 2], "texture": "#1"},
				"south": {"uv": [0, 0, 2, 2], "texture": "#1"},
				"west": {"uv": [0, 0, 5, 2], "texture": "#1"},
				"up": {"uv": [0, 0, 2, 5], "texture": "#1"},
				"down": {"uv": [0, 0, 2, 5], "texture": "#1"}
			}
		},
		{
			"from": [21.22333, 2.06045, 21.19116],
			"to": [22.22333, 3.06045, 22.19116],
			"rotation": {"angle": 0, "axis": "y", "origin": [12.17, 6.76931, 24.55888]},
			"faces": {
				"north": {"uv": [0, 0, 2, 2], "texture": "#1"},
				"east": {"uv": [0, 0, 2, 2], "texture": "#1"},
				"south": {"uv": [0, 0, 2, 2], "texture": "#1"},
				"west": {"uv": [0, 0, 2, 2], "texture": "#1"},
				"up": {"uv": [0, 0, 2, 2], "texture": "#1"},
				"down": {"uv": [0, 0, 2, 2], "texture": "#1"}
			}
		},
		{
			"from": [21.22333, 2.56045, 20.19116],
			"to": [22.22333, 4.56045, 21.19116],
			"rotation": {"angle": 0, "axis": "y", "origin": [12.17, 6.76931, 24.55888]},
			"faces": {
				"north": {"uv": [0, 4, 2, 8], "texture": "#1"},
				"east": {"uv": [0, 4, 2, 8], "texture": "#1"},
				"south": {"uv": [0, 4, 2, 8], "texture": "#1"},
				"west": {"uv": [0, 4, 2, 8], "texture": "#1"},
				"up": {"uv": [0, 2, 2, 4], "texture": "#1"},
				"down": {"uv": [0, 2, 2, 4], "texture": "#1"}
			}
		},
		{
			"from": [21.22333, 6.56045, 20.19116],
			"to": [22.22333, 8.56045, 21.19116],
			"rotation": {"angle": 0, "axis": "y", "origin": [12.17, 6.76931, 24.55888]},
			"faces": {
				"north": {"uv": [0, 8, 2, 12], "texture": "#1"},
				"east": {"uv": [0, 8, 2, 12], "texture": "#1"},
				"south": {"uv": [0, 8, 2, 12], "texture": "#1"},
				"west": {"uv": [0, 8, 2, 12], "texture": "#1"},
				"up": {"uv": [0, 4, 2, 6], "texture": "#1"},
				"down": {"uv": [0, 4, 2, 6], "texture": "#1"}
			}
		},
		{
			"from": [21.22333, 8.06045, 21.19116],
			"to": [22.22333, 9.06045, 22.19116],
			"rotation": {"angle": 0, "axis": "y", "origin": [12.17, 6.76931, 24.55888]},
			"faces": {
				"north": {"uv": [0, 2, 2, 4], "texture": "#1"},
				"east": {"uv": [0, 2, 2, 4], "texture": "#1"},
				"south": {"uv": [0, 2, 2, 4], "texture": "#1"},
				"west": {"uv": [0, 2, 2, 4], "texture": "#1"},
				"up": {"uv": [0, 2, 2, 4], "texture": "#1"},
				"down": {"uv": [0, 2, 2, 4], "texture": "#1"}
			}
		},
		{
			"from": [21.22333, 9.06045, 21.69116],
			"to": [22.22333, 10.06045, 24.19116],
			"rotation": {"angle": 0, "axis": "y", "origin": [12.17, 6.76931, 24.55888]},
			"faces": {
				"north": {"uv": [0, 2, 2, 4], "texture": "#1"},
				"east": {"uv": [0, 2, 5, 4], "texture": "#1"},
				"south": {"uv": [0, 2, 2, 4], "texture": "#1"},
				"west": {"uv": [0, 2, 5, 4], "texture": "#1"},
				"up": {"uv": [0, 5, 2, 10], "texture": "#1"},
				"down": {"uv": [0, 5, 2, 10], "texture": "#1"}
			}
		},
		{
			"from": [21.22333, 10.06045, 23.69116],
			"to": [22.22333, 11.06045, 27.19116],
			"rotation": {"angle": 0, "axis": "y", "origin": [12.17, 6.76931, 24.55888]},
			"faces": {
				"north": {"uv": [0, 2, 2, 4], "texture": "#1"},
				"east": {"uv": [0, 2, 7, 4], "texture": "#1"},
				"south": {"uv": [0, 2, 2, 4], "texture": "#1"},
				"west": {"uv": [0, 2, 7, 4], "texture": "#1"},
				"up": {"uv": [0, 7, 2, 14], "texture": "#1"},
				"down": {"uv": [0, 7, 2, 14], "texture": "#1"}
			}
		},
		{
			"from": [21.22333, 9.06045, 26.69116],
			"to": [22.22333, 10.06045, 28.69116],
			"rotation": {"angle": 0, "axis": "y", "origin": [12.17, 6.76931, 24.55888]},
			"faces": {
				"north": {"uv": [0, 2, 2, 4], "texture": "#1"},
				"east": {"uv": [0, 2, 4, 4], "texture": "#1"},
				"south": {"uv": [0, 2, 2, 4], "texture": "#1"},
				"west": {"uv": [0, 2, 4, 4], "texture": "#1"},
				"up": {"uv": [0, 4, 2, 8], "texture": "#1"},
				"down": {"uv": [0, 4, 2, 8], "texture": "#1"}
			}
		},
		{
			"from": [21.22333, 8.06045, 28.19116],
			"to": [22.22333, 9.06045, 29.19116],
			"rotation": {"angle": 0, "axis": "y", "origin": [12.17, 6.76931, 24.55888]},
			"faces": {
				"north": {"uv": [0, 2, 2, 4], "texture": "#1"},
				"east": {"uv": [0, 2, 2, 4], "texture": "#1"},
				"south": {"uv": [0, 2, 2, 4], "texture": "#1"},
				"west": {"uv": [0, 2, 2, 4], "texture": "#1"},
				"up": {"uv": [0, 2, 2, 4], "texture": "#1"},
				"down": {"uv": [0, 2, 2, 4], "texture": "#1"}
			}
		},
		{
			"from": [21.22333, 6.56045, 29.19116],
			"to": [22.22333, 8.56045, 30.19116],
			"rotation": {"angle": 0, "axis": "y", "origin": [12.17, 6.76931, 24.55888]},
			"faces": {
				"north": {"uv": [0, 4, 2, 8], "texture": "#1"},
				"east": {"uv": [0, 4, 2, 8], "texture": "#1"},
				"south": {"uv": [0, 4, 2, 8], "texture": "#1"},
				"west": {"uv": [0, 4, 2, 8], "texture": "#1"},
				"up": {"uv": [0, 2, 2, 4], "texture": "#1"},
				"down": {"uv": [0, 2, 2, 4], "texture": "#1"}
			}
		},
		{
			"from": [18.72333, 5.31045, 25.19116],
			"to": [22.22333, 5.81045, 25.69116],
			"rotation": {"angle": 0, "axis": "y", "origin": [12.17, 6.76931, 24.55888]},
			"faces": {
				"north": {"uv": [3, 3, 10, 4], "texture": "#4"},
				"east": {"uv": [7, 2, 8, 3], "texture": "#4"},
				"south": {"uv": [5, 3, 12, 4], "texture": "#4"},
				"west": {"uv": [6, 2, 7, 3], "texture": "#4"},
				"up": {"uv": [6, 3, 13, 4], "texture": "#4"},
				"down": {"uv": [4, 3, 11, 4], "texture": "#4"}
			}
		},
		{
			"from": [21.22333, 5.31045, 25.69116],
			"to": [21.72333, 5.81045, 30.19116],
			"rotation": {"angle": 0, "axis": "y", "origin": [12.17, 6.76931, 24.55888]},
			"faces": {
				"north": {"uv": [0, 0, 1, 1], "texture": "#1"},
				"east": {"uv": [0, 0, 9, 1], "texture": "#1"},
				"south": {"uv": [0, 0, 1, 1], "texture": "#1"},
				"west": {"uv": [0, 0, 9, 1], "texture": "#1"},
				"up": {"uv": [0, 0, 1, 9], "texture": "#1"},
				"down": {"uv": [0, 0, 1, 9], "texture": "#1"}
			}
		},
		{
			"from": [21.22333, 5.31045, 20.19116],
			"to": [21.72333, 5.81045, 25.19116],
			"rotation": {"angle": 0, "axis": "y", "origin": [12.17, 6.76931, 24.55888]},
			"faces": {
				"north": {"uv": [0, 0, 1, 1], "texture": "#1"},
				"east": {"uv": [0, 0, 10, 1], "texture": "#1"},
				"south": {"uv": [0, 0, 1, 1], "texture": "#1"},
				"west": {"uv": [0, 0, 10, 1], "texture": "#1"},
				"up": {"uv": [0, 0, 1, 10], "texture": "#1"},
				"down": {"uv": [0, 0, 1, 10], "texture": "#1"}
			}
		},
		{
			"from": [21.22333, 5.04065, 19.35309],
			"to": [21.72333, 5.54065, 24.35309],
			"rotation": {"angle": -45, "axis": "x", "origin": [12.17, 6.76931, 24.55888]},
			"faces": {
				"north": {"uv": [0, 0, 1, 1], "texture": "#1"},
				"east": {"uv": [0, 0, 10, 1], "texture": "#1"},
				"south": {"uv": [0, 0, 1, 1], "texture": "#1"},
				"west": {"uv": [0, 0, 10, 1], "texture": "#1"},
				"up": {"uv": [0, 0, 1, 10], "texture": "#1"},
				"down": {"uv": [0, 0, 1, 10], "texture": "#1"}
			}
		},
		{
			"from": [21.22333, 5.04065, 24.30283],
			"to": [21.72333, 5.54065, 28.80283],
			"rotation": {"angle": -45, "axis": "x", "origin": [12.17, 6.76931, 24.55888]},
			"faces": {
				"north": {"uv": [0, 0, 1, 1], "texture": "#1"},
				"east": {"uv": [0, 0, 9, 1], "texture": "#1"},
				"south": {"uv": [0, 0, 1, 1], "texture": "#1"},
				"west": {"uv": [0, 0, 9, 1], "texture": "#1"},
				"up": {"uv": [0, 0, 1, 9], "texture": "#1"},
				"down": {"uv": [0, 0, 1, 9], "texture": "#1"}
			}
		},
		{
			"from": [21.22333, 6.28839, 21.26977],
			"to": [21.72333, 6.78839, 26.26977],
			"rotation": {"angle": 45, "axis": "x", "origin": [12.17, 6.76931, 24.55888]},
			"faces": {
				"north": {"uv": [0, 0, 1, 1], "texture": "#1"},
				"east": {"uv": [0, 0, 10, 1], "texture": "#1"},
				"south": {"uv": [0, 0, 1, 1], "texture": "#1"},
				"west": {"uv": [0, 0, 10, 1], "texture": "#1"},
				"up": {"uv": [0, 0, 1, 10], "texture": "#1"},
				"down": {"uv": [0, 0, 1, 10], "texture": "#1"}
			}
		},
		{
			"from": [21.22333, 6.28839, 26.21952],
			"to": [21.72333, 6.78839, 30.71952],
			"rotation": {"angle": 45, "axis": "x", "origin": [12.17, 6.76931, 24.55888]},
			"faces": {
				"north": {"uv": [0, 0, 1, 1], "texture": "#1"},
				"east": {"uv": [0, 0, 9, 1], "texture": "#1"},
				"south": {"uv": [0, 0, 1, 1], "texture": "#1"},
				"west": {"uv": [0, 0, 9, 1], "texture": "#1"},
				"up": {"uv": [0, 0, 1, 9], "texture": "#1"},
				"down": {"uv": [0, 0, 1, 9], "texture": "#1"}
			}
		},
		{
			"from": [21.22333, 5.81045, 25.19116],
			"to": [21.72333, 10.31045, 25.69116],
			"rotation": {"angle": 0, "axis": "y", "origin": [12.17, 6.76931, 24.55888]},
			"faces": {
				"north": {"uv": [0, 0, 1, 9], "texture": "#1"},
				"east": {"uv": [0, 0, 1, 9], "texture": "#1"},
				"south": {"uv": [0, 0, 1, 9], "texture": "#1"},
				"west": {"uv": [0, 0, 1, 9], "texture": "#1"},
				"up": {"uv": [0, 0, 1, 1], "texture": "#1"},
				"down": {"uv": [0, 0, 1, 1], "texture": "#1"}
			}
		},
		{
			"from": [21.22333, 0.81045, 25.19116],
			"to": [21.72333, 5.31045, 25.69116],
			"rotation": {"angle": 0, "axis": "y", "origin": [12.17, 6.76931, 24.55888]},
			"faces": {
				"north": {"uv": [0, 0, 1, 9], "texture": "#1"},
				"east": {"uv": [0, 0, 1, 9], "texture": "#1"},
				"south": {"uv": [0, 0, 1, 9], "texture": "#1"},
				"west": {"uv": [0, 0, 1, 9], "texture": "#1"},
				"up": {"uv": [0, 0, 1, 1], "texture": "#1"},
				"down": {"uv": [0, 0, 1, 1], "texture": "#1"}
			}
		},
		{
			"from": [2.22333, 4.06045, 30.19116],
			"to": [3.22333, 7.06045, 31.19116],
			"rotation": {"angle": 0, "axis": "y", "origin": [12.17, 6.76931, 24.55888]},
			"faces": {
				"north": {"uv": [2, 0, 4, 6], "texture": "#1"},
				"east": {"uv": [2, 0, 4, 6], "texture": "#1"},
				"south": {"uv": [2, 0, 4, 6], "texture": "#1"},
				"west": {"uv": [2, 0, 4, 6], "texture": "#1"},
				"up": {"uv": [2, 0, 4, 2], "texture": "#1"},
				"down": {"uv": [2, 0, 4, 2], "texture": "#1"}
			}
		},
		{
			"from": [2.22333, 4.06045, 19.19116],
			"to": [3.22333, 7.06045, 20.19116],
			"rotation": {"angle": 0, "axis": "y", "origin": [12.17, 6.76931, 24.55888]},
			"faces": {
				"north": {"uv": [2, 5, 4, 11], "texture": "#1"},
				"east": {"uv": [2, 5, 4, 11], "texture": "#1"},
				"south": {"uv": [2, 5, 4, 11], "texture": "#1"},
				"west": {"uv": [2, 5, 4, 11], "texture": "#1"},
				"up": {"uv": [2, 2, 4, 4], "texture": "#1"},
				"down": {"uv": [2, 2, 4, 4], "texture": "#1"}
			}
		},
		{
			"from": [2.22333, 2.56045, 29.19116],
			"to": [3.22333, 4.56045, 30.19116],
			"rotation": {"angle": 0, "axis": "y", "origin": [12.17, 6.76931, 24.55888]},
			"faces": {
				"north": {"uv": [2, 0, 4, 4], "texture": "#1"},
				"east": {"uv": [2, 0, 4, 4], "texture": "#1"},
				"south": {"uv": [2, 0, 4, 4], "texture": "#1"},
				"west": {"uv": [2, 0, 4, 4], "texture": "#1"},
				"up": {"uv": [2, 0, 4, 2], "texture": "#1"},
				"down": {"uv": [2, 0, 4, 2], "texture": "#1"}
			}
		},
		{
			"from": [2.22333, 2.06045, 28.19116],
			"to": [3.22333, 3.06045, 29.19116],
			"rotation": {"angle": 0, "axis": "y", "origin": [12.17, 6.76931, 24.55888]},
			"faces": {
				"north": {"uv": [2, 0, 4, 2], "texture": "#1"},
				"east": {"uv": [2, 0, 4, 2], "texture": "#1"},
				"south": {"uv": [2, 0, 4, 2], "texture": "#1"},
				"west": {"uv": [2, 0, 4, 2], "texture": "#1"},
				"up": {"uv": [2, 0, 4, 2], "texture": "#1"},
				"down": {"uv": [2, 0, 4, 2], "texture": "#1"}
			}
		},
		{
			"from": [2.22333, 1.06045, 26.69116],
			"to": [3.22333, 2.06045, 28.69116],
			"rotation": {"angle": 0, "axis": "y", "origin": [12.17, 6.76931, 24.55888]},
			"faces": {
				"north": {"uv": [2, 0, 4, 2], "texture": "#1"},
				"east": {"uv": [4, 0, 8, 2], "texture": "#1"},
				"south": {"uv": [2, 0, 4, 2], "texture": "#1"},
				"west": {"uv": [4, 0, 8, 2], "texture": "#1"},
				"up": {"uv": [2, 0, 4, 4], "texture": "#1"},
				"down": {"uv": [2, 0, 4, 4], "texture": "#1"}
			}
		},
		{
			"from": [2.22333, 0.06045, 23.69116],
			"to": [3.22333, 1.06045, 27.19116],
			"rotation": {"angle": 0, "axis": "y", "origin": [12.17, 6.76931, 24.55888]},
			"faces": {
				"north": {"uv": [2, 0, 4, 2], "texture": "#1"},
				"east": {"uv": [7, 0, 14, 2], "texture": "#1"},
				"south": {"uv": [2, 0, 4, 2], "texture": "#1"},
				"west": {"uv": [7, 0, 14, 2], "texture": "#1"},
				"up": {"uv": [2, 0, 4, 7], "texture": "#1"},
				"down": {"uv": [2, 0, 4, 7], "texture": "#1"}
			}
		},
		{
			"from": [2.22333, 1.06045, 21.69116],
			"to": [3.22333, 2.06045, 24.19116],
			"rotation": {"angle": 0, "axis": "y", "origin": [12.17, 6.76931, 24.55888]},
			"faces": {
				"north": {"uv": [2, 0, 4, 2], "texture": "#1"},
				"east": {"uv": [5, 0, 10, 2], "texture": "#1"},
				"south": {"uv": [2, 0, 4, 2], "texture": "#1"},
				"west": {"uv": [5, 0, 10, 2], "texture": "#1"},
				"up": {"uv": [2, 0, 4, 5], "texture": "#1"},
				"down": {"uv": [2, 0, 4, 5], "texture": "#1"}
			}
		},
		{
			"from": [2.22333, 2.06045, 21.19116],
			"to": [3.22333, 3.06045, 22.19116],
			"rotation": {"angle": 0, "axis": "y", "origin": [12.17, 6.76931, 24.55888]},
			"faces": {
				"north": {"uv": [2, 0, 4, 2], "texture": "#1"},
				"east": {"uv": [2, 0, 4, 2], "texture": "#1"},
				"south": {"uv": [2, 0, 4, 2], "texture": "#1"},
				"west": {"uv": [2, 0, 4, 2], "texture": "#1"},
				"up": {"uv": [2, 0, 4, 2], "texture": "#1"},
				"down": {"uv": [2, 0, 4, 2], "texture": "#1"}
			}
		},
		{
			"from": [2.22333, 2.56045, 20.19116],
			"to": [3.22333, 4.56045, 21.19116],
			"rotation": {"angle": 0, "axis": "y", "origin": [12.17, 6.76931, 24.55888]},
			"faces": {
				"north": {"uv": [2, 4, 4, 8], "texture": "#1"},
				"east": {"uv": [2, 4, 4, 8], "texture": "#1"},
				"south": {"uv": [2, 4, 4, 8], "texture": "#1"},
				"west": {"uv": [2, 4, 4, 8], "texture": "#1"},
				"up": {"uv": [2, 2, 4, 4], "texture": "#1"},
				"down": {"uv": [2, 2, 4, 4], "texture": "#1"}
			}
		},
		{
			"from": [2.22333, 6.56045, 20.19116],
			"to": [3.22333, 8.56045, 21.19116],
			"rotation": {"angle": 0, "axis": "y", "origin": [12.17, 6.76931, 24.55888]},
			"faces": {
				"north": {"uv": [2, 8, 4, 12], "texture": "#1"},
				"east": {"uv": [2, 8, 4, 12], "texture": "#1"},
				"south": {"uv": [2, 8, 4, 12], "texture": "#1"},
				"west": {"uv": [2, 8, 4, 12], "texture": "#1"},
				"up": {"uv": [2, 4, 4, 6], "texture": "#1"},
				"down": {"uv": [2, 4, 4, 6], "texture": "#1"}
			}
		},
		{
			"from": [2.22333, 8.06045, 21.19116],
			"to": [3.22333, 9.06045, 22.19116],
			"rotation": {"angle": 0, "axis": "y", "origin": [12.17, 6.76931, 24.55888]},
			"faces": {
				"north": {"uv": [2, 2, 4, 4], "texture": "#1"},
				"east": {"uv": [2, 2, 4, 4], "texture": "#1"},
				"south": {"uv": [2, 2, 4, 4], "texture": "#1"},
				"west": {"uv": [2, 2, 4, 4], "texture": "#1"},
				"up": {"uv": [2, 2, 4, 4], "texture": "#1"},
				"down": {"uv": [2, 2, 4, 4], "texture": "#1"}
			}
		},
		{
			"from": [2.22333, 9.06045, 21.69116],
			"to": [3.22333, 10.06045, 24.19116],
			"rotation": {"angle": 0, "axis": "y", "origin": [12.17, 6.76931, 24.55888]},
			"faces": {
				"north": {"uv": [2, 2, 4, 4], "texture": "#1"},
				"east": {"uv": [5, 2, 10, 4], "texture": "#1"},
				"south": {"uv": [2, 2, 4, 4], "texture": "#1"},
				"west": {"uv": [5, 2, 10, 4], "texture": "#1"},
				"up": {"uv": [2, 5, 4, 10], "texture": "#1"},
				"down": {"uv": [2, 5, 4, 10], "texture": "#1"}
			}
		},
		{
			"from": [2.22333, 10.06045, 23.69116],
			"to": [3.22333, 11.06045, 27.19116],
			"rotation": {"angle": 0, "axis": "y", "origin": [12.17, 6.76931, 24.55888]},
			"faces": {
				"north": {"uv": [2, 2, 4, 4], "texture": "#1"},
				"east": {"uv": [7, 2, 14, 4], "texture": "#1"},
				"south": {"uv": [2, 2, 4, 4], "texture": "#1"},
				"west": {"uv": [7, 2, 14, 4], "texture": "#1"},
				"up": {"uv": [2, 7, 4, 14], "texture": "#1"},
				"down": {"uv": [2, 7, 4, 14], "texture": "#1"}
			}
		},
		{
			"from": [2.22333, 9.06045, 26.69116],
			"to": [3.22333, 10.06045, 28.69116],
			"rotation": {"angle": 0, "axis": "y", "origin": [12.17, 6.76931, 24.55888]},
			"faces": {
				"north": {"uv": [2, 2, 4, 4], "texture": "#1"},
				"east": {"uv": [4, 2, 8, 4], "texture": "#1"},
				"south": {"uv": [2, 2, 4, 4], "texture": "#1"},
				"west": {"uv": [4, 2, 8, 4], "texture": "#1"},
				"up": {"uv": [2, 4, 4, 8], "texture": "#1"},
				"down": {"uv": [2, 4, 4, 8], "texture": "#1"}
			}
		},
		{
			"from": [2.22333, 8.06045, 28.19116],
			"to": [3.22333, 9.06045, 29.19116],
			"rotation": {"angle": 0, "axis": "y", "origin": [12.17, 6.76931, 24.55888]},
			"faces": {
				"north": {"uv": [2, 2, 4, 4], "texture": "#1"},
				"east": {"uv": [2, 2, 4, 4], "texture": "#1"},
				"south": {"uv": [2, 2, 4, 4], "texture": "#1"},
				"west": {"uv": [2, 2, 4, 4], "texture": "#1"},
				"up": {"uv": [2, 2, 4, 4], "texture": "#1"},
				"down": {"uv": [2, 2, 4, 4], "texture": "#1"}
			}
		},
		{
			"from": [2.22333, 6.56045, 29.19116],
			"to": [3.22333, 8.56045, 30.19116],
			"rotation": {"angle": 0, "axis": "y", "origin": [12.17, 6.76931, 24.55888]},
			"faces": {
				"north": {"uv": [2, 4, 4, 8], "texture": "#1"},
				"east": {"uv": [2, 4, 4, 8], "texture": "#1"},
				"south": {"uv": [2, 4, 4, 8], "texture": "#1"},
				"west": {"uv": [2, 4, 4, 8], "texture": "#1"},
				"up": {"uv": [2, 2, 4, 4], "texture": "#1"},
				"down": {"uv": [2, 2, 4, 4], "texture": "#1"}
			}
		},
		{
			"from": [2.22333, 5.31045, 25.19116],
			"to": [5.72333, 5.81045, 25.69116],
			"rotation": {"angle": 0, "axis": "y", "origin": [12.17, 6.76931, 24.55888]},
			"faces": {
				"north": {"uv": [3, 3, 10, 4], "texture": "#4"},
				"east": {"uv": [7, 2, 8, 3], "texture": "#4"},
				"south": {"uv": [5, 3, 12, 4], "texture": "#4"},
				"west": {"uv": [6, 2, 7, 3], "texture": "#4"},
				"up": {"uv": [6, 3, 13, 4], "texture": "#4"},
				"down": {"uv": [4, 3, 11, 4], "texture": "#4"}
			}
		},
		{
			"from": [5.72333, 5.18545, 25.06616],
			"to": [18.72333, 5.93545, 25.81616],
			"rotation": {"angle": 0, "axis": "y", "origin": [12.17, 6.76931, 24.55888]},
			"faces": {
				"north": {"uv": [7, 0, 9, 16], "rotation": 90, "texture": "#4"},
				"east": {"uv": [7, 0, 9, 16], "rotation": 90, "texture": "#4"},
				"south": {"uv": [7, 0, 9, 16], "rotation": 90, "texture": "#4"},
				"west": {"uv": [7, 0, 9, 16], "rotation": 90, "texture": "#4"},
				"up": {"uv": [7, 0, 9, 16], "rotation": 90, "texture": "#4"},
				"down": {"uv": [7, 0, 9, 16], "rotation": 90, "texture": "#4"}
			}
		},
		{
			"from": [6.72333, 5.08545, 24.91616],
			"to": [8.72333, 7.03545, 25.91616],
			"rotation": {"angle": 0, "axis": "y", "origin": [12.17, 6.76931, 24.55888]},
			"faces": {
				"north": {"uv": [7, 0, 9, 16], "rotation": 90, "texture": "#4"},
				"east": {"uv": [7, 0, 9, 16], "rotation": 90, "texture": "#4"},
				"south": {"uv": [7, 0, 9, 16], "rotation": 90, "texture": "#4"},
				"west": {"uv": [7, 0, 9, 16], "rotation": 90, "texture": "#4"},
				"up": {"uv": [7, 0, 9, 16], "rotation": 90, "texture": "#4"},
				"down": {"uv": [7, 0, 9, 16], "rotation": 90, "texture": "#4"}
			}
		},
		{
			"from": [15.72333, 5.08545, 24.91616],
			"to": [17.72333, 7.03545, 25.91616],
			"rotation": {"angle": 0, "axis": "y", "origin": [12.17, 6.76931, 24.55888]},
			"faces": {
				"north": {"uv": [7, 0, 9, 16], "rotation": 90, "texture": "#4"},
				"east": {"uv": [7, 0, 9, 16], "rotation": 90, "texture": "#4"},
				"south": {"uv": [7, 0, 9, 16], "rotation": 90, "texture": "#4"},
				"west": {"uv": [7, 0, 9, 16], "rotation": 90, "texture": "#4"},
				"up": {"uv": [7, 0, 9, 16], "rotation": 90, "texture": "#4"},
				"down": {"uv": [7, 0, 9, 16], "rotation": 90, "texture": "#4"}
			}
		},
		{
			"from": [2.72333, 5.31045, 25.69116],
			"to": [3.22333, 5.81045, 30.19116],
			"rotation": {"angle": 0, "axis": "y", "origin": [12.17, 6.76931, 24.55888]},
			"faces": {
				"north": {"uv": [1, 0, 2, 1], "texture": "#1"},
				"east": {"uv": [7, 0, 16, 1], "texture": "#1"},
				"south": {"uv": [1, 0, 2, 1], "texture": "#1"},
				"west": {"uv": [7, 0, 16, 1], "texture": "#1"},
				"up": {"uv": [1, 0, 2, 9], "texture": "#1"},
				"down": {"uv": [1, 0, 2, 9], "texture": "#1"}
			}
		},
		{
			"from": [2.72333, 5.31045, 20.19116],
			"to": [3.22333, 5.81045, 25.19116],
			"rotation": {"angle": 0, "axis": "y", "origin": [12.17, 6.76931, 24.55888]},
			"faces": {
				"north": {"uv": [1, 0, 2, 1], "texture": "#1"},
				"east": {"uv": [6, 0, 16, 1], "texture": "#1"},
				"south": {"uv": [1, 0, 2, 1], "texture": "#1"},
				"west": {"uv": [6, 0, 16, 1], "texture": "#1"},
				"up": {"uv": [1, 0, 2, 10], "texture": "#1"},
				"down": {"uv": [1, 0, 2, 10], "texture": "#1"}
			}
		},
		{
			"from": [2.72333, 5.04065, 19.35309],
			"to": [3.22333, 5.54065, 24.35309],
			"rotation": {"angle": -45, "axis": "x", "origin": [12.17, 6.76931, 24.55888]},
			"faces": {
				"north": {"uv": [1, 0, 2, 1], "texture": "#1"},
				"east": {"uv": [6, 0, 16, 1], "texture": "#1"},
				"south": {"uv": [1, 0, 2, 1], "texture": "#1"},
				"west": {"uv": [6, 0, 16, 1], "texture": "#1"},
				"up": {"uv": [1, 0, 2, 10], "texture": "#1"},
				"down": {"uv": [1, 0, 2, 10], "texture": "#1"}
			}
		},
		{
			"from": [2.72333, 5.04065, 24.30283],
			"to": [3.22333, 5.54065, 28.80283],
			"rotation": {"angle": -45, "axis": "x", "origin": [12.17, 6.76931, 24.55888]},
			"faces": {
				"north": {"uv": [1, 0, 2, 1], "texture": "#1"},
				"east": {"uv": [7, 0, 16, 1], "texture": "#1"},
				"south": {"uv": [1, 0, 2, 1], "texture": "#1"},
				"west": {"uv": [7, 0, 16, 1], "texture": "#1"},
				"up": {"uv": [1, 0, 2, 9], "texture": "#1"},
				"down": {"uv": [1, 0, 2, 9], "texture": "#1"}
			}
		},
		{
			"from": [2.72333, 6.28839, 21.26977],
			"to": [3.22333, 6.78839, 26.26977],
			"rotation": {"angle": 45, "axis": "x", "origin": [12.17, 6.76931, 24.55888]},
			"faces": {
				"north": {"uv": [1, 0, 2, 1], "texture": "#1"},
				"east": {"uv": [6, 0, 16, 1], "texture": "#1"},
				"south": {"uv": [1, 0, 2, 1], "texture": "#1"},
				"west": {"uv": [6, 0, 16, 1], "texture": "#1"},
				"up": {"uv": [1, 0, 2, 10], "texture": "#1"},
				"down": {"uv": [1, 0, 2, 10], "texture": "#1"}
			}
		},
		{
			"from": [2.72333, 6.28839, 26.21952],
			"to": [3.22333, 6.78839, 30.71952],
			"rotation": {"angle": 45, "axis": "x", "origin": [12.17, 6.76931, 24.55888]},
			"faces": {
				"north": {"uv": [1, 0, 2, 1], "texture": "#1"},
				"east": {"uv": [7, 0, 16, 1], "texture": "#1"},
				"south": {"uv": [1, 0, 2, 1], "texture": "#1"},
				"west": {"uv": [7, 0, 16, 1], "texture": "#1"},
				"up": {"uv": [1, 0, 2, 9], "texture": "#1"},
				"down": {"uv": [1, 0, 2, 9], "texture": "#1"}
			}
		},
		{
			"from": [2.72333, 5.81045, 25.19116],
			"to": [3.22333, 10.31045, 25.69116],
			"rotation": {"angle": 0, "axis": "y", "origin": [12.17, 6.76931, 24.55888]},
			"faces": {
				"north": {"uv": [1, 0, 2, 9], "texture": "#1"},
				"east": {"uv": [1, 0, 2, 9], "texture": "#1"},
				"south": {"uv": [1, 0, 2, 9], "texture": "#1"},
				"west": {"uv": [1, 0, 2, 9], "texture": "#1"},
				"up": {"uv": [1, 0, 2, 1], "texture": "#1"},
				"down": {"uv": [1, 0, 2, 1], "texture": "#1"}
			}
		},
		{
			"from": [2.72333, 0.81045, 25.19116],
			"to": [3.22333, 5.31045, 25.69116],
			"rotation": {"angle": 0, "axis": "y", "origin": [12.17, 6.76931, 24.55888]},
			"faces": {
				"north": {"uv": [1, 0, 2, 9], "texture": "#1"},
				"east": {"uv": [1, 0, 2, 9], "texture": "#1"},
				"south": {"uv": [1, 0, 2, 9], "texture": "#1"},
				"west": {"uv": [1, 0, 2, 9], "texture": "#1"},
				"up": {"uv": [1, 0, 2, 1], "texture": "#1"},
				"down": {"uv": [1, 0, 2, 1], "texture": "#1"}
			}
		},
		{
			"name": "floor",
			"from": [4.22333, 7.56045, 1.44116],
			"to": [12.22333, 8.06045, 9.44116],
			"rotation": {"angle": 0, "axis": "y", "origin": [8.22333, 11.56045, 13.44116]},
			"faces": {
				"north": {"uv": [0, 0, 16, 1], "texture": "#0"},
				"east": {"uv": [0, 0, 16, 1], "texture": "#0"},
				"south": {"uv": [0, 0, 16, 1], "texture": "#0"},
				"west": {"uv": [0, 0, 16, 1], "texture": "#0"},
				"up": {"uv": [0, 0, 16, 16], "rotation": 90, "texture": "#0"},
				"down": {"uv": [0, 0, 16, 16], "texture": "#0"}
			}
		},
		{
			"name": "floor",
			"from": [12.22333, 7.56045, 1.44116],
			"to": [20.22333, 8.06045, 9.44116],
			"rotation": {"angle": 0, "axis": "y", "origin": [16.22333, 11.56045, 13.44116]},
			"faces": {
				"north": {"uv": [0, 0, 16, 1], "texture": "#0"},
				"east": {"uv": [0, 0, 16, 1], "texture": "#0"},
				"south": {"uv": [0, 0, 16, 1], "texture": "#0"},
				"west": {"uv": [0, 0, 16, 1], "texture": "#0"},
				"up": {"uv": [0, 0, 16, 16], "rotation": 90, "texture": "#0"},
				"down": {"uv": [0, 0, 16, 16], "texture": "#0"}
			}
		},
		{
			"name": "floor",
			"from": [12.22333, 8.06045, 1.44116],
			"to": [20.22333, 16.06045, 9.44116],
			"rotation": {"angle": 0, "axis": "y", "origin": [16.22333, 12.06045, 13.44116]},
			"faces": {
				"north": {"uv": [0, 0, 16, 16], "texture": "#2"},
				"east": {"uv": [0, 0, 16, 16], "texture": "#2"},
				"south": {"uv": [0, 0, 16, 16], "texture": "#2"},
				"west": {"uv": [0, 0, 16, 16], "texture": "#2"},
				"up": {"uv": [0, 0, 16, 16], "rotation": 90, "texture": "#3"},
				"down": {"uv": [0, 0, 16, 16], "texture": "#2"}
			}
		},
		{
			"name": "floor",
			"from": [4.22333, 8.06045, 1.44116],
			"to": [12.22333, 16.06045, 9.44116],
			"rotation": {"angle": 0, "axis": "y", "origin": [8.22333, 12.06045, 13.44116]},
			"faces": {
				"north": {"uv": [0, 0, 16, 16], "texture": "#5"},
				"east": {"uv": [0, 0, 16, 16], "texture": "#5"},
				"south": {"uv": [0, 0, 16, 16], "texture": "#5"},
				"west": {"uv": [0, 0, 16, 16], "texture": "#5"},
				"up": {"uv": [0, 0, 16, 16], "rotation": 90, "texture": "#5"},
				"down": {"uv": [0, 0, 16, 16], "texture": "#5"}
			}
		},
		{
			"from": [3.72333, 7.56045, -1.05884],
			"to": [4.22333, 10.06045, 9.44116],
			"rotation": {"angle": 0, "axis": "y", "origin": [7.72333, 11.56045, -8.05884]},
			"faces": {
				"north": {"uv": [0, 0, 1, 5], "texture": "#0"},
				"east": {"uv": [0, 0, 16, 5], "texture": "#0"},
				"south": {"uv": [0, 0, 1, 5], "texture": "#0"},
				"west": {"uv": [0, 0, 16, 5], "texture": "#0"},
				"up": {"uv": [0, 0, 1, 16], "texture": "#0"},
				"down": {"uv": [0, 0, 1, 16], "texture": "#0"}
			}
		},
		{
			"from": [20.22333, 7.56045, -1.05884],
			"to": [20.72333, 10.06045, 9.44116],
			"rotation": {"angle": 0, "axis": "y", "origin": [24.22333, 11.56045, -8.05884]},
			"faces": {
				"north": {"uv": [0, 0, 1, 5], "texture": "#0"},
				"east": {"uv": [0, 0, 16, 5], "texture": "#0"},
				"south": {"uv": [0, 0, 1, 5], "texture": "#0"},
				"west": {"uv": [0, 0, 16, 5], "texture": "#0"},
				"up": {"uv": [0, 0, 1, 16], "texture": "#0"},
				"down": {"uv": [0, 0, 1, 16], "texture": "#0"}
			}
		},
		{
			"from": [3.72333, 11.06045, -1.05884],
			"to": [4.22333, 13.56045, 9.44116],
			"rotation": {"angle": 0, "axis": "y", "origin": [7.72333, 15.06045, -8.05884]},
			"faces": {
				"north": {"uv": [0, 0, 1, 5], "texture": "#0"},
				"east": {"uv": [0, 0, 16, 5], "texture": "#0"},
				"south": {"uv": [0, 0, 1, 5], "texture": "#0"},
				"west": {"uv": [0, 0, 16, 5], "texture": "#0"},
				"up": {"uv": [0, 0, 1, 16], "texture": "#0"},
				"down": {"uv": [0, 0, 1, 16], "texture": "#0"}
			}
		},
		{
			"from": [20.22333, 11.06045, -1.05884],
			"to": [20.72333, 13.56045, 9.44116],
			"rotation": {"angle": 0, "axis": "y", "origin": [24.22333, 15.06045, -8.05884]},
			"faces": {
				"north": {"uv": [0, 0, 1, 5], "texture": "#0"},
				"east": {"uv": [0, 0, 16, 5], "texture": "#0"},
				"south": {"uv": [0, 0, 1, 5], "texture": "#0"},
				"west": {"uv": [0, 0, 16, 5], "texture": "#0"},
				"up": {"uv": [0, 0, 1, 16], "texture": "#0"},
				"down": {"uv": [0, 0, 1, 16], "texture": "#0"}
			}
		},
		{
			"from": [4.22333, 7.56045, 0.94116],
			"to": [9.72333, 10.06045, 1.44116],
			"rotation": {"angle": 0, "axis": "y", "origin": [11.72333, 11.56045, 4.94116]},
			"faces": {
				"north": {"uv": [0, 0, 11, 5], "texture": "#0"},
				"east": {"uv": [0, 0, 1, 5], "texture": "#0"},
				"south": {"uv": [0, 0, 11, 5], "texture": "#0"},
				"west": {"uv": [0, 0, 1, 5], "texture": "#0"},
				"up": {"uv": [0, 0, 11, 1], "texture": "#0"},
				"down": {"uv": [0, 0, 11, 1], "texture": "#0"}
			}
		},
		{
			"from": [14.72333, 7.56045, 0.94116],
			"to": [20.22333, 10.06045, 1.44116],
			"rotation": {"angle": 0, "axis": "y", "origin": [22.22333, 11.56045, 4.94116]},
			"faces": {
				"north": {"uv": [0, 0, 11, 5], "texture": "#0"},
				"east": {"uv": [0, 0, 1, 5], "texture": "#0"},
				"south": {"uv": [0, 0, 11, 5], "texture": "#0"},
				"west": {"uv": [0, 0, 1, 5], "texture": "#0"},
				"up": {"uv": [0, 0, 11, 1], "texture": "#0"},
				"down": {"uv": [0, 0, 11, 1], "texture": "#0"}
			}
		},
		{
			"from": [4.22333, 11.06045, 0.94116],
			"to": [20.22333, 13.56045, 1.44116],
			"rotation": {"angle": 0, "axis": "y", "origin": [22.22333, 15.06045, 4.94116]},
			"faces": {
				"north": {"uv": [0, 0, 16, 5], "texture": "#0"},
				"east": {"uv": [0, 0, 1, 5], "texture": "#0"},
				"south": {"uv": [0, 0, 16, 5], "texture": "#0"},
				"west": {"uv": [0, 0, 1, 5], "texture": "#0"},
				"up": {"uv": [0, 0, 16, 1], "texture": "#0"},
				"down": {"uv": [0, 0, 16, 1], "texture": "#0"}
			}
		},
		{
			"from": [6.72333, 7.06045, -1.05884],
			"to": [8.72333, 7.56045, 6.94116],
			"rotation": {"angle": 0, "axis": "y", "origin": [11.22333, 11.06045, -3.05884]},
			"faces": {
				"north": {"uv": [0, 0, 4, 1], "texture": "#0"},
				"east": {"uv": [0, 0, 16, 1], "texture": "#0"},
				"south": {"uv": [0, 0, 4, 1], "texture": "#0"},
				"west": {"uv": [0, 0, 16, 1], "texture": "#0"},
				"up": {"uv": [0, 0, 4, 16], "texture": "#0"},
				"down": {"uv": [0, 0, 16, 3], "rotation": 90, "texture": "#0"}
			}
		},
		{
			"from": [15.72333, 7.06045, -1.05884],
			"to": [17.72333, 7.56045, 6.94116],
			"rotation": {"angle": 0, "axis": "y", "origin": [20.22333, 11.06045, -3.05884]},
			"faces": {
				"north": {"uv": [0, 0, 4, 1], "texture": "#0"},
				"east": {"uv": [0, 0, 16, 1], "texture": "#0"},
				"south": {"uv": [0, 0, 4, 1], "texture": "#0"},
				"west": {"uv": [0, 0, 16, 1], "texture": "#0"},
				"up": {"uv": [0, 0, 4, 16], "texture": "#0"},
				"down": {"uv": [0, 0, 16, 3], "rotation": 90, "texture": "#0"}
			}
		},
		{
			"from": [11.22333, 7.06045, -2.55884],
			"to": [13.22333, 7.56045, 6.94116],
			"rotation": {"angle": 0, "axis": "y", "origin": [15.72333, 11.06045, -3.05884]},
			"faces": {
				"north": {"uv": [0, 0, 4, 1], "texture": "#0"},
				"east": {"uv": [0, 0, 16, 1], "texture": "#0"},
				"south": {"uv": [0, 0, 4, 1], "texture": "#0"},
				"west": {"uv": [0, 0, 16, 1], "texture": "#0"},
				"up": {"uv": [0, 0, 4, 16], "texture": "#0"},
				"down": {"uv": [0, 0, 16, 3], "rotation": 90, "texture": "#0"}
			}
		},
		{
			"from": [11.22333, 6.06045, -12.05884],
			"to": [13.22333, 7.06045, -0.55884],
			"rotation": {"angle": 0, "axis": "y", "origin": [16.22333, 10.56045, -12.55884]},
			"faces": {
				"north": {"uv": [0, 0, 4, 1], "texture": "#1"},
				"east": {"uv": [0, 0, 16, 1], "texture": "#1"},
				"south": {"uv": [0, 0, 4, 1], "texture": "#1"},
				"west": {"uv": [0, 0, 16, 1], "texture": "#1"},
				"up": {"uv": [1, 0, 5, 16], "texture": "#1"},
				"down": {"uv": [0, 1, 16, 4], "rotation": 90, "texture": "#1"}
			}
		},
		{
			"from": [13.22333, 6.06045, -12.05884],
			"to": [13.72333, 7.06045, -9.05884],
			"rotation": {"angle": 0, "axis": "y", "origin": [15.22333, 3.06045, -7.55884]},
			"faces": {
				"north": {"uv": [0, 0, 1, 2], "texture": "#1"},
				"east": {"uv": [0, 0, 6, 2], "texture": "#1"},
				"south": {"uv": [0, 0, 1, 2], "texture": "#1"},
				"west": {"uv": [0, 0, 6, 2], "texture": "#1"},
				"up": {"uv": [0, 0, 1, 6], "texture": "#1"},
				"down": {"uv": [0, 0, 1, 6], "texture": "#1"}
			}
		},
		{
			"from": [10.72333, 6.06045, -12.05884],
			"to": [11.22333, 7.06045, -9.05884],
			"rotation": {"angle": 0, "axis": "y", "origin": [12.72333, 3.06045, -7.55884]},
			"faces": {
				"north": {"uv": [0, 0, 1, 2], "texture": "#1"},
				"east": {"uv": [0, 0, 6, 2], "texture": "#1"},
				"south": {"uv": [0, 0, 1, 2], "texture": "#1"},
				"west": {"uv": [0, 0, 6, 2], "texture": "#1"},
				"up": {"uv": [0, 0, 1, 6], "texture": "#1"},
				"down": {"uv": [0, 0, 1, 6], "texture": "#1"}
			}
		},
		{
			"from": [4.22333, 9.56045, -3.05884],
			"to": [20.22333, 10.06045, 0.94116],
			"rotation": {"angle": 0, "axis": "y", "origin": [8.22333, 13.56045, 1.44116]},
			"faces": {
				"north": {"uv": [0, 0, 16, 1], "texture": "#0"},
				"east": {"uv": [0, 0, 8, 1], "texture": "#0"},
				"south": {"uv": [0, 0, 16, 1], "texture": "#0"},
				"west": {"uv": [0, 0, 8, 1], "texture": "#0"},
				"up": {"uv": [0, 0, 16, 8], "texture": "#0"},
				"down": {"uv": [0, 0, 16, 8], "texture": "#0"}
			}
		},
		{
			"from": [21.22333, 4.06045, 8.19116],
			"to": [22.22333, 7.06045, 9.19116],
			"rotation": {"angle": 0, "axis": "y", "origin": [12.17, 6.76931, 2.55888]},
			"faces": {
				"north": {"uv": [0, 0, 2, 6], "texture": "#1"},
				"east": {"uv": [0, 0, 2, 6], "texture": "#1"},
				"south": {"uv": [0, 0, 2, 6], "texture": "#1"},
				"west": {"uv": [0, 0, 2, 6], "texture": "#1"},
				"up": {"uv": [0, 0, 2, 2], "texture": "#1"},
				"down": {"uv": [0, 0, 2, 2], "texture": "#1"}
			}
		},
		{
			"from": [21.22333, 4.06045, -2.80884],
			"to": [22.22333, 7.06045, -1.80884],
			"rotation": {"angle": 0, "axis": "y", "origin": [12.17, 6.76931, 2.55888]},
			"faces": {
				"north": {"uv": [0, 5, 2, 11], "texture": "#1"},
				"east": {"uv": [0, 5, 2, 11], "texture": "#1"},
				"south": {"uv": [0, 5, 2, 11], "texture": "#1"},
				"west": {"uv": [0, 5, 2, 11], "texture": "#1"},
				"up": {"uv": [0, 2, 2, 4], "texture": "#1"},
				"down": {"uv": [0, 2, 2, 4], "texture": "#1"}
			}
		},
		{
			"from": [21.22333, 2.56045, 7.19116],
			"to": [22.22333, 4.56045, 8.19116],
			"rotation": {"angle": 0, "axis": "y", "origin": [12.17, 6.76931, 2.55888]},
			"faces": {
				"north": {"uv": [0, 0, 2, 4], "texture": "#1"},
				"east": {"uv": [0, 0, 2, 4], "texture": "#1"},
				"south": {"uv": [0, 0, 2, 4], "texture": "#1"},
				"west": {"uv": [0, 0, 2, 4], "texture": "#1"},
				"up": {"uv": [0, 0, 2, 2], "texture": "#1"},
				"down": {"uv": [0, 0, 2, 2], "texture": "#1"}
			}
		},
		{
			"from": [21.22333, 2.06045, 6.19116],
			"to": [22.22333, 3.06045, 7.19116],
			"rotation": {"angle": 0, "axis": "y", "origin": [12.17, 6.76931, 2.55888]},
			"faces": {
				"north": {"uv": [0, 0, 2, 2], "texture": "#1"},
				"east": {"uv": [0, 0, 2, 2], "texture": "#1"},
				"south": {"uv": [0, 0, 2, 2], "texture": "#1"},
				"west": {"uv": [0, 0, 2, 2], "texture": "#1"},
				"up": {"uv": [0, 0, 2, 2], "texture": "#1"},
				"down": {"uv": [0, 0, 2, 2], "texture": "#1"}
			}
		},
		{
			"from": [21.22333, 1.06045, 4.69116],
			"to": [22.22333, 2.06045, 6.69116],
			"rotation": {"angle": 0, "axis": "y", "origin": [12.17, 6.76931, 2.55888]},
			"faces": {
				"north": {"uv": [0, 0, 2, 2], "texture": "#1"},
				"east": {"uv": [0, 0, 4, 2], "texture": "#1"},
				"south": {"uv": [0, 0, 2, 2], "texture": "#1"},
				"west": {"uv": [0, 0, 4, 2], "texture": "#1"},
				"up": {"uv": [0, 0, 2, 4], "texture": "#1"},
				"down": {"uv": [0, 0, 2, 4], "texture": "#1"}
			}
		},
		{
			"from": [21.22333, 0.06045, 1.69116],
			"to": [22.22333, 1.06045, 5.19116],
			"rotation": {"angle": 0, "axis": "y", "origin": [12.17, 6.76931, 2.55888]},
			"faces": {
				"north": {"uv": [0, 0, 2, 2], "texture": "#1"},
				"east": {"uv": [0, 0, 7, 2], "texture": "#1"},
				"south": {"uv": [0, 0, 2, 2], "texture": "#1"},
				"west": {"uv": [0, 0, 7, 2], "texture": "#1"},
				"up": {"uv": [0, 0, 2, 7], "texture": "#1"},
				"down": {"uv": [0, 0, 2, 7], "texture": "#1"}
			}
		},
		{
			"from": [21.22333, 1.06045, -0.30884],
			"to": [22.22333, 2.06045, 2.19116],
			"rotation": {"angle": 0, "axis": "y", "origin": [12.17, 6.76931, 2.55888]},
			"faces": {
				"north": {"uv": [0, 0, 2, 2], "texture": "#1"},
				"east": {"uv": [0, 0, 5, 2], "texture": "#1"},
				"south": {"uv": [0, 0, 2, 2], "texture": "#1"},
				"west": {"uv": [0, 0, 5, 2], "texture": "#1"},
				"up": {"uv": [0, 0, 2, 5], "texture": "#1"},
				"down": {"uv": [0, 0, 2, 5], "texture": "#1"}
			}
		},
		{
			"from": [21.22333, 2.06045, -0.80884],
			"to": [22.22333, 3.06045, 0.19116],
			"rotation": {"angle": 0, "axis": "y", "origin": [12.17, 6.76931, 2.55888]},
			"faces": {
				"north": {"uv": [0, 0, 2, 2], "texture": "#1"},
				"east": {"uv": [0, 0, 2, 2], "texture": "#1"},
				"south": {"uv": [0, 0, 2, 2], "texture": "#1"},
				"west": {"uv": [0, 0, 2, 2], "texture": "#1"},
				"up": {"uv": [0, 0, 2, 2], "texture": "#1"},
				"down": {"uv": [0, 0, 2, 2], "texture": "#1"}
			}
		},
		{
			"from": [21.22333, 2.56045, -1.80884],
			"to": [22.22333, 4.56045, -0.80884],
			"rotation": {"angle": 0, "axis": "y", "origin": [12.17, 6.76931, 2.55888]},
			"faces": {
				"north": {"uv": [0, 4, 2, 8], "texture": "#1"},
				"east": {"uv": [0, 4, 2, 8], "texture": "#1"},
				"south": {"uv": [0, 4, 2, 8], "texture": "#1"},
				"west": {"uv": [0, 4, 2, 8], "texture": "#1"},
				"up": {"uv": [0, 2, 2, 4], "texture": "#1"},
				"down": {"uv": [0, 2, 2, 4], "texture": "#1"}
			}
		},
		{
			"from": [21.22333, 6.56045, -1.80884],
			"to": [22.22333, 8.56045, -0.80884],
			"rotation": {"angle": 0, "axis": "y", "origin": [12.17, 6.76931, 2.55888]},
			"faces": {
				"north": {"uv": [0, 8, 2, 12], "texture": "#1"},
				"east": {"uv": [0, 8, 2, 12], "texture": "#1"},
				"south": {"uv": [0, 8, 2, 12], "texture": "#1"},
				"west": {"uv": [0, 8, 2, 12], "texture": "#1"},
				"up": {"uv": [0, 4, 2, 6], "texture": "#1"},
				"down": {"uv": [0, 4, 2, 6], "texture": "#1"}
			}
		},
		{
			"from": [21.22333, 8.06045, -0.80884],
			"to": [22.22333, 9.06045, 0.19116],
			"rotation": {"angle": 0, "axis": "y", "origin": [12.17, 6.76931, 2.55888]},
			"faces": {
				"north": {"uv": [0, 2, 2, 4], "texture": "#1"},
				"east": {"uv": [0, 2, 2, 4], "texture": "#1"},
				"south": {"uv": [0, 2, 2, 4], "texture": "#1"},
				"west": {"uv": [0, 2, 2, 4], "texture": "#1"},
				"up": {"uv": [0, 2, 2, 4], "texture": "#1"},
				"down": {"uv": [0, 2, 2, 4], "texture": "#1"}
			}
		},
		{
			"from": [21.22333, 9.06045, -0.30884],
			"to": [22.22333, 10.06045, 2.19116],
			"rotation": {"angle": 0, "axis": "y", "origin": [12.17, 6.76931, 2.55888]},
			"faces": {
				"north": {"uv": [0, 2, 2, 4], "texture": "#1"},
				"east": {"uv": [0, 2, 5, 4], "texture": "#1"},
				"south": {"uv": [0, 2, 2, 4], "texture": "#1"},
				"west": {"uv": [0, 2, 5, 4], "texture": "#1"},
				"up": {"uv": [0, 5, 2, 10], "texture": "#1"},
				"down": {"uv": [0, 5, 2, 10], "texture": "#1"}
			}
		},
		{
			"from": [21.22333, 10.06045, 1.69116],
			"to": [22.22333, 11.06045, 5.19116],
			"rotation": {"angle": 0, "axis": "y", "origin": [12.17, 6.76931, 2.55888]},
			"faces": {
				"north": {"uv": [0, 2, 2, 4], "texture": "#1"},
				"east": {"uv": [0, 2, 7, 4], "texture": "#1"},
				"south": {"uv": [0, 2, 2, 4], "texture": "#1"},
				"west": {"uv": [0, 2, 7, 4], "texture": "#1"},
				"up": {"uv": [0, 7, 2, 14], "texture": "#1"},
				"down": {"uv": [0, 7, 2, 14], "texture": "#1"}
			}
		},
		{
			"from": [21.22333, 9.06045, 4.69116],
			"to": [22.22333, 10.06045, 6.69116],
			"rotation": {"angle": 0, "axis": "y", "origin": [12.17, 6.76931, 2.55888]},
			"faces": {
				"north": {"uv": [0, 2, 2, 4], "texture": "#1"},
				"east": {"uv": [0, 2, 4, 4], "texture": "#1"},
				"south": {"uv": [0, 2, 2, 4], "texture": "#1"},
				"west": {"uv": [0, 2, 4, 4], "texture": "#1"},
				"up": {"uv": [0, 4, 2, 8], "texture": "#1"},
				"down": {"uv": [0, 4, 2, 8], "texture": "#1"}
			}
		},
		{
			"from": [21.22333, 8.06045, 6.19116],
			"to": [22.22333, 9.06045, 7.19116],
			"rotation": {"angle": 0, "axis": "y", "origin": [12.17, 6.76931, 2.55888]},
			"faces": {
				"north": {"uv": [0, 2, 2, 4], "texture": "#1"},
				"east": {"uv": [0, 2, 2, 4], "texture": "#1"},
				"south": {"uv": [0, 2, 2, 4], "texture": "#1"},
				"west": {"uv": [0, 2, 2, 4], "texture": "#1"},
				"up": {"uv": [0, 2, 2, 4], "texture": "#1"},
				"down": {"uv": [0, 2, 2, 4], "texture": "#1"}
			}
		},
		{
			"from": [21.22333, 6.56045, 7.19116],
			"to": [22.22333, 8.56045, 8.19116],
			"rotation": {"angle": 0, "axis": "y", "origin": [12.17, 6.76931, 2.55888]},
			"faces": {
				"north": {"uv": [0, 4, 2, 8], "texture": "#1"},
				"east": {"uv": [0, 4, 2, 8], "texture": "#1"},
				"south": {"uv": [0, 4, 2, 8], "texture": "#1"},
				"west": {"uv": [0, 4, 2, 8], "texture": "#1"},
				"up": {"uv": [0, 2, 2, 4], "texture": "#1"},
				"down": {"uv": [0, 2, 2, 4], "texture": "#1"}
			}
		},
		{
			"from": [18.72333, 5.31045, 3.19116],
			"to": [22.22333, 5.81045, 3.69116],
			"rotation": {"angle": 0, "axis": "y", "origin": [12.17, 6.76931, 2.55888]},
			"faces": {
				"north": {"uv": [3, 3, 10, 4], "texture": "#4"},
				"east": {"uv": [7, 2, 8, 3], "texture": "#4"},
				"south": {"uv": [5, 3, 12, 4], "texture": "#4"},
				"west": {"uv": [6, 2, 7, 3], "texture": "#4"},
				"up": {"uv": [6, 3, 13, 4], "texture": "#4"},
				"down": {"uv": [4, 3, 11, 4], "texture": "#4"}
			}
		},
		{
			"from": [21.22333, 5.31045, 3.69116],
			"to": [21.72333, 5.81045, 8.19116],
			"rotation": {"angle": 0, "axis": "y", "origin": [12.17, 6.76931, 2.55888]},
			"faces": {
				"north": {"uv": [0, 0, 1, 1], "texture": "#1"},
				"east": {"uv": [0, 0, 9, 1], "texture": "#1"},
				"south": {"uv": [0, 0, 1, 1], "texture": "#1"},
				"west": {"uv": [0, 0, 9, 1], "texture": "#1"},
				"up": {"uv": [0, 0, 1, 9], "texture": "#1"},
				"down": {"uv": [0, 0, 1, 9], "texture": "#1"}
			}
		},
		{
			"from": [21.22333, 5.31045, -1.80884],
			"to": [21.72333, 5.81045, 3.19116],
			"rotation": {"angle": 0, "axis": "y", "origin": [12.17, 6.76931, 2.55888]},
			"faces": {
				"north": {"uv": [0, 0, 1, 1], "texture": "#1"},
				"east": {"uv": [0, 0, 10, 1], "texture": "#1"},
				"south": {"uv": [0, 0, 1, 1], "texture": "#1"},
				"west": {"uv": [0, 0, 10, 1], "texture": "#1"},
				"up": {"uv": [0, 0, 1, 10], "texture": "#1"},
				"down": {"uv": [0, 0, 1, 10], "texture": "#1"}
			}
		},
		{
			"from": [21.22333, 5.04065, -2.64691],
			"to": [21.72333, 5.54065, 2.35309],
			"rotation": {"angle": -45, "axis": "x", "origin": [12.17, 6.76931, 2.55888]},
			"faces": {
				"north": {"uv": [0, 0, 1, 1], "texture": "#1"},
				"east": {"uv": [0, 0, 10, 1], "texture": "#1"},
				"south": {"uv": [0, 0, 1, 1], "texture": "#1"},
				"west": {"uv": [0, 0, 10, 1], "texture": "#1"},
				"up": {"uv": [0, 0, 1, 10], "texture": "#1"},
				"down": {"uv": [0, 0, 1, 10], "texture": "#1"}
			}
		},
		{
			"from": [21.22333, 5.04065, 2.30283],
			"to": [21.72333, 5.54065, 6.80283],
			"rotation": {"angle": -45, "axis": "x", "origin": [12.17, 6.76931, 2.55888]},
			"faces": {
				"north": {"uv": [0, 0, 1, 1], "texture": "#1"},
				"east": {"uv": [0, 0, 9, 1], "texture": "#1"},
				"south": {"uv": [0, 0, 1, 1], "texture": "#1"},
				"west": {"uv": [0, 0, 9, 1], "texture": "#1"},
				"up": {"uv": [0, 0, 1, 9], "texture": "#1"},
				"down": {"uv": [0, 0, 1, 9], "texture": "#1"}
			}
		},
		{
			"from": [21.22333, 6.28839, -0.73023],
			"to": [21.72333, 6.78839, 4.26977],
			"rotation": {"angle": 45, "axis": "x", "origin": [12.17, 6.76931, 2.55888]},
			"faces": {
				"north": {"uv": [0, 0, 1, 1], "texture": "#1"},
				"east": {"uv": [0, 0, 10, 1], "texture": "#1"},
				"south": {"uv": [0, 0, 1, 1], "texture": "#1"},
				"west": {"uv": [0, 0, 10, 1], "texture": "#1"},
				"up": {"uv": [0, 0, 1, 10], "texture": "#1"},
				"down": {"uv": [0, 0, 1, 10], "texture": "#1"}
			}
		},
		{
			"from": [21.22333, 6.28839, 4.21952],
			"to": [21.72333, 6.78839, 8.71952],
			"rotation": {"angle": 45, "axis": "x", "origin": [12.17, 6.76931, 2.55888]},
			"faces": {
				"north": {"uv": [0, 0, 1, 1], "texture": "#1"},
				"east": {"uv": [0, 0, 9, 1], "texture": "#1"},
				"south": {"uv": [0, 0, 1, 1], "texture": "#1"},
				"west": {"uv": [0, 0, 9, 1], "texture": "#1"},
				"up": {"uv": [0, 0, 1, 9], "texture": "#1"},
				"down": {"uv": [0, 0, 1, 9], "texture": "#1"}
			}
		},
		{
			"from": [21.22333, 5.81045, 3.19116],
			"to": [21.72333, 10.31045, 3.69116],
			"rotation": {"angle": 0, "axis": "y", "origin": [12.17, 6.76931, 2.55888]},
			"faces": {
				"north": {"uv": [0, 0, 1, 9], "texture": "#1"},
				"east": {"uv": [0, 0, 1, 9], "texture": "#1"},
				"south": {"uv": [0, 0, 1, 9], "texture": "#1"},
				"west": {"uv": [0, 0, 1, 9], "texture": "#1"},
				"up": {"uv": [0, 0, 1, 1], "texture": "#1"},
				"down": {"uv": [0, 0, 1, 1], "texture": "#1"}
			}
		},
		{
			"from": [21.22333, 0.81045, 3.19116],
			"to": [21.72333, 5.31045, 3.69116],
			"rotation": {"angle": 0, "axis": "y", "origin": [12.17, 6.76931, 2.55888]},
			"faces": {
				"north": {"uv": [0, 0, 1, 9], "texture": "#1"},
				"east": {"uv": [0, 0, 1, 9], "texture": "#1"},
				"south": {"uv": [0, 0, 1, 9], "texture": "#1"},
				"west": {"uv": [0, 0, 1, 9], "texture": "#1"},
				"up": {"uv": [0, 0, 1, 1], "texture": "#1"},
				"down": {"uv": [0, 0, 1, 1], "texture": "#1"}
			}
		},
		{
			"from": [2.22333, 4.06045, 8.19116],
			"to": [3.22333, 7.06045, 9.19116],
			"rotation": {"angle": 0, "axis": "y", "origin": [12.17, 6.76931, 2.55888]},
			"faces": {
				"north": {"uv": [2, 0, 4, 6], "texture": "#1"},
				"east": {"uv": [2, 0, 4, 6], "texture": "#1"},
				"south": {"uv": [2, 0, 4, 6], "texture": "#1"},
				"west": {"uv": [2, 0, 4, 6], "texture": "#1"},
				"up": {"uv": [2, 0, 4, 2], "texture": "#1"},
				"down": {"uv": [2, 0, 4, 2], "texture": "#1"}
			}
		},
		{
			"from": [2.22333, 4.06045, -2.80884],
			"to": [3.22333, 7.06045, -1.80884],
			"rotation": {"angle": 0, "axis": "y", "origin": [12.17, 6.76931, 2.55888]},
			"faces": {
				"north": {"uv": [2, 5, 4, 11], "texture": "#1"},
				"east": {"uv": [2, 5, 4, 11], "texture": "#1"},
				"south": {"uv": [2, 5, 4, 11], "texture": "#1"},
				"west": {"uv": [2, 5, 4, 11], "texture": "#1"},
				"up": {"uv": [2, 2, 4, 4], "texture": "#1"},
				"down": {"uv": [2, 2, 4, 4], "texture": "#1"}
			}
		},
		{
			"from": [2.22333, 2.56045, 7.19116],
			"to": [3.22333, 4.56045, 8.19116],
			"rotation": {"angle": 0, "axis": "y", "origin": [12.17, 6.76931, 2.55888]},
			"faces": {
				"north": {"uv": [2, 0, 4, 4], "texture": "#1"},
				"east": {"uv": [2, 0, 4, 4], "texture": "#1"},
				"south": {"uv": [2, 0, 4, 4], "texture": "#1"},
				"west": {"uv": [2, 0, 4, 4], "texture": "#1"},
				"up": {"uv": [2, 0, 4, 2], "texture": "#1"},
				"down": {"uv": [2, 0, 4, 2], "texture": "#1"}
			}
		},
		{
			"from": [2.22333, 2.06045, 6.19116],
			"to": [3.22333, 3.06045, 7.19116],
			"rotation": {"angle": 0, "axis": "y", "origin": [12.17, 6.76931, 2.55888]},
			"faces": {
				"north": {"uv": [2, 0, 4, 2], "texture": "#1"},
				"east": {"uv": [2, 0, 4, 2], "texture": "#1"},
				"south": {"uv": [2, 0, 4, 2], "texture": "#1"},
				"west": {"uv": [2, 0, 4, 2], "texture": "#1"},
				"up": {"uv": [2, 0, 4, 2], "texture": "#1"},
				"down": {"uv": [2, 0, 4, 2], "texture": "#1"}
			}
		},
		{
			"from": [2.22333, 1.06045, 4.69116],
			"to": [3.22333, 2.06045, 6.69116],
			"rotation": {"angle": 0, "axis": "y", "origin": [12.17, 6.76931, 2.55888]},
			"faces": {
				"north": {"uv": [2, 0, 4, 2], "texture": "#1"},
				"east": {"uv": [4, 0, 8, 2], "texture": "#1"},
				"south": {"uv": [2, 0, 4, 2], "texture": "#1"},
				"west": {"uv": [4, 0, 8, 2], "texture": "#1"},
				"up": {"uv": [2, 0, 4, 4], "texture": "#1"},
				"down": {"uv": [2, 0, 4, 4], "texture": "#1"}
			}
		},
		{
			"from": [2.22333, 0.06045, 1.69116],
			"to": [3.22333, 1.06045, 5.19116],
			"rotation": {"angle": 0, "axis": "y", "origin": [12.17, 6.76931, 2.55888]},
			"faces": {
				"north": {"uv": [2, 0, 4, 2], "texture": "#1"},
				"east": {"uv": [7, 0, 14, 2], "texture": "#1"},
				"south": {"uv": [2, 0, 4, 2], "texture": "#1"},
				"west": {"uv": [7, 0, 14, 2], "texture": "#1"},
				"up": {"uv": [2, 0, 4, 7], "texture": "#1"},
				"down": {"uv": [2, 0, 4, 7], "texture": "#1"}
			}
		},
		{
			"from": [2.22333, 1.06045, -0.30884],
			"to": [3.22333, 2.06045, 2.19116],
			"rotation": {"angle": 0, "axis": "y", "origin": [12.17, 6.76931, 2.55888]},
			"faces": {
				"north": {"uv": [2, 0, 4, 2], "texture": "#1"},
				"east": {"uv": [5, 0, 10, 2], "texture": "#1"},
				"south": {"uv": [2, 0, 4, 2], "texture": "#1"},
				"west": {"uv": [5, 0, 10, 2], "texture": "#1"},
				"up": {"uv": [2, 0, 4, 5], "texture": "#1"},
				"down": {"uv": [2, 0, 4, 5], "texture": "#1"}
			}
		},
		{
			"from": [2.22333, 2.06045, -0.80884],
			"to": [3.22333, 3.06045, 0.19116],
			"rotation": {"angle": 0, "axis": "y", "origin": [12.17, 6.76931, 2.55888]},
			"faces": {
				"north": {"uv": [2, 0, 4, 2], "texture": "#1"},
				"east": {"uv": [2, 0, 4, 2], "texture": "#1"},
				"south": {"uv": [2, 0, 4, 2], "texture": "#1"},
				"west": {"uv": [2, 0, 4, 2], "texture": "#1"},
				"up": {"uv": [2, 0, 4, 2], "texture": "#1"},
				"down": {"uv": [2, 0, 4, 2], "texture": "#1"}
			}
		},
		{
			"from": [2.22333, 2.56045, -1.80884],
			"to": [3.22333, 4.56045, -0.80884],
			"rotation": {"angle": 0, "axis": "y", "origin": [12.17, 6.76931, 2.55888]},
			"faces": {
				"north": {"uv": [2, 4, 4, 8], "texture": "#1"},
				"east": {"uv": [2, 4, 4, 8], "texture": "#1"},
				"south": {"uv": [2, 4, 4, 8], "texture": "#1"},
				"west": {"uv": [2, 4, 4, 8], "texture": "#1"},
				"up": {"uv": [2, 2, 4, 4], "texture": "#1"},
				"down": {"uv": [2, 2, 4, 4], "texture": "#1"}
			}
		},
		{
			"from": [2.22333, 6.56045, -1.80884],
			"to": [3.22333, 8.56045, -0.80884],
			"rotation": {"angle": 0, "axis": "y", "origin": [12.17, 6.76931, 2.55888]},
			"faces": {
				"north": {"uv": [2, 8, 4, 12], "texture": "#1"},
				"east": {"uv": [2, 8, 4, 12], "texture": "#1"},
				"south": {"uv": [2, 8, 4, 12], "texture": "#1"},
				"west": {"uv": [2, 8, 4, 12], "texture": "#1"},
				"up": {"uv": [2, 4, 4, 6], "texture": "#1"},
				"down": {"uv": [2, 4, 4, 6], "texture": "#1"}
			}
		},
		{
			"from": [2.22333, 8.06045, -0.80884],
			"to": [3.22333, 9.06045, 0.19116],
			"rotation": {"angle": 0, "axis": "y", "origin": [12.17, 6.76931, 2.55888]},
			"faces": {
				"north": {"uv": [2, 2, 4, 4], "texture": "#1"},
				"east": {"uv": [2, 2, 4, 4], "texture": "#1"},
				"south": {"uv": [2, 2, 4, 4], "texture": "#1"},
				"west": {"uv": [2, 2, 4, 4], "texture": "#1"},
				"up": {"uv": [2, 2, 4, 4], "texture": "#1"},
				"down": {"uv": [2, 2, 4, 4], "texture": "#1"}
			}
		},
		{
			"from": [2.22333, 9.06045, -0.30884],
			"to": [3.22333, 10.06045, 2.19116],
			"rotation": {"angle": 0, "axis": "y", "origin": [12.17, 6.76931, 2.55888]},
			"faces": {
				"north": {"uv": [2, 2, 4, 4], "texture": "#1"},
				"east": {"uv": [5, 2, 10, 4], "texture": "#1"},
				"south": {"uv": [2, 2, 4, 4], "texture": "#1"},
				"west": {"uv": [5, 2, 10, 4], "texture": "#1"},
				"up": {"uv": [2, 5, 4, 10], "texture": "#1"},
				"down": {"uv": [2, 5, 4, 10], "texture": "#1"}
			}
		},
		{
			"from": [2.22333, 10.06045, 1.69116],
			"to": [3.22333, 11.06045, 5.19116],
			"rotation": {"angle": 0, "axis": "y", "origin": [12.17, 6.76931, 2.55888]},
			"faces": {
				"north": {"uv": [2, 2, 4, 4], "texture": "#1"},
				"east": {"uv": [7, 2, 14, 4], "texture": "#1"},
				"south": {"uv": [2, 2, 4, 4], "texture": "#1"},
				"west": {"uv": [7, 2, 14, 4], "texture": "#1"},
				"up": {"uv": [2, 7, 4, 14], "texture": "#1"},
				"down": {"uv": [2, 7, 4, 14], "texture": "#1"}
			}
		},
		{
			"from": [2.22333, 9.06045, 4.69116],
			"to": [3.22333, 10.06045, 6.69116],
			"rotation": {"angle": 0, "axis": "y", "origin": [12.17, 6.76931, 2.55888]},
			"faces": {
				"north": {"uv": [2, 2, 4, 4], "texture": "#1"},
				"east": {"uv": [4, 2, 8, 4], "texture": "#1"},
				"south": {"uv": [2, 2, 4, 4], "texture": "#1"},
				"west": {"uv": [4, 2, 8, 4], "texture": "#1"},
				"up": {"uv": [2, 4, 4, 8], "texture": "#1"},
				"down": {"uv": [2, 4, 4, 8], "texture": "#1"}
			}
		},
		{
			"from": [2.22333, 8.06045, 6.19116],
			"to": [3.22333, 9.06045, 7.19116],
			"rotation": {"angle": 0, "axis": "y", "origin": [12.17, 6.76931, 2.55888]},
			"faces": {
				"north": {"uv": [2, 2, 4, 4], "texture": "#1"},
				"east": {"uv": [2, 2, 4, 4], "texture": "#1"},
				"south": {"uv": [2, 2, 4, 4], "texture": "#1"},
				"west": {"uv": [2, 2, 4, 4], "texture": "#1"},
				"up": {"uv": [2, 2, 4, 4], "texture": "#1"},
				"down": {"uv": [2, 2, 4, 4], "texture": "#1"}
			}
		},
		{
			"from": [2.22333, 6.56045, 7.19116],
			"to": [3.22333, 8.56045, 8.19116],
			"rotation": {"angle": 0, "axis": "y", "origin": [12.17, 6.76931, 2.55888]},
			"faces": {
				"north": {"uv": [2, 4, 4, 8], "texture": "#1"},
				"east": {"uv": [2, 4, 4, 8], "texture": "#1"},
				"south": {"uv": [2, 4, 4, 8], "texture": "#1"},
				"west": {"uv": [2, 4, 4, 8], "texture": "#1"},
				"up": {"uv": [2, 2, 4, 4], "texture": "#1"},
				"down": {"uv": [2, 2, 4, 4], "texture": "#1"}
			}
		},
		{
			"from": [2.22333, 5.31045, 3.19116],
			"to": [5.72333, 5.81045, 3.69116],
			"rotation": {"angle": 0, "axis": "y", "origin": [12.17, 6.76931, 2.55888]},
			"faces": {
				"north": {"uv": [3, 3, 10, 4], "texture": "#4"},
				"east": {"uv": [7, 2, 8, 3], "texture": "#4"},
				"south": {"uv": [5, 3, 12, 4], "texture": "#4"},
				"west": {"uv": [6, 2, 7, 3], "texture": "#4"},
				"up": {"uv": [6, 3, 13, 4], "texture": "#4"},
				"down": {"uv": [4, 3, 11, 4], "texture": "#4"}
			}
		},
		{
			"from": [5.72333, 5.18545, 3.06616],
			"to": [18.72333, 5.93545, 3.81616],
			"rotation": {"angle": 0, "axis": "y", "origin": [12.17, 6.76931, 2.55888]},
			"faces": {
				"north": {"uv": [7, 0, 9, 16], "rotation": 90, "texture": "#4"},
				"east": {"uv": [7, 0, 9, 16], "rotation": 90, "texture": "#4"},
				"south": {"uv": [7, 0, 9, 16], "rotation": 90, "texture": "#4"},
				"west": {"uv": [7, 0, 9, 16], "rotation": 90, "texture": "#4"},
				"up": {"uv": [7, 0, 9, 16], "rotation": 90, "texture": "#4"},
				"down": {"uv": [7, 0, 9, 16], "rotation": 90, "texture": "#4"}
			}
		},
		{
			"from": [6.72333, 5.08545, 2.91616],
			"to": [8.72333, 7.03545, 3.91616],
			"rotation": {"angle": 0, "axis": "y", "origin": [12.17, 6.76931, 2.55888]},
			"faces": {
				"north": {"uv": [7, 0, 9, 16], "rotation": 90, "texture": "#4"},
				"east": {"uv": [7, 0, 9, 16], "rotation": 90, "texture": "#4"},
				"south": {"uv": [7, 0, 9, 16], "rotation": 90, "texture": "#4"},
				"west": {"uv": [7, 0, 9, 16], "rotation": 90, "texture": "#4"},
				"up": {"uv": [7, 0, 9, 16], "rotation": 90, "texture": "#4"},
				"down": {"uv": [7, 0, 9, 16], "rotation": 90, "texture": "#4"}
			}
		},
		{
			"from": [15.72333, 5.08545, 2.91616],
			"to": [17.72333, 7.03545, 3.91616],
			"rotation": {"angle": 0, "axis": "y", "origin": [12.17, 6.76931, 2.55888]},
			"faces": {
				"north": {"uv": [7, 0, 9, 16], "rotation": 90, "texture": "#4"},
				"east": {"uv": [7, 0, 9, 16], "rotation": 90, "texture": "#4"},
				"south": {"uv": [7, 0, 9, 16], "rotation": 90, "texture": "#4"},
				"west": {"uv": [7, 0, 9, 16], "rotation": 90, "texture": "#4"},
				"up": {"uv": [7, 0, 9, 16], "rotation": 90, "texture": "#4"},
				"down": {"uv": [7, 0, 9, 16], "rotation": 90, "texture": "#4"}
			}
		},
		{
			"from": [2.72333, 5.31045, 3.69116],
			"to": [3.22333, 5.81045, 8.19116],
			"rotation": {"angle": 0, "axis": "y", "origin": [12.17, 6.76931, 2.55888]},
			"faces": {
				"north": {"uv": [1, 0, 2, 1], "texture": "#1"},
				"east": {"uv": [7, 0, 16, 1], "texture": "#1"},
				"south": {"uv": [1, 0, 2, 1], "texture": "#1"},
				"west": {"uv": [7, 0, 16, 1], "texture": "#1"},
				"up": {"uv": [1, 0, 2, 9], "texture": "#1"},
				"down": {"uv": [1, 0, 2, 9], "texture": "#1"}
			}
		},
		{
			"from": [2.72333, 5.31045, -1.80884],
			"to": [3.22333, 5.81045, 3.19116],
			"rotation": {"angle": 0, "axis": "y", "origin": [12.17, 6.76931, 2.55888]},
			"faces": {
				"north": {"uv": [1, 0, 2, 1], "texture": "#1"},
				"east": {"uv": [6, 0, 16, 1], "texture": "#1"},
				"south": {"uv": [1, 0, 2, 1], "texture": "#1"},
				"west": {"uv": [6, 0, 16, 1], "texture": "#1"},
				"up": {"uv": [1, 0, 2, 10], "texture": "#1"},
				"down": {"uv": [1, 0, 2, 10], "texture": "#1"}
			}
		},
		{
			"from": [2.72333, 5.04065, -2.64691],
			"to": [3.22333, 5.54065, 2.35309],
			"rotation": {"angle": -45, "axis": "x", "origin": [12.17, 6.76931, 2.55888]},
			"faces": {
				"north": {"uv": [1, 0, 2, 1], "texture": "#1"},
				"east": {"uv": [6, 0, 16, 1], "texture": "#1"},
				"south": {"uv": [1, 0, 2, 1], "texture": "#1"},
				"west": {"uv": [6, 0, 16, 1], "texture": "#1"},
				"up": {"uv": [1, 0, 2, 10], "texture": "#1"},
				"down": {"uv": [1, 0, 2, 10], "texture": "#1"}
			}
		},
		{
			"from": [2.72333, 5.04065, 2.30283],
			"to": [3.22333, 5.54065, 6.80283],
			"rotation": {"angle": -45, "axis": "x", "origin": [12.17, 6.76931, 2.55888]},
			"faces": {
				"north": {"uv": [1, 0, 2, 1], "texture": "#1"},
				"east": {"uv": [7, 0, 16, 1], "texture": "#1"},
				"south": {"uv": [1, 0, 2, 1], "texture": "#1"},
				"west": {"uv": [7, 0, 16, 1], "texture": "#1"},
				"up": {"uv": [1, 0, 2, 9], "texture": "#1"},
				"down": {"uv": [1, 0, 2, 9], "texture": "#1"}
			}
		},
		{
			"from": [2.72333, 6.28839, -0.73023],
			"to": [3.22333, 6.78839, 4.26977],
			"rotation": {"angle": 45, "axis": "x", "origin": [12.17, 6.76931, 2.55888]},
			"faces": {
				"north": {"uv": [1, 0, 2, 1], "texture": "#1"},
				"east": {"uv": [6, 0, 16, 1], "texture": "#1"},
				"south": {"uv": [1, 0, 2, 1], "texture": "#1"},
				"west": {"uv": [6, 0, 16, 1], "texture": "#1"},
				"up": {"uv": [1, 0, 2, 10], "texture": "#1"},
				"down": {"uv": [1, 0, 2, 10], "texture": "#1"}
			}
		},
		{
			"from": [2.72333, 6.28839, 4.21952],
			"to": [3.22333, 6.78839, 8.71952],
			"rotation": {"angle": 45, "axis": "x", "origin": [12.17, 6.76931, 2.55888]},
			"faces": {
				"north": {"uv": [1, 0, 2, 1], "texture": "#1"},
				"east": {"uv": [7, 0, 16, 1], "texture": "#1"},
				"south": {"uv": [1, 0, 2, 1], "texture": "#1"},
				"west": {"uv": [7, 0, 16, 1], "texture": "#1"},
				"up": {"uv": [1, 0, 2, 9], "texture": "#1"},
				"down": {"uv": [1, 0, 2, 9], "texture": "#1"}
			}
		},
		{
			"from": [2.72333, 5.81045, 3.19116],
			"to": [3.22333, 10.31045, 3.69116],
			"rotation": {"angle": 0, "axis": "y", "origin": [12.17, 6.76931, 2.55888]},
			"faces": {
				"north": {"uv": [1, 0, 2, 9], "texture": "#1"},
				"east": {"uv": [1, 0, 2, 9], "texture": "#1"},
				"south": {"uv": [1, 0, 2, 9], "texture": "#1"},
				"west": {"uv": [1, 0, 2, 9], "texture": "#1"},
				"up": {"uv": [1, 0, 2, 1], "texture": "#1"},
				"down": {"uv": [1, 0, 2, 1], "texture": "#1"}
			}
		},
		{
			"from": [2.72333, 0.81045, 3.19116],
			"to": [3.22333, 5.31045, 3.69116],
			"rotation": {"angle": 0, "axis": "y", "origin": [12.17, 6.76931, 2.55888]},
			"faces": {
				"north": {"uv": [1, 0, 2, 9], "texture": "#1"},
				"east": {"uv": [1, 0, 2, 9], "texture": "#1"},
				"south": {"uv": [1, 0, 2, 9], "texture": "#1"},
				"west": {"uv": [1, 0, 2, 9], "texture": "#1"},
				"up": {"uv": [1, 0, 2, 1], "texture": "#1"},
				"down": {"uv": [1, 0, 2, 1], "texture": "#1"}
			}
		}
	],
	"display": {
		"thirdperson_righthand": {
			"translation": [-7, 0, 0]
		},
		"head": {
			"translation": [-17, -11.75, -28],
			"scale": [4, 4, 4]
		},
		"fixed": {
			"rotation": [-90, 0, 0],
			"translation": [-0.5, 0, -15],
			"scale": [2, 2, 2]
		}
	},
	"groups": [
		{
			"name": "WagonBackPlatform",
			"origin": [25, 16, 40],
			"children": [0, 1, 2, 3, 4, 5, 6, 7, 8, 9]
		},
		{
			"name": "WagonWalls",
			"origin": [29, 15, 35],
			"children": [10, 11, 12, 13, 14, 15, 16, 17, 18, 19, 20]
		},
		{
			"name": "WagonDecor",
			"origin": [1, 9, 7],
			"children": [21]
		},
		{
			"name": "WagonWheel",
			"origin": [35, 8, 28.5],
			"children": [22, 23, 24, 25, 26, 27, 28, 29, 30, 31, 32, 33, 34, 35, 36, 37, 38, 39, 40, 41, 42, 43, 44, 45, 46]
		},
		{
			"name": "WagonWheel",
			"origin": [35, 8, 28.5],
			"children": [47, 48, 49, 50, 51, 52, 53, 54, 55, 56, 57, 58, 59, 60, 61, 62, 63, 64, 65, 66, 67, 68, 69, 70, 71, 72, 73, 74]
		},
		{
			"name": "brokencartfront",
			"origin": [8, 8, 8],
			"children": [
				{
					"name": "WagonBackPlatform",
					"origin": [25, 16, 40],
					"children": [75, 76, 77, 78]
				},
				{
					"name": "WagonWalls",
					"origin": [29, 15, 35],
					"children": [79, 80, 81, 82, 83, 84, 85, 86, 87, 88, 89]
				},
				{
					"name": "WagonSeat",
					"origin": [9, 6, -2],
					"children": [90, 91, 92]
				}
			]
		},
		{
			"name": "WagonWheel",
			"origin": [35, 8, 28.5],
			"children": [93, 94, 95, 96, 97, 98, 99, 100, 101, 102, 103, 104, 105, 106, 107, 108, 109, 110, 111, 112, 113, 114, 115, 116, 117]
		},
		{
			"name": "WagonWheel",
			"origin": [35, 8, 28.5],
			"children": [118, 119, 120, 121, 122, 123, 124, 125, 126, 127, 128, 129, 130, 131, 132, 133, 134, 135, 136, 137, 138, 139, 140, 141, 142, 143, 144, 145]
		}
	]
}