{
	"credit": "Made with Blockbench",
	"textures": {
		"0": "block/brokencrown",
		"particle": "block/brokencrown"
	},
	"elements": [
		{
			"from": [4, 6.45833, 11.01042],
			"to": [12, 8.45833, 12.01042],
			"rotation": {"angle": 0, "axis": "y", "origin": [12, 14.45833, 19.01042]},
			"faces": {
				"north": {"uv": [8, 12.5, 16, 14.5], "texture": "#0"},
				"east": {"uv": [10, 12.5, 11, 14.5], "texture": "#0"},
				"south": {"uv": [8, 14, 16, 16], "texture": "#0"},
				"west": {"uv": [8.5, 11.5, 9.5, 13.5], "texture": "#0"},
				"up": {"uv": [7.5, 13, 15.5, 14], "texture": "#0"},
				"down": {"uv": [7, 12, 15, 13], "texture": "#0"}
			}
		},
		{
			"from": [11, 6.45833, 5.01042],
			"to": [12, 8.45833, 11.01042],
			"rotation": {"angle": 0, "axis": "y", "origin": [19, 14.45833, 13.01042]},
			"faces": {
				"north": {"uv": [7.5, 12, 8.5, 14], "texture": "#0"},
				"east": {"uv": [9, 13.5, 15, 15.5], "texture": "#0"},
				"south": {"uv": [9.5, 12.5, 10.5, 14.5], "texture": "#0"},
				"west": {"uv": [10, 14, 16, 16], "texture": "#0"},
				"up": {"uv": [10, 15, 16, 16], "rotation": 90, "texture": "#0"},
				"down": {"uv": [9.5, 15, 16, 16], "rotation": 90, "texture": "#0"}
			}
		},
		{
			"from": [4, 6.45833, 4.01042],
			"to": [12, 8.45833, 5.01042],
			"rotation": {"angle": 0, "axis": "y", "origin": [12, 14.45833, 12.01042]},
			"faces": {
				"north": {"uv": [8, 14, 16, 16], "texture": "#0"},
				"east": {"uv": [10.5, 13, 11.5, 15], "texture": "#0"},
				"south": {"uv": [8, 14, 16, 16], "texture": "#0"},
				"west": {"uv": [13, 14, 14, 16], "texture": "#0"},
				"up": {"uv": [7, 13, 15, 14], "texture": "#0"},
				"down": {"uv": [7.5, 14.5, 15.5, 15.5], "texture": "#0"}
			}
		},
		{
			"from": [4, 6.45833, 5.01042],
			"to": [5, 8.45833, 11.01042],
			"rotation": {"angle": 0, "axis": "y", "origin": [12, 14.45833, 13.01042]},
			"faces": {
				"north": {"uv": [8.5, 12, 9.5, 14], "texture": "#0"},
				"east": {"uv": [8.5, 12.5, 14.5, 14.5], "texture": "#0"},
				"south": {"uv": [9.5, 12, 10.5, 14], "texture": "#0"},
				"west": {"uv": [10, 13.5, 16, 15.5], "texture": "#0"},
				"up": {"uv": [10.5, 13.5, 16, 14.5], "rotation": 90, "texture": "#0"},
				"down": {"uv": [8.5, 14, 14.5, 15], "rotation": 90, "texture": "#0"}
			}
		},
		{
			"from": [4, 8.45833, 4.01042],
			"to": [5, 9.45833, 5.01042],
			"rotation": {"angle": 0, "axis": "y", "origin": [12, 16.45833, 12.01042]},
			"faces": {
				"north": {"uv": [14, 12.5, 15, 13.5], "texture": "#0"},
				"east": {"uv": [10.5, 11.5, 11.5, 12.5], "texture": "#0"},
				"south": {"uv": [11.5, 12, 12.5, 13], "texture": "#0"},
				"west": {"uv": [10.5, 13, 11.5, 14], "texture": "#0"},
				"up": {"uv": [10.5, 14.5, 11.5, 15.5], "texture": "#0"},
				"down": {"uv": [10.5, 13, 11.5, 14], "texture": "#0"}
			}
		},
		{
			"from": [11, 8.45833, 4.01042],
			"to": [12, 9.45833, 5.01042],
			"rotation": {"angle": 0, "axis": "y", "origin": [19, 16.45833, 12.01042]},
			"faces": {
				"north": {"uv": [13, 13.5, 14, 14.5], "texture": "#0"},
				"east": {"uv": [11, 12.5, 12, 13.5], "texture": "#0"},
				"south": {"uv": [14.5, 11, 15.5, 12], "texture": "#0"},
				"west": {"uv": [11.5, 13, 12.5, 14], "texture": "#0"},
				"up": {"uv": [12, 13, 13, 14], "texture": "#0"},
				"down": {"uv": [10.5, 12.5, 11.5, 13.5], "texture": "#0"}
			}
		},
		{
			"from": [11, 8.45833, 11.01042],
			"to": [12, 9.45833, 12.01042],
			"rotation": {"angle": 0, "axis": "y", "origin": [19, 16.45833, 19.01042]},
			"faces": {
				"north": {"uv": [10, 12, 11, 13], "texture": "#0"},
				"east": {"uv": [15, 12.5, 16, 13.5], "texture": "#0"},
				"south": {"uv": [8.5, 12.5, 9.5, 13.5], "texture": "#0"},
				"west": {"uv": [11.5, 12.5, 12.5, 13.5], "texture": "#0"},
				"up": {"uv": [11, 13, 12, 14], "texture": "#0"},
				"down": {"uv": [9, 12.5, 10, 13.5], "texture": "#0"}
			}
		},
		{
			"from": [4, 8.45833, 11.01042],
			"to": [5, 9.45833, 12.01042],
			"rotation": {"angle": 0, "axis": "y", "origin": [12, 16.45833, 19.01042]},
			"faces": {
				"north": {"uv": [12.5, 13.5, 13.5, 14.5], "texture": "#0"},
				"east": {"uv": [9.5, 12.5, 10.5, 13.5], "texture": "#0"},
				"south": {"uv": [8.5, 14.5, 9.5, 15.5], "texture": "#0"},
				"west": {"uv": [10, 13, 11, 14], "texture": "#0"},
				"up": {"uv": [7.5, 12.5, 8.5, 13.5], "texture": "#0"},
				"down": {"uv": [7.5, 11.5, 8.5, 12.5], "texture": "#0"}
			}
		},
		{
			"from": [4, 8.45833, 7.01042],
			"to": [5, 9.95833, 9.01042],
			"rotation": {"angle": 0, "axis": "y", "origin": [12, 16.45833, 15.01042]},
			"faces": {
				"north": {"uv": [9.5, 13, 10.5, 14.5], "texture": "#0"},
				"east": {"uv": [11, 13.5, 13, 15], "texture": "#0"},
				"south": {"uv": [8, 12.5, 9, 14], "texture": "#0"},
				"west": {"uv": [14, 12.5, 16, 14], "texture": "#0"},
				"up": {"uv": [11.5, 13, 12.5, 15], "texture": "#0"},
				"down": {"uv": [11.5, 13, 12.5, 15], "texture": "#0"}
			}
		},
		{
			"from": [11, 8.45833, 7.01042],
			"to": [12, 9.95833, 9.01042],
			"rotation": {"angle": 0, "axis": "y", "origin": [19, 16.45833, 15.01042]},
			"faces": {
				"north": {"uv": [9.5, 12, 10.5, 13.5], "texture": "#0"},
				"east": {"uv": [13.5, 11.5, 15.5, 13], "texture": "#0"},
				"south": {"uv": [9.5, 12, 10.5, 13.5], "texture": "#0"},
				"west": {"uv": [12.5, 13.5, 14.5, 15], "texture": "#0"},
				"up": {"uv": [10.5, 12.5, 11.5, 14.5], "texture": "#0"},
				"down": {"uv": [9, 12.5, 10, 14.5], "texture": "#0"}
			}
		},
		{
			"from": [7, 8.45833, 4.01042],
			"to": [9, 9.95833, 5.01042],
			"rotation": {"angle": 0, "axis": "y", "origin": [8, 9.20833, 4.51042]},
			"faces": {
				"north": {"uv": [11.5, 12.5, 13.5, 14], "texture": "#0"},
				"east": {"uv": [10.5, 12, 11.5, 13.5], "texture": "#0"},
				"south": {"uv": [10.5, 12, 12.5, 13.5], "texture": "#0"},
				"west": {"uv": [8, 12.5, 9, 14], "texture": "#0"},
				"up": {"uv": [13, 12.5, 14, 14.5], "rotation": 90, "texture": "#0"},
				"down": {"uv": [11.5, 12, 12.5, 14], "rotation": 270, "texture": "#0"}
			}
		},
		{
			"from": [7, 8.45833, 11.01042],
			"to": [9, 9.95833, 12.01042],
			"rotation": {"angle": 0, "axis": "y", "origin": [8, 9.20833, 11.51042]},
			"faces": {
				"north": {"uv": [8.5, 13.5, 10.5, 15], "texture": "#0"},
				"east": {"uv": [9, 12.5, 10, 14], "texture": "#0"},
				"south": {"uv": [11, 12, 13, 13.5], "texture": "#0"},
				"west": {"uv": [11.5, 12, 12.5, 13.5], "texture": "#0"},
				"up": {"uv": [9, 13, 10, 15], "rotation": 90, "texture": "#0"},
				"down": {"uv": [9.5, 11.5, 10.5, 13.5], "rotation": 270, "texture": "#0"}
			}
		},
		{
			"from": [7.5, 6.95833, 3.76042],
			"to": [8.5, 7.95833, 4.01042],
			"rotation": {"angle": 0, "axis": "y", "origin": [15.5, 14.95833, 11.76042]},
			"faces": {
				"north": {"uv": [12, 8.5, 13, 9.5], "texture": "#0"},
				"east": {"uv": [12.5, 8.5, 13, 9.5], "texture": "#0"},
				"south": {"uv": [14, 9, 15, 10], "texture": "#0"},
				"west": {"uv": [15, 9.5, 15.5, 10.5], "texture": "#0"},
				"up": {"uv": [15, 8.5, 16, 9], "texture": "#0"},
				"down": {"uv": [11, 9.5, 12, 10], "texture": "#0"}
			}
		},
		{
			"from": [7.5, 6.95833, 12.01042],
			"to": [8.5, 7.95833, 12.26042],
			"rotation": {"angle": 0, "axis": "y", "origin": [15.5, 14.95833, 20.01042]},
			"faces": {
				"north": {"uv": [13.5, 9.5, 14.5, 10.5], "texture": "#0"},
				"east": {"uv": [12, 9, 12.5, 10], "texture": "#0"},
				"south": {"uv": [13.5, 9, 14.5, 10], "texture": "#0"},
				"west": {"uv": [10, 9, 10.5, 10], "texture": "#0"},
				"up": {"uv": [11.5, 9, 12.5, 9.5], "texture": "#0"},
				"down": {"uv": [14, 10, 15, 10.5], "texture": "#0"}
			}
		},
		{
			"from": [10.5, 6.95833, 3.76042],
			"to": [11.5, 7.95833, 4.01042],
			"rotation": {"angle": 0, "axis": "y", "origin": [18.5, 14.95833, 11.76042]},
			"faces": {
				"north": {"uv": [13.5, 5.5, 14.5, 6.5], "texture": "#0"},
				"east": {"uv": [14, 6, 14.5, 7], "texture": "#0"},
				"south": {"uv": [10, 6, 11, 7], "texture": "#0"},
				"west": {"uv": [14, 6.5, 14.5, 7.5], "texture": "#0"},
				"up": {"uv": [13, 6.5, 14, 7], "texture": "#0"},
				"down": {"uv": [13.5, 6, 14.5, 6.5], "texture": "#0"}
			}
		},
		{
			"from": [10.5, 6.95833, 12.01042],
			"to": [11.5, 7.95833, 12.26042],
			"rotation": {"angle": 0, "axis": "y", "origin": [18.5, 14.95833, 20.01042]},
			"faces": {
				"north": {"uv": [13.5, 6.5, 14.5, 7.5], "texture": "#0"},
				"east": {"uv": [11.5, 5.5, 12, 6.5], "texture": "#0"},
				"south": {"uv": [15, 5, 16, 6], "texture": "#0"},
				"west": {"uv": [9.5, 6, 10, 7], "texture": "#0"},
				"up": {"uv": [13, 5.5, 14, 6], "texture": "#0"},
				"down": {"uv": [11, 5.5, 12, 6], "texture": "#0"}
			}
		},
		{
			"from": [4.5, 6.95833, 3.76042],
			"to": [5.5, 7.95833, 4.01042],
			"rotation": {"angle": 0, "axis": "y", "origin": [12.5, 14.95833, 11.76042]},
			"faces": {
				"north": {"uv": [10, 7, 11, 8], "texture": "#0"},
				"east": {"uv": [13, 5.5, 13.5, 6.5], "texture": "#0"},
				"south": {"uv": [13.5, 5, 14.5, 6], "texture": "#0"},
				"west": {"uv": [10, 5.5, 10.5, 6.5], "texture": "#0"},
				"up": {"uv": [14, 5.5, 15, 6], "texture": "#0"},
				"down": {"uv": [13.5, 7, 14.5, 7.5], "texture": "#0"}
			}
		},
		{
			"from": [4.5, 6.95833, 12.01042],
			"to": [5.5, 7.95833, 12.26042],
			"rotation": {"angle": 0, "axis": "y", "origin": [12.5, 14.95833, 20.01042]},
			"faces": {
				"north": {"uv": [15, 5, 16, 6], "texture": "#0"},
				"east": {"uv": [11.5, 5.5, 12, 6.5], "texture": "#0"},
				"south": {"uv": [9, 7, 10, 8], "texture": "#0"},
				"west": {"uv": [11, 6, 11.5, 7], "texture": "#0"},
				"up": {"uv": [12.5, 6, 13.5, 6.5], "texture": "#0"},
				"down": {"uv": [13.5, 5.5, 14.5, 6], "texture": "#0"}
			}
		},
		{
			"from": [3.75, 6.95833, 4.38542],
			"to": [4, 7.95833, 5.38542],
			"rotation": {"angle": 0, "axis": "y", "origin": [3.875, 7.45833, 4.88542]},
			"faces": {
				"north": {"uv": [11, 5.5, 11.5, 6.5], "texture": "#0"},
				"east": {"uv": [10.5, 7, 11.5, 8], "texture": "#0"},
				"south": {"uv": [13.5, 6.5, 14, 7.5], "texture": "#0"},
				"west": {"uv": [14.5, 7, 15.5, 8], "texture": "#0"},
				"up": {"uv": [10, 7, 11, 7.5], "rotation": 90, "texture": "#0"},
				"down": {"uv": [10, 7, 11, 7.5], "rotation": 270, "texture": "#0"}
			}
		},
		{
			"from": [12, 6.95833, 4.38542],
			"to": [12.25, 7.95833, 5.38542],
			"rotation": {"angle": 0, "axis": "y", "origin": [12.125, 7.45833, 4.88542]},
			"faces": {
				"north": {"uv": [15.5, 6, 16, 7], "texture": "#0"},
				"east": {"uv": [14, 6, 15, 7], "texture": "#0"},
				"south": {"uv": [11, 6, 11.5, 7], "texture": "#0"},
				"west": {"uv": [11, 6.5, 12, 7.5], "texture": "#0"},
				"up": {"uv": [10.5, 6.5, 11.5, 7], "rotation": 90, "texture": "#0"},
				"down": {"uv": [13.5, 5.5, 14.5, 6], "rotation": 270, "texture": "#0"}
			}
		},
		{
			"from": [3.75, 6.95833, 7.38542],
			"to": [4, 7.95833, 8.38542],
			"rotation": {"angle": 0, "axis": "y", "origin": [3.875, 7.45833, 7.88542]},
			"faces": {
				"north": {"uv": [9.5, 8.5, 10, 9.5], "texture": "#0"},
				"east": {"uv": [12.5, 8.5, 13.5, 9.5], "texture": "#0"},
				"south": {"uv": [12, 8.5, 12.5, 9.5], "texture": "#0"},
				"west": {"uv": [9.5, 9, 10.5, 10], "texture": "#0"},
				"up": {"uv": [10.5, 8.5, 11.5, 9], "rotation": 90, "texture": "#0"},
				"down": {"uv": [14.5, 8.5, 15.5, 9], "rotation": 270, "texture": "#0"}
			}
		},
		{
			"from": [12, 6.95833, 7.38542],
			"to": [12.25, 7.95833, 8.38542],
			"rotation": {"angle": 0, "axis": "y", "origin": [12.125, 7.45833, 7.88542]},
			"faces": {
				"north": {"uv": [14.5, 8.5, 15, 9.5], "texture": "#0"},
				"east": {"uv": [13.5, 9.5, 14.5, 10.5], "texture": "#0"},
				"south": {"uv": [12, 8.5, 12.5, 9.5], "texture": "#0"},
				"west": {"uv": [10.5, 9.5, 11.5, 10.5], "texture": "#0"},
				"up": {"uv": [10, 10, 11, 10.5], "rotation": 90, "texture": "#0"},
				"down": {"uv": [15, 9.5, 16, 10], "rotation": 270, "texture": "#0"}
			}
		},
		{
			"from": [3.75, 6.95833, 10.63542],
			"to": [4, 7.95833, 11.63542],
			"rotation": {"angle": 0, "axis": "y", "origin": [3.875, 7.45833, 11.13542]},
			"faces": {
				"north": {"uv": [11, 6.5, 11.5, 7.5], "texture": "#0"},
				"east": {"uv": [14.5, 6, 15.5, 7], "texture": "#0"},
				"south": {"uv": [13.5, 6, 14, 7], "texture": "#0"},
				"west": {"uv": [11, 5.5, 12, 6.5], "texture": "#0"},
				"up": {"uv": [12.5, 7.5, 13.5, 8], "rotation": 90, "texture": "#0"},
				"down": {"uv": [10, 7, 11, 7.5], "rotation": 270, "texture": "#0"}
			}
		},
		{
			"from": [12, 6.95833, 10.63542],
			"to": [12.25, 7.95833, 11.63542],
			"rotation": {"angle": 0, "axis": "y", "origin": [12.125, 7.45833, 11.13542]},
			"faces": {
				"north": {"uv": [9.5, 6, 10, 7], "texture": "#0"},
				"east": {"uv": [10.5, 5.5, 11.5, 6.5], "texture": "#0"},
				"south": {"uv": [13.5, 6.5, 14, 7.5], "texture": "#0"},
				"west": {"uv": [14.5, 6, 15.5, 7], "texture": "#0"},
				"up": {"uv": [12.5, 6, 13.5, 6.5], "rotation": 90, "texture": "#0"},
				"down": {"uv": [11.5, 5.5, 12.5, 6], "rotation": 270, "texture": "#0"}
			}
		}
	],
	"display": {
		"thirdperson_righthand": {
			"translation": [0, -1.75, -3.25]
		},
		"thirdperson_lefthand": {
			"translation": [0, -1.75, -3.25]
		},
		"gui": {
			"rotation": [11, 43, 1],
			"scale": [1.5, 1.5, 1.5]
		},
		"head": {
			"translation": [0, 6.5, 0],
			"scale": [2, 2, 2]
		},
		"fixed": {
			"scale": [2, 2, 2]
		}
	},
	"groups": [
		{
			"name": "CrownsBase",
			"origin": [8, 8, 9],
			"children": [0, 1, 2, 3]
		},
		{
			"name": "CrownPoints",
			"origin": [4, 2.75, 7.5],
			"children": [4, 5, 6, 7, 8, 9, 10, 11]
		},
		{
			"name": "CrownJewels",
			"origin": [8.125, 1, 7.125],
			"children": [12, 13, 14, 15, 16, 17, 18, 19, 20, 21, 22, 23]
		}
	]
}