{
  "parent": "minecraft:item/generated",
  "textures": {
    "layer0": "minecraft:item/chainmail_helmet"
  },
  "overrides": [
	{"predicate": {"custom_model_data": 1}, "model": "item/copper_helmet"},
	{"predicate": {"custom_model_data": 2}, "model": "item/bronze_helmet"},
	{"predicate": {"custom_model_data": 3}, "model": "item/steel_helmet"},
	{"predicate": {"custom_model_data": 4}, "model": "item/darkstone_helmet"},
	{"predicate": {"custom_model_data": 5}, "model": "item/gold_banded_helmet"},
	{"predicate": {"custom_model_data": 6}, "model": "item/iron_banded_helmet"}
  ]
}