{
  "parent": "minecraft:item/generated",
  "textures": {
    "layer0": "minecraft:item/chainmail_leggings"
  },
  "overrides": [
	{"predicate": {"custom_model_data": 1}, "model": "item/copper_leggings"},
	{"predicate": {"custom_model_data": 2}, "model": "item/bronze_leggings"},
	{"predicate": {"custom_model_data": 3}, "model": "item/steel_leggings"},
	{"predicate": {"custom_model_data": 4}, "model": "item/darkstone_leggings"},
	{"predicate": {"custom_model_data": 5}, "model": "item/gold_banded_leggings"},
	{"predicate": {"custom_model_data": 6}, "model": "item/iron_banded_leggings"}
  ]
}