{
  "parent": "minecraft:item/generated",
  "textures": {
    "layer0": "minecraft:item/emerald"
  },
  "overrides": [
	{"predicate": {"custom_model_data": 1}, "model": "item/ruby"},
	{"predicate": {"custom_model_data": 2}, "model": "item/garnet"},
	{"predicate": {"custom_model_data": 3}, "model": "item/jasper"},
	{"predicate": {"custom_model_data": 4}, "model": "item/ammolite"},
	{"predicate": {"custom_model_data": 5}, "model": "item/onyx"},
	{"predicate": {"custom_model_data": 6}, "model": "item/topaz"},
	{"predicate": {"custom_model_data": 7}, "model": "item/peridot"},
	{"predicate": {"custom_model_data": 8}, "model": "item/pearl"},
	{"predicate": {"custom_model_data": 9}, "model": "item/sapphire"},
	{"predicate": {"custom_model_data": 10}, "model": "item/tourqouise"},
	{"predicate": {"custom_model_data": 11}, "model": "item/aquamarine"},
	{"predicate": {"custom_model_data": 12}, "model": "item/cordierite"},
	{"predicate": {"custom_model_data": 13}, "model": "item/chysoberyl"},
	{"predicate": {"custom_model_data": 14}, "model": "item/citrine"},
	{"predicate": {"custom_model_data": 15}, "model": "item/tourmaline"},
	{"predicate": {"custom_model_data": 16}, "model": "item/amber"},
	{"predicate": {"custom_model_data": 17}, "model": "item/sunstone"},
	{"predicate": {"custom_model_data": 18}, "model": "item/tanzenite"},
	{"predicate": {"custom_model_data": 19}, "model": "item/moonstone"}
  ]
}