{
	"credit": "Made with Blockbench",
	"textures": {
		"0": "block/farmerhat_pack",
		"particle": "block/farmerhat_pack"
	},
	"elements": [
		{
			"from": [4.8, 20, 11],
			"to": [11, 21.5, 12],
			"rotation": {"angle": 0, "axis": "y", "origin": [7.8, 21, 11.5]},
			"faces": {
				"north": {"uv": [0, 0, 6.2, 1.5], "texture": "#0"},
				"east": {"uv": [0, 0, 1, 1.5], "texture": "#0"},
				"south": {"uv": [0, 0, 6.2, 1.5], "texture": "#0"},
				"west": {"uv": [0, 0, 1, 1.5], "texture": "#0"},
				"up": {"uv": [0, 0, 1, 6.2], "rotation": 90, "texture": "#0"},
				"down": {"uv": [0, 0, 1, 6.2], "rotation": 270, "texture": "#0"}
			}
		},
		{
			"from": [5, 20, 4],
			"to": [11.2, 21.5, 5],
			"rotation": {"angle": 0, "axis": "y", "origin": [8, 21, 4.5]},
			"faces": {
				"north": {"uv": [0, 0, 6.2, 1.5], "texture": "#0"},
				"east": {"uv": [0, 0, 1, 1.5], "texture": "#0"},
				"south": {"uv": [0, 0, 6.2, 1.5], "texture": "#0"},
				"west": {"uv": [0, 0, 1, 1.5], "texture": "#0"},
				"up": {"uv": [0, 0, 1, 6.2], "rotation": 90, "texture": "#0"},
				"down": {"uv": [0, 0, 1, 6.2], "rotation": 270, "texture": "#0"}
			}
		},
		{
			"from": [11, 20, 5],
			"to": [12, 21.5, 11.2],
			"rotation": {"angle": 0, "axis": "y", "origin": [11.5, 21, 8]},
			"faces": {
				"north": {"uv": [0, 0, 1, 1.5], "texture": "#0"},
				"east": {"uv": [0, 0, 6.2, 1.5], "texture": "#0"},
				"south": {"uv": [0, 0, 1, 1.5], "texture": "#0"},
				"west": {"uv": [0, 0, 6.2, 1.5], "texture": "#0"},
				"up": {"uv": [0, 0, 1, 6.2], "texture": "#0"},
				"down": {"uv": [0, 0, 1, 6.2], "texture": "#0"}
			}
		},
		{
			"from": [4, 20, 4.8],
			"to": [5, 21.5, 11],
			"rotation": {"angle": 0, "axis": "y", "origin": [7.5, 21.5, 8.3]},
			"faces": {
				"north": {"uv": [0, 0, 1, 1.5], "texture": "#0"},
				"east": {"uv": [0, 0, 6.2, 1.5], "texture": "#0"},
				"south": {"uv": [0, 0, 1, 1.5], "texture": "#0"},
				"west": {"uv": [0, 0, 6.2, 1.5], "texture": "#0"},
				"up": {"uv": [0, 0, 1, 6.2], "texture": "#0"},
				"down": {"uv": [0, 0, 1, 6.2], "texture": "#0"}
			}
		},
		{
			"from": [5, 20, 5],
			"to": [11, 22, 11],
			"rotation": {"angle": 0, "axis": "y", "origin": [8.5, 21.5, 8.5]},
			"faces": {
				"north": {"uv": [0, 0, 6, 2], "texture": "#0"},
				"east": {"uv": [0, 0, 6, 2], "texture": "#0"},
				"south": {"uv": [0, 0, 6, 2], "texture": "#0"},
				"west": {"uv": [0, 0, 6, 2], "texture": "#0"},
				"up": {"uv": [0, 0, 6, 6], "texture": "#0"},
				"down": {"uv": [0, 0, 6, 6], "texture": "#0"}
			}
		},
		{
			"from": [10.5, 20, 12.5],
			"to": [12.5, 20.1, 13.5],
			"rotation": {"angle": 0, "axis": "y", "origin": [18.5, 28, 20.5]},
			"faces": {
				"north": {"uv": [0, 0, 2, 0.1], "texture": "#0"},
				"east": {"uv": [0, 0, 1, 0.1], "texture": "#0"},
				"south": {"uv": [0, 0, 2, 0.1], "texture": "#0"},
				"west": {"uv": [0, 0, 1, 0.1], "texture": "#0"},
				"up": {"uv": [0, 0, 2, 1], "texture": "#0"},
				"down": {"uv": [0, 0, 2, 1], "texture": "#0"}
			}
		},
		{
			"from": [11.5, 20, 11.5],
			"to": [13.5, 20.1, 12.5],
			"rotation": {"angle": 0, "axis": "y", "origin": [19.5, 28, 19.5]},
			"faces": {
				"north": {"uv": [0, 0, 2, 0.1], "texture": "#0"},
				"east": {"uv": [0, 0, 1, 0.1], "texture": "#0"},
				"south": {"uv": [0, 0, 2, 0.1], "texture": "#0"},
				"west": {"uv": [0, 0, 1, 0.1], "texture": "#0"},
				"up": {"uv": [0, 0, 2, 1], "texture": "#0"},
				"down": {"uv": [0, 0, 2, 1], "texture": "#0"}
			}
		},
		{
			"from": [11.5, 20, 10.5],
			"to": [12.5, 20.1, 11.5],
			"rotation": {"angle": 0, "axis": "y", "origin": [19.5, 28, 18.5]},
			"faces": {
				"north": {"uv": [0, 0, 1, 0.1], "texture": "#0"},
				"east": {"uv": [0, 0, 1, 0.1], "texture": "#0"},
				"south": {"uv": [0, 0, 1, 0.1], "texture": "#0"},
				"west": {"uv": [0, 0, 1, 0.1], "texture": "#0"},
				"up": {"uv": [0, 0, 1, 1], "texture": "#0"},
				"down": {"uv": [0, 0, 1, 1], "texture": "#0"}
			}
		},
		{
			"from": [12.5, 20, 9.5],
			"to": [13.5, 20.1, 10.5],
			"rotation": {"angle": 0, "axis": "y", "origin": [20.5, 28, 17.5]},
			"faces": {
				"north": {"uv": [0, 0, 1, 0.1], "texture": "#0"},
				"east": {"uv": [0, 0, 1, 0.1], "texture": "#0"},
				"south": {"uv": [0, 0, 1, 0.1], "texture": "#0"},
				"west": {"uv": [0, 0, 1, 0.1], "texture": "#0"},
				"up": {"uv": [0, 0, 1, 1], "texture": "#0"},
				"down": {"uv": [0, 0, 1, 1], "texture": "#0"}
			}
		},
		{
			"from": [11.5, 20, 7.5],
			"to": [13.5, 20.1, 9.5],
			"rotation": {"angle": 0, "axis": "y", "origin": [19.5, 28, 15.5]},
			"faces": {
				"north": {"uv": [0, 0, 2, 0.1], "texture": "#0"},
				"east": {"uv": [0, 0, 2, 0.1], "texture": "#0"},
				"south": {"uv": [0, 0, 2, 0.1], "texture": "#0"},
				"west": {"uv": [0, 0, 2, 0.1], "texture": "#0"},
				"up": {"uv": [0, 0, 2, 2], "texture": "#0"},
				"down": {"uv": [0, 0, 2, 2], "texture": "#0"}
			}
		},
		{
			"from": [12.5, 20, 6.5],
			"to": [13.5, 20.1, 7.5],
			"rotation": {"angle": 0, "axis": "y", "origin": [20.5, 28, 14.5]},
			"faces": {
				"north": {"uv": [0, 0, 1, 0.1], "texture": "#0"},
				"east": {"uv": [0, 0, 1, 0.1], "texture": "#0"},
				"south": {"uv": [0, 0, 1, 0.1], "texture": "#0"},
				"west": {"uv": [0, 0, 1, 0.1], "texture": "#0"},
				"up": {"uv": [0, 0, 1, 1], "texture": "#0"},
				"down": {"uv": [0, 0, 1, 1], "texture": "#0"}
			}
		},
		{
			"from": [12.5, 20, 5.5],
			"to": [13.5, 20.1, 6.5],
			"rotation": {"angle": 0, "axis": "y", "origin": [20.5, 28, 13.5]},
			"faces": {
				"north": {"uv": [0, 0, 1, 0.1], "texture": "#0"},
				"east": {"uv": [0, 0, 1, 0.1], "texture": "#0"},
				"south": {"uv": [0, 0, 1, 0.1], "texture": "#0"},
				"west": {"uv": [0, 0, 1, 0.1], "texture": "#0"},
				"up": {"uv": [0, 0, 1, 1], "texture": "#0"},
				"down": {"uv": [0, 0, 1, 1], "texture": "#0"}
			}
		},
		{
			"from": [11.5, 20, 5.5],
			"to": [12.5, 20.1, 6.5],
			"rotation": {"angle": 0, "axis": "y", "origin": [19.5, 28, 13.5]},
			"faces": {
				"north": {"uv": [0, 0, 1, 0.1], "texture": "#0"},
				"east": {"uv": [0, 0, 1, 0.1], "texture": "#0"},
				"south": {"uv": [0, 0, 1, 0.1], "texture": "#0"},
				"west": {"uv": [0, 0, 1, 0.1], "texture": "#0"},
				"up": {"uv": [0, 0, 1, 1], "texture": "#0"},
				"down": {"uv": [0, 0, 1, 1], "texture": "#0"}
			}
		},
		{
			"from": [11.5, 20, 4.5],
			"to": [12.5, 20.1, 5.5],
			"rotation": {"angle": 0, "axis": "y", "origin": [19.5, 28, 12.5]},
			"faces": {
				"north": {"uv": [0, 0, 1, 0.1], "texture": "#0"},
				"east": {"uv": [0, 0, 1, 0.1], "texture": "#0"},
				"south": {"uv": [0, 0, 1, 0.1], "texture": "#0"},
				"west": {"uv": [0, 0, 1, 0.1], "texture": "#0"},
				"up": {"uv": [0, 0, 1, 1], "texture": "#0"},
				"down": {"uv": [0, 0, 1, 1], "texture": "#0"}
			}
		},
		{
			"from": [11.5, 20, 2.5],
			"to": [12.5, 20.1, 4.5],
			"rotation": {"angle": 0, "axis": "y", "origin": [19.5, 28, 10.5]},
			"faces": {
				"north": {"uv": [0, 0, 1, 0.1], "texture": "#0"},
				"east": {"uv": [0, 0, 2, 0.1], "texture": "#0"},
				"south": {"uv": [0, 0, 1, 0.1], "texture": "#0"},
				"west": {"uv": [0, 0, 2, 0.1], "texture": "#0"},
				"up": {"uv": [0, 0, 1, 2], "texture": "#0"},
				"down": {"uv": [0, 0, 1, 2], "texture": "#0"}
			}
		},
		{
			"from": [12.5, 20, 3.5],
			"to": [13.5, 20.1, 4.5],
			"rotation": {"angle": 0, "axis": "y", "origin": [20.5, 28, 11.5]},
			"faces": {
				"north": {"uv": [0, 0, 1, 0.1], "texture": "#0"},
				"east": {"uv": [0, 0, 1, 0.1], "texture": "#0"},
				"south": {"uv": [0, 0, 1, 0.1], "texture": "#0"},
				"west": {"uv": [0, 0, 1, 0.1], "texture": "#0"},
				"up": {"uv": [0, 0, 1, 1], "texture": "#0"},
				"down": {"uv": [0, 0, 1, 1], "texture": "#0"}
			}
		},
		{
			"from": [8.5, 20, 2.5],
			"to": [10.5, 20.1, 4.5],
			"rotation": {"angle": 0, "axis": "y", "origin": [16.5, 28, 10.5]},
			"faces": {
				"north": {"uv": [0, 0, 2, 0.1], "texture": "#0"},
				"east": {"uv": [0, 0, 2, 0.1], "texture": "#0"},
				"south": {"uv": [0, 0, 2, 0.1], "texture": "#0"},
				"west": {"uv": [0, 0, 2, 0.1], "texture": "#0"},
				"up": {"uv": [0, 0, 2, 2], "texture": "#0"},
				"down": {"uv": [0, 0, 2, 2], "texture": "#0"}
			}
		},
		{
			"from": [7.5, 20, 3.5],
			"to": [8.5, 20.1, 4.5],
			"rotation": {"angle": 0, "axis": "y", "origin": [15.5, 28, 11.5]},
			"faces": {
				"north": {"uv": [0, 0, 1, 0.1], "texture": "#0"},
				"east": {"uv": [0, 0, 1, 0.1], "texture": "#0"},
				"south": {"uv": [0, 0, 1, 0.1], "texture": "#0"},
				"west": {"uv": [0, 0, 1, 0.1], "texture": "#0"},
				"up": {"uv": [0, 0, 1, 1], "texture": "#0"},
				"down": {"uv": [0, 0, 1, 1], "texture": "#0"}
			}
		},
		{
			"from": [6.5, 20, 2.5],
			"to": [7.5, 20.1, 4.5],
			"rotation": {"angle": 0, "axis": "y", "origin": [14.5, 28, 10.5]},
			"faces": {
				"north": {"uv": [0, 0, 1, 0.1], "texture": "#0"},
				"east": {"uv": [0, 0, 2, 0.1], "texture": "#0"},
				"south": {"uv": [0, 0, 1, 0.1], "texture": "#0"},
				"west": {"uv": [0, 0, 2, 0.1], "texture": "#0"},
				"up": {"uv": [0, 0, 1, 2], "texture": "#0"},
				"down": {"uv": [0, 0, 1, 2], "texture": "#0"}
			}
		},
		{
			"from": [5.5, 20, 3.5],
			"to": [6.5, 20.1, 4.5],
			"rotation": {"angle": 0, "axis": "y", "origin": [13.5, 28, 11.5]},
			"faces": {
				"north": {"uv": [0, 0, 1, 0.1], "texture": "#0"},
				"east": {"uv": [0, 0, 1, 0.1], "texture": "#0"},
				"south": {"uv": [0, 0, 1, 0.1], "texture": "#0"},
				"west": {"uv": [0, 0, 1, 0.1], "texture": "#0"},
				"up": {"uv": [0, 0, 1, 1], "texture": "#0"},
				"down": {"uv": [0, 0, 1, 1], "texture": "#0"}
			}
		},
		{
			"from": [3.5, 20, 2.5],
			"to": [4.5, 20.1, 3.5],
			"rotation": {"angle": 0, "axis": "y", "origin": [11.5, 28, 10.5]},
			"faces": {
				"north": {"uv": [0, 0, 1, 0.1], "texture": "#0"},
				"east": {"uv": [0, 0, 1, 0.1], "texture": "#0"},
				"south": {"uv": [0, 0, 1, 0.1], "texture": "#0"},
				"west": {"uv": [0, 0, 1, 0.1], "texture": "#0"},
				"up": {"uv": [0, 0, 1, 1], "texture": "#0"},
				"down": {"uv": [0, 0, 1, 1], "texture": "#0"}
			}
		},
		{
			"from": [2.5, 20, 3.5],
			"to": [4.5, 20.1, 4.5],
			"rotation": {"angle": 0, "axis": "y", "origin": [10.5, 28, 11.5]},
			"faces": {
				"north": {"uv": [0, 0, 2, 0.1], "texture": "#0"},
				"east": {"uv": [0, 0, 1, 0.1], "texture": "#0"},
				"south": {"uv": [0, 0, 2, 0.1], "texture": "#0"},
				"west": {"uv": [0, 0, 1, 0.1], "texture": "#0"},
				"up": {"uv": [0, 0, 2, 1], "texture": "#0"},
				"down": {"uv": [0, 0, 2, 1], "texture": "#0"}
			}
		},
		{
			"from": [3.5, 20, 4.5],
			"to": [4.5, 20.1, 5.5],
			"rotation": {"angle": 0, "axis": "y", "origin": [11.5, 28, 12.5]},
			"faces": {
				"north": {"uv": [0, 0, 1, 0.1], "texture": "#0"},
				"east": {"uv": [0, 0, 1, 0.1], "texture": "#0"},
				"south": {"uv": [0, 0, 1, 0.1], "texture": "#0"},
				"west": {"uv": [0, 0, 1, 0.1], "texture": "#0"},
				"up": {"uv": [0, 0, 1, 1], "texture": "#0"},
				"down": {"uv": [0, 0, 1, 1], "texture": "#0"}
			}
		},
		{
			"from": [2.5, 20, 5.5],
			"to": [4.5, 20.1, 6.5],
			"rotation": {"angle": 0, "axis": "y", "origin": [10.5, 28, 13.5]},
			"faces": {
				"north": {"uv": [0, 0, 2, 0.1], "texture": "#0"},
				"east": {"uv": [0, 0, 1, 0.1], "texture": "#0"},
				"south": {"uv": [0, 0, 2, 0.1], "texture": "#0"},
				"west": {"uv": [0, 0, 1, 0.1], "texture": "#0"},
				"up": {"uv": [0, 0, 2, 1], "texture": "#0"},
				"down": {"uv": [0, 0, 2, 1], "texture": "#0"}
			}
		},
		{
			"from": [1.5, 20, 6.5],
			"to": [2.5, 20.1, 7.5],
			"rotation": {"angle": 0, "axis": "y", "origin": [9.5, 28, 14.5]},
			"faces": {
				"north": {"uv": [0, 0, 1, 0.1], "texture": "#0"},
				"east": {"uv": [0, 0, 1, 0.1], "texture": "#0"},
				"south": {"uv": [0, 0, 1, 0.1], "texture": "#0"},
				"west": {"uv": [0, 0, 1, 0.1], "texture": "#0"},
				"up": {"uv": [0, 0, 1, 1], "texture": "#0"},
				"down": {"uv": [0, 0, 1, 1], "texture": "#0"}
			}
		},
		{
			"from": [2.5, 20, 7.5],
			"to": [4.5, 20.1, 9.5],
			"rotation": {"angle": 0, "axis": "y", "origin": [10.5, 28, 15.5]},
			"faces": {
				"north": {"uv": [0, 0, 2, 0.1], "texture": "#0"},
				"east": {"uv": [0, 0, 2, 0.1], "texture": "#0"},
				"south": {"uv": [0, 0, 2, 0.1], "texture": "#0"},
				"west": {"uv": [0, 0, 2, 0.1], "texture": "#0"},
				"up": {"uv": [0, 0, 2, 2], "texture": "#0"},
				"down": {"uv": [0, 0, 2, 2], "texture": "#0"}
			}
		},
		{
			"from": [3.5, 20, 6.5],
			"to": [4.5, 20.1, 7.5],
			"rotation": {"angle": 0, "axis": "y", "origin": [11.5, 28, 14.5]},
			"faces": {
				"north": {"uv": [0, 0, 1, 0.1], "texture": "#0"},
				"east": {"uv": [0, 0, 1, 0.1], "texture": "#0"},
				"south": {"uv": [0, 0, 1, 0.1], "texture": "#0"},
				"west": {"uv": [0, 0, 1, 0.1], "texture": "#0"},
				"up": {"uv": [0, 0, 1, 1], "texture": "#0"},
				"down": {"uv": [0, 0, 1, 1], "texture": "#0"}
			}
		},
		{
			"from": [3.5, 20, 9.5],
			"to": [4.5, 20.1, 11.5],
			"rotation": {"angle": 0, "axis": "y", "origin": [11.5, 28, 17.5]},
			"faces": {
				"north": {"uv": [0, 0, 1, 0.1], "texture": "#0"},
				"east": {"uv": [0, 0, 2, 0.1], "texture": "#0"},
				"south": {"uv": [0, 0, 1, 0.1], "texture": "#0"},
				"west": {"uv": [0, 0, 2, 0.1], "texture": "#0"},
				"up": {"uv": [0, 0, 1, 2], "texture": "#0"},
				"down": {"uv": [0, 0, 1, 2], "texture": "#0"}
			}
		},
		{
			"from": [2.5, 20, 10.5],
			"to": [3.5, 20.1, 11.5],
			"rotation": {"angle": 0, "axis": "y", "origin": [10.5, 28, 18.5]},
			"faces": {
				"north": {"uv": [0, 0, 1, 0.1], "texture": "#0"},
				"east": {"uv": [0, 0, 1, 0.1], "texture": "#0"},
				"south": {"uv": [0, 0, 1, 0.1], "texture": "#0"},
				"west": {"uv": [0, 0, 1, 0.1], "texture": "#0"},
				"up": {"uv": [0, 0, 1, 1], "texture": "#0"},
				"down": {"uv": [0, 0, 1, 1], "texture": "#0"}
			}
		},
		{
			"from": [3.5, 20, 11.5],
			"to": [4.5, 20.1, 12.5],
			"rotation": {"angle": 0, "axis": "y", "origin": [11.5, 28, 19.5]},
			"faces": {
				"north": {"uv": [0, 0, 1, 0.1], "texture": "#0"},
				"east": {"uv": [0, 0, 1, 0.1], "texture": "#0"},
				"south": {"uv": [0, 0, 1, 0.1], "texture": "#0"},
				"west": {"uv": [0, 0, 1, 0.1], "texture": "#0"},
				"up": {"uv": [0, 0, 1, 1], "texture": "#0"},
				"down": {"uv": [0, 0, 1, 1], "texture": "#0"}
			}
		},
		{
			"from": [4.5, 20, 11.5],
			"to": [5.5, 20.1, 13.5],
			"rotation": {"angle": 0, "axis": "y", "origin": [12.5, 28, 19.5]},
			"faces": {
				"north": {"uv": [0, 0, 1, 0.1], "texture": "#0"},
				"east": {"uv": [0, 0, 2, 0.1], "texture": "#0"},
				"south": {"uv": [0, 0, 1, 0.1], "texture": "#0"},
				"west": {"uv": [0, 0, 2, 0.1], "texture": "#0"},
				"up": {"uv": [0, 0, 1, 2], "texture": "#0"},
				"down": {"uv": [0, 0, 1, 2], "texture": "#0"}
			}
		},
		{
			"from": [5.5, 20, 11.5],
			"to": [6.5, 20.1, 12.5],
			"rotation": {"angle": 0, "axis": "y", "origin": [13.5, 28, 19.5]},
			"faces": {
				"north": {"uv": [0, 0, 1, 0.1], "texture": "#0"},
				"east": {"uv": [0, 0, 1, 0.1], "texture": "#0"},
				"south": {"uv": [0, 0, 1, 0.1], "texture": "#0"},
				"west": {"uv": [0, 0, 1, 0.1], "texture": "#0"},
				"up": {"uv": [0, 0, 1, 1], "texture": "#0"},
				"down": {"uv": [0, 0, 1, 1], "texture": "#0"}
			}
		},
		{
			"from": [6.5, 20, 11.5],
			"to": [8.5, 20.1, 13.5],
			"rotation": {"angle": 0, "axis": "y", "origin": [14.5, 28, 19.5]},
			"faces": {
				"north": {"uv": [0, 0, 2, 0.1], "texture": "#0"},
				"east": {"uv": [0, 0, 2, 0.1], "texture": "#0"},
				"south": {"uv": [0, 0, 2, 0.1], "texture": "#0"},
				"west": {"uv": [0, 0, 2, 0.1], "texture": "#0"},
				"up": {"uv": [0, 0, 2, 2], "texture": "#0"},
				"down": {"uv": [0, 0, 2, 2], "texture": "#0"}
			}
		},
		{
			"from": [6.5, 20, 13.5],
			"to": [7.5, 20.1, 14.5],
			"rotation": {"angle": 0, "axis": "y", "origin": [14.5, 28, 21.5]},
			"faces": {
				"north": {"uv": [0, 0, 1, 0.1], "texture": "#0"},
				"east": {"uv": [0, 0, 1, 0.1], "texture": "#0"},
				"south": {"uv": [0, 0, 1, 0.1], "texture": "#0"},
				"west": {"uv": [0, 0, 1, 0.1], "texture": "#0"},
				"up": {"uv": [0, 0, 1, 1], "texture": "#0"},
				"down": {"uv": [0, 0, 1, 1], "texture": "#0"}
			}
		},
		{
			"from": [8.5, 20, 12.5],
			"to": [10.5, 20.1, 13.5],
			"rotation": {"angle": 0, "axis": "y", "origin": [16.5, 28, 20.5]},
			"faces": {
				"north": {"uv": [0, 0, 2, 0.1], "texture": "#0"},
				"east": {"uv": [0, 0, 1, 0.1], "texture": "#0"},
				"south": {"uv": [0, 0, 2, 0.1], "texture": "#0"},
				"west": {"uv": [0, 0, 1, 0.1], "texture": "#0"},
				"up": {"uv": [0, 0, 2, 1], "texture": "#0"},
				"down": {"uv": [0, 0, 2, 1], "texture": "#0"}
			}
		},
		{
			"from": [9.5, 20, 13.5],
			"to": [10.5, 20.1, 14.5],
			"rotation": {"angle": 0, "axis": "y", "origin": [17.5, 28, 21.5]},
			"faces": {
				"north": {"uv": [0, 0, 1, 0.1], "texture": "#0"},
				"east": {"uv": [0, 0, 1, 0.1], "texture": "#0"},
				"south": {"uv": [0, 0, 1, 0.1], "texture": "#0"},
				"west": {"uv": [0, 0, 1, 0.1], "texture": "#0"},
				"up": {"uv": [0, 0, 1, 1], "texture": "#0"},
				"down": {"uv": [0, 0, 1, 1], "texture": "#0"}
			}
		},
		{
			"from": [9.5, 20, 11.5],
			"to": [10.5, 20.1, 12.5],
			"rotation": {"angle": 0, "axis": "y", "origin": [17.5, 28, 19.5]},
			"faces": {
				"north": {"uv": [0, 0, 1, 0.1], "texture": "#0"},
				"east": {"uv": [0, 0, 1, 0.1], "texture": "#0"},
				"south": {"uv": [0, 0, 1, 0.1], "texture": "#0"},
				"west": {"uv": [0, 0, 1, 0.1], "texture": "#0"},
				"up": {"uv": [0, 0, 1, 1], "texture": "#0"},
				"down": {"uv": [0, 0, 1, 1], "texture": "#0"}
			}
		},
		{
			"from": [12, 10, 10],
			"to": [13, 12, 18],
			"rotation": {"angle": 0, "axis": "y", "origin": [20, 18, 18]},
			"faces": {
				"north": {"uv": [12.5, 14, 13.5, 16], "texture": "#0", "cullface": "north"},
				"east": {"uv": [0, 14, 8, 16], "texture": "#0"},
				"south": {"uv": [12.5, 14, 13.5, 16], "texture": "#0"},
				"west": {"uv": [0, 12, 8, 14], "texture": "#0"},
				"up": {"uv": [15, 8, 16, 16], "texture": "#0"},
				"down": {"uv": [14, 8, 15, 16], "texture": "#0"}
			}
		},
		{
			"from": [3, 10, 10],
			"to": [4, 12, 18],
			"rotation": {"angle": 0, "axis": "y", "origin": [11, 18, 18]},
			"faces": {
				"north": {"uv": [13, 14, 14, 16], "texture": "#0"},
				"east": {"uv": [0, 12, 8, 14], "texture": "#0"},
				"south": {"uv": [13, 12.5, 14, 14.5], "texture": "#0"},
				"west": {"uv": [0, 14, 8, 16], "texture": "#0"},
				"up": {"uv": [15, 8, 16, 16], "texture": "#0"},
				"down": {"uv": [14, 8, 15, 16], "texture": "#0"}
			}
		},
		{
			"from": [3, 10, 18],
			"to": [13, 12, 19],
			"rotation": {"angle": 0, "axis": "y", "origin": [11, 18, 26]},
			"faces": {
				"north": {"uv": [0, 12, 10, 14], "texture": "#0"},
				"east": {"uv": [12, 14, 13, 16], "texture": "#0"},
				"south": {"uv": [0, 12, 10, 14], "texture": "#0"},
				"west": {"uv": [13, 14, 14, 16], "texture": "#0"},
				"up": {"uv": [0, 12.5, 10, 13.5], "texture": "#0"},
				"down": {"uv": [0, 12, 10, 13], "texture": "#0"}
			}
		},
		{
			"from": [3, 10, 9],
			"to": [13, 12, 10],
			"rotation": {"angle": 0, "axis": "y", "origin": [11, 18, 17]},
			"faces": {
				"north": {"uv": [0, 14, 10, 16], "texture": "#0"},
				"east": {"uv": [12, 14, 13, 16], "texture": "#0"},
				"south": {"uv": [0, 12, 10, 14], "texture": "#0"},
				"west": {"uv": [12, 14, 13, 16], "texture": "#0"},
				"up": {"uv": [0, 12, 10, 13], "texture": "#0"},
				"down": {"uv": [0, 12, 10, 13], "texture": "#0"}
			}
		},
		{
			"from": [12, 7, 10],
			"to": [13, 9, 18],
			"rotation": {"angle": 0, "axis": "y", "origin": [20, 15, 18]},
			"faces": {
				"north": {"uv": [12.5, 14, 13.5, 16], "texture": "#0", "cullface": "north"},
				"east": {"uv": [0, 14, 8, 16], "texture": "#0"},
				"south": {"uv": [12.5, 14, 13.5, 16], "texture": "#0"},
				"west": {"uv": [0, 12, 8, 14], "texture": "#0"},
				"up": {"uv": [15, 8, 16, 16], "texture": "#0"},
				"down": {"uv": [14, 8, 15, 16], "texture": "#0"}
			}
		},
		{
			"from": [3, 7, 10],
			"to": [4, 9, 18],
			"rotation": {"angle": 0, "axis": "y", "origin": [11, 15, 18]},
			"faces": {
				"north": {"uv": [13, 14, 14, 16], "texture": "#0"},
				"east": {"uv": [0, 12, 8, 14], "texture": "#0"},
				"south": {"uv": [13, 12.5, 14, 14.5], "texture": "#0"},
				"west": {"uv": [0, 14, 8, 16], "texture": "#0"},
				"up": {"uv": [15, 8, 16, 16], "texture": "#0"},
				"down": {"uv": [14, 8, 15, 16], "texture": "#0"}
			}
		},
		{
			"from": [3, 7, 18],
			"to": [13, 9, 19],
			"rotation": {"angle": 0, "axis": "y", "origin": [11, 15, 26]},
			"faces": {
				"north": {"uv": [0, 12, 10, 14], "texture": "#0"},
				"east": {"uv": [12, 14, 13, 16], "texture": "#0"},
				"south": {"uv": [0, 12, 10, 14], "texture": "#0"},
				"west": {"uv": [13, 14, 14, 16], "texture": "#0"},
				"up": {"uv": [0, 12.5, 10, 13.5], "texture": "#0"},
				"down": {"uv": [0, 12, 10, 13], "texture": "#0"}
			}
		},
		{
			"from": [3, 7, 9],
			"to": [13, 9, 10],
			"rotation": {"angle": 0, "axis": "y", "origin": [11, 15, 17]},
			"faces": {
				"north": {"uv": [0, 14, 10, 16], "texture": "#0"},
				"east": {"uv": [12, 14, 13, 16], "texture": "#0"},
				"south": {"uv": [0, 12, 10, 14], "texture": "#0"},
				"west": {"uv": [12, 14, 13, 16], "texture": "#0"},
				"up": {"uv": [0, 12, 10, 13], "texture": "#0"},
				"down": {"uv": [0, 12, 10, 13], "texture": "#0"}
			}
		},
		{
			"from": [12, 4, 10],
			"to": [13, 6, 18],
			"rotation": {"angle": 0, "axis": "y", "origin": [20, 12, 18]},
			"faces": {
				"north": {"uv": [12.5, 14, 13.5, 16], "texture": "#0", "cullface": "north"},
				"east": {"uv": [0, 14, 8, 16], "texture": "#0"},
				"south": {"uv": [12.5, 14, 13.5, 16], "texture": "#0"},
				"west": {"uv": [0, 12, 8, 14], "texture": "#0"},
				"up": {"uv": [15, 8, 16, 16], "texture": "#0"},
				"down": {"uv": [14, 8, 15, 16], "texture": "#0"}
			}
		},
		{
			"from": [3, 4, 10],
			"to": [4, 6, 18],
			"rotation": {"angle": 0, "axis": "y", "origin": [11, 12, 18]},
			"faces": {
				"north": {"uv": [13, 14, 14, 16], "texture": "#0"},
				"east": {"uv": [0, 12, 8, 14], "texture": "#0"},
				"south": {"uv": [13, 12.5, 14, 14.5], "texture": "#0"},
				"west": {"uv": [0, 14, 8, 16], "texture": "#0"},
				"up": {"uv": [15, 8, 16, 16], "texture": "#0"},
				"down": {"uv": [14, 8, 15, 16], "texture": "#0"}
			}
		},
		{
			"from": [3, 4, 18],
			"to": [13, 6, 19],
			"rotation": {"angle": 0, "axis": "y", "origin": [11, 12, 26]},
			"faces": {
				"north": {"uv": [0, 12, 10, 14], "texture": "#0"},
				"east": {"uv": [12, 14, 13, 16], "texture": "#0"},
				"south": {"uv": [0, 12, 10, 14], "texture": "#0"},
				"west": {"uv": [13, 14, 14, 16], "texture": "#0"},
				"up": {"uv": [0, 12.5, 10, 13.5], "texture": "#0"},
				"down": {"uv": [0, 12, 10, 13], "texture": "#0"}
			}
		},
		{
			"from": [3, 4, 9],
			"to": [13, 6, 10],
			"rotation": {"angle": 0, "axis": "y", "origin": [11, 12, 17]},
			"faces": {
				"north": {"uv": [0, 14, 10, 16], "texture": "#0"},
				"east": {"uv": [12, 14, 13, 16], "texture": "#0"},
				"south": {"uv": [0, 12, 10, 14], "texture": "#0"},
				"west": {"uv": [12, 14, 13, 16], "texture": "#0"},
				"up": {"uv": [0, 12, 10, 13], "texture": "#0"},
				"down": {"uv": [0, 12, 10, 13], "texture": "#0"}
			}
		},
		{
			"from": [12, 9, 10],
			"to": [12.5, 10, 18],
			"rotation": {"angle": 0, "axis": "y", "origin": [20, 17, 18]},
			"faces": {
				"north": {"uv": [12, 10.5, 12.5, 11.5], "texture": "#0"},
				"east": {"uv": [0, 10.5, 8, 11.5], "texture": "#0"},
				"south": {"uv": [11.5, 10.5, 12, 11.5], "texture": "#0"},
				"west": {"uv": [0, 11, 8, 12], "texture": "#0"},
				"up": {"uv": [13.5, 4, 14, 12], "texture": "#0"},
				"down": {"uv": [13, 4, 13.5, 12], "texture": "#0"}
			}
		},
		{
			"from": [3.5, 9, 9.5],
			"to": [12.5, 10, 10],
			"rotation": {"angle": 0, "axis": "y", "origin": [11.5, 17, 17.5]},
			"faces": {
				"north": {"uv": [0, 10.5, 9, 11.5], "texture": "#0"},
				"east": {"uv": [11.5, 11, 12, 12], "texture": "#0"},
				"south": {"uv": [0, 11, 9, 12], "texture": "#0"},
				"west": {"uv": [11, 10.5, 11.5, 11.5], "texture": "#0"},
				"up": {"uv": [0, 11.5, 9, 12], "texture": "#0"},
				"down": {"uv": [0, 11, 9, 11.5], "texture": "#0"}
			}
		},
		{
			"from": [3.5, 9, 10],
			"to": [4, 10, 18],
			"rotation": {"angle": 0, "axis": "y", "origin": [11.5, 17, 18]},
			"faces": {
				"north": {"uv": [12, 11, 12.5, 12], "texture": "#0"},
				"east": {"uv": [0, 11, 8, 12], "texture": "#0"},
				"south": {"uv": [11.5, 10.5, 12, 11.5], "texture": "#0"},
				"west": {"uv": [0, 10.5, 8, 11.5], "texture": "#0"},
				"up": {"uv": [12.5, 4, 13, 12], "texture": "#0"},
				"down": {"uv": [12.5, 4, 13, 12], "texture": "#0"}
			}
		},
		{
			"from": [3.5, 9, 18],
			"to": [12.5, 10, 18.5],
			"rotation": {"angle": 0, "axis": "y", "origin": [11.5, 17, 26]},
			"faces": {
				"north": {"uv": [0, 10.5, 9, 11.5], "texture": "#0"},
				"east": {"uv": [12, 10.5, 12.5, 11.5], "texture": "#0"},
				"south": {"uv": [0, 11, 9, 12], "texture": "#0"},
				"west": {"uv": [12, 10.5, 12.5, 11.5], "texture": "#0"},
				"up": {"uv": [0, 10.5, 9, 11], "texture": "#0"},
				"down": {"uv": [0, 11.5, 9, 12], "texture": "#0"}
			}
		},
		{
			"from": [12, 6, 10],
			"to": [12.5, 7, 18],
			"rotation": {"angle": 0, "axis": "y", "origin": [20, 14, 18]},
			"faces": {
				"north": {"uv": [12, 10.5, 12.5, 11.5], "texture": "#0"},
				"east": {"uv": [0, 10.5, 8, 11.5], "texture": "#0"},
				"south": {"uv": [11.5, 10.5, 12, 11.5], "texture": "#0"},
				"west": {"uv": [0, 11, 8, 12], "texture": "#0"},
				"up": {"uv": [13.5, 4, 14, 12], "texture": "#0"},
				"down": {"uv": [13, 4, 13.5, 12], "texture": "#0"}
			}
		},
		{
			"from": [3.5, 6, 9.5],
			"to": [12.5, 7, 10],
			"rotation": {"angle": 0, "axis": "y", "origin": [11.5, 14, 17.5]},
			"faces": {
				"north": {"uv": [0, 10.5, 9, 11.5], "texture": "#0"},
				"east": {"uv": [11.5, 11, 12, 12], "texture": "#0"},
				"south": {"uv": [0, 11, 9, 12], "texture": "#0"},
				"west": {"uv": [11, 10.5, 11.5, 11.5], "texture": "#0"},
				"up": {"uv": [0, 11.5, 9, 12], "texture": "#0"},
				"down": {"uv": [0, 11, 9, 11.5], "texture": "#0"}
			}
		},
		{
			"from": [3.5, 6, 10],
			"to": [4, 7, 18],
			"rotation": {"angle": 0, "axis": "y", "origin": [11.5, 14, 18]},
			"faces": {
				"north": {"uv": [12, 11, 12.5, 12], "texture": "#0"},
				"east": {"uv": [0, 11, 8, 12], "texture": "#0"},
				"south": {"uv": [11.5, 10.5, 12, 11.5], "texture": "#0"},
				"west": {"uv": [0, 10.5, 8, 11.5], "texture": "#0"},
				"up": {"uv": [12.5, 4, 13, 12], "texture": "#0"},
				"down": {"uv": [12.5, 4, 13, 12], "texture": "#0"}
			}
		},
		{
			"from": [3.5, 6, 18],
			"to": [12.5, 7, 18.5],
			"rotation": {"angle": 0, "axis": "y", "origin": [11.5, 14, 26]},
			"faces": {
				"north": {"uv": [0, 10.5, 9, 11.5], "texture": "#0"},
				"east": {"uv": [12, 10.5, 12.5, 11.5], "texture": "#0"},
				"south": {"uv": [0, 11, 9, 12], "texture": "#0"},
				"west": {"uv": [12, 10.5, 12.5, 11.5], "texture": "#0"},
				"up": {"uv": [0, 10.5, 9, 11], "texture": "#0"},
				"down": {"uv": [0, 11.5, 9, 12], "texture": "#0"}
			}
		},
		{
			"from": [3, 12, 13.2],
			"to": [4, 12.3, 14.2],
			"rotation": {"angle": 0, "axis": "y", "origin": [11, 20, 21.2]},
			"faces": {
				"north": {"uv": [15, 7.5, 16, 8], "texture": "#0"},
				"east": {"uv": [14.5, 7, 15.5, 7.5], "texture": "#0"},
				"south": {"uv": [14.5, 7, 15.5, 7.5], "texture": "#0"},
				"west": {"uv": [14.5, 6.5, 15.5, 7], "texture": "#0"},
				"up": {"uv": [15, 7, 16, 8], "texture": "#0"},
				"down": {"uv": [14, 7, 15, 8], "texture": "#0"}
			}
		},
		{
			"from": [12, 12, 13.2],
			"to": [13, 12.3, 14.2],
			"rotation": {"angle": 0, "axis": "y", "origin": [20, 20, 21.2]},
			"faces": {
				"north": {"uv": [15, 7.5, 16, 8], "texture": "#0"},
				"east": {"uv": [14.5, 7, 15.5, 7.5], "texture": "#0"},
				"south": {"uv": [14.5, 7, 15.5, 7.5], "texture": "#0"},
				"west": {"uv": [14.5, 6.5, 15.5, 7], "texture": "#0"},
				"up": {"uv": [15, 7, 16, 8], "texture": "#0"},
				"down": {"uv": [14, 7, 15, 8], "texture": "#0"}
			}
		},
		{
			"from": [3.1, 13.3432, 9.34729],
			"to": [3.9, 13.4432, 13.54729],
			"rotation": {"angle": 22.5, "axis": "x", "origin": [3.5, 13.3932, 10.04729]},
			"faces": {
				"north": {"uv": [14.5, 3.5, 15.5, 3.5], "texture": "#0"},
				"east": {"uv": [15, 0.5, 15.5, 5], "rotation": 90, "texture": "#0"},
				"south": {"uv": [15, 2.5, 16, 2.5], "texture": "#0"},
				"west": {"uv": [15, 0.5, 15.5, 5], "rotation": 90, "texture": "#0"},
				"up": {"uv": [15, 1, 16, 5], "texture": "#0"},
				"down": {"uv": [14.5, 0.5, 15.5, 4.5], "texture": "#0"}
			}
		},
		{
			"from": [12.1, 13.3432, 9.34729],
			"to": [12.9, 13.4432, 13.54729],
			"rotation": {"angle": 22.5, "axis": "x", "origin": [12.5, 13.3932, 10.04729]},
			"faces": {
				"north": {"uv": [14.5, 3.5, 15.5, 3.5], "texture": "#0"},
				"east": {"uv": [15, 0.5, 15.5, 5], "rotation": 90, "texture": "#0"},
				"south": {"uv": [15, 2.5, 16, 2.5], "texture": "#0"},
				"west": {"uv": [15, 0.5, 15.5, 5], "rotation": 90, "texture": "#0"},
				"up": {"uv": [15, 1, 16, 5], "texture": "#0"},
				"down": {"uv": [14.5, 0.5, 15.5, 4.5], "texture": "#0"}
			}
		},
		{
			"from": [4, 4, 10],
			"to": [12, 10, 18],
			"rotation": {"angle": 0, "axis": "y", "origin": [12, 12, 18]},
			"faces": {
				"north": {"uv": [6, 4, 12.5, 10.5], "texture": "#0"},
				"east": {"uv": [6, 4, 12.5, 10.5], "texture": "#0"},
				"south": {"uv": [6, 4, 12.5, 10.5], "texture": "#0"},
				"west": {"uv": [6, 4, 12.5, 10.5], "texture": "#0"},
				"up": {"uv": [6, 4, 12.5, 10.5], "texture": "#0"},
				"down": {"uv": [6, 4, 12.5, 10.5], "texture": "#0"}
			}
		}
	],
	"display": {
		"head": {
			"translation": [0, -17.75, 0],
			"scale": [2, 2, 2]
		}
	},
	"groups": [
		{
			"name": "HatGroup",
			"origin": [17.5, 8, 19.5],
			"children": [
				{
					"name": "Hat",
					"origin": [8.5, 1.5, 8.5],
					"children": [0, 1, 2, 3, 4]
				},
				{
					"name": "Brim",
					"origin": [17.5, 8, 19.5],
					"children": [5, 6, 7, 8, 9, 10, 11, 12, 13, 14, 15, 16, 17, 18, 19, 20, 21, 22, 23, 24, 25, 26, 27, 28, 29, 30, 31, 32, 33, 34, 35, 36]
				}
			]
		},
		{
			"name": "Pack",
			"origin": [17.5, 8, 19.5],
			"children": [
				{
					"name": "OuterRingTop",
					"origin": [8, 8, 8],
					"children": [37, 38, 39, 40]
				},
				{
					"name": "OuterRingMiddle",
					"origin": [8, 8, 8],
					"children": [41, 42, 43, 44]
				},
				{
					"name": "OuterRingBottom",
					"origin": [8, 8, 8],
					"children": [45, 46, 47, 48]
				},
				{
					"name": "InnerRingA",
					"origin": [8.5, 10, 17],
					"children": [49, 50, 51, 52]
				},
				{
					"name": "InnerRingB",
					"origin": [8.5, 10, 17],
					"children": [53, 54, 55, 56]
				},
				{
					"name": "Straps",
					"origin": [12.5, 13.3932, 10.04729],
					"children": [57, 58, 59, 60]
				}, 61]
		}
	]
}