{
	"credit": "Made with Blockbench",
	"textures": {
		"0": "block/farmerhat_pack",
		"particle": "block/farmerhat_pack"
	},
	"elements": [
		{
			"from": [4.8, 20, 11],
			"to": [11, 21.5, 12],
			"rotation": {"angle": 0, "axis": "y", "origin": [7.8, 21, 11.5]},
			"faces": {
				"north": {"uv": [0, 0, 6.2, 1.5], "texture": "#0"},
				"east": {"uv": [0, 0, 1, 1.5], "texture": "#0"},
				"south": {"uv": [0, 0, 6.2, 1.5], "texture": "#0"},
				"west": {"uv": [0, 0, 1, 1.5], "texture": "#0"},
				"up": {"uv": [0, 0, 1, 6.2], "rotation": 90, "texture": "#0"},
				"down": {"uv": [0, 0, 1, 6.2], "rotation": 270, "texture": "#0"}
			}
		},
		{
			"from": [5, 20, 4],
			"to": [11.2, 21.5, 5],
			"rotation": {"angle": 0, "axis": "y", "origin": [8, 21, 4.5]},
			"faces": {
				"north": {"uv": [0, 0, 6.2, 1.5], "texture": "#0"},
				"east": {"uv": [0, 0, 1, 1.5], "texture": "#0"},
				"south": {"uv": [0, 0, 6.2, 1.5], "texture": "#0"},
				"west": {"uv": [0, 0, 1, 1.5], "texture": "#0"},
				"up": {"uv": [0, 0, 1, 6.2], "rotation": 90, "texture": "#0"},
				"down": {"uv": [0, 0, 1, 6.2], "rotation": 270, "texture": "#0"}
			}
		},
		{
			"from": [11, 20, 5],
			"to": [12, 21.5, 11.2],
			"rotation": {"angle": 0, "axis": "y", "origin": [11.5, 21, 8]},
			"faces": {
				"north": {"uv": [0, 0, 1, 1.5], "texture": "#0"},
				"east": {"uv": [0, 0, 6.2, 1.5], "texture": "#0"},
				"south": {"uv": [0, 0, 1, 1.5], "texture": "#0"},
				"west": {"uv": [0, 0, 6.2, 1.5], "texture": "#0"},
				"up": {"uv": [0, 0, 1, 6.2], "texture": "#0"},
				"down": {"uv": [0, 0, 1, 6.2], "texture": "#0"}
			}
		},
		{
			"from": [4, 20, 4.8],
			"to": [5, 21.5, 11],
			"rotation": {"angle": 0, "axis": "y", "origin": [7.5, 21.5, 8.3]},
			"faces": {
				"north": {"uv": [0, 0, 1, 1.5], "texture": "#0"},
				"east": {"uv": [0, 0, 6.2, 1.5], "texture": "#0"},
				"south": {"uv": [0, 0, 1, 1.5], "texture": "#0"},
				"west": {"uv": [0, 0, 6.2, 1.5], "texture": "#0"},
				"up": {"uv": [0, 0, 1, 6.2], "texture": "#0"},
				"down": {"uv": [0, 0, 1, 6.2], "texture": "#0"}
			}
		},
		{
			"from": [5, 20, 5],
			"to": [11, 22, 11],
			"rotation": {"angle": 0, "axis": "y", "origin": [8.5, 21.5, 8.5]},
			"faces": {
				"north": {"uv": [0, 0, 6, 2], "texture": "#0"},
				"east": {"uv": [0, 0, 6, 2], "texture": "#0"},
				"south": {"uv": [0, 0, 6, 2], "texture": "#0"},
				"west": {"uv": [0, 0, 6, 2], "texture": "#0"},
				"up": {"uv": [0, 0, 6, 6], "texture": "#0"},
				"down": {"uv": [0, 0, 6, 6], "texture": "#0"}
			}
		},
		{
			"from": [10.5, 20, 12.5],
			"to": [12.5, 20.1, 13.5],
			"rotation": {"angle": 0, "axis": "y", "origin": [18.5, 28, 20.5]},
			"faces": {
				"north": {"uv": [0, 0, 2, 0.1], "texture": "#0"},
				"east": {"uv": [0, 0, 1, 0.1], "texture": "#0"},
				"south": {"uv": [0, 0, 2, 0.1], "texture": "#0"},
				"west": {"uv": [0, 0, 1, 0.1], "texture": "#0"},
				"up": {"uv": [0, 0, 2, 1], "texture": "#0"},
				"down": {"uv": [0, 0, 2, 1], "texture": "#0"}
			}
		},
		{
			"from": [11.5, 20, 11.5],
			"to": [13.5, 20.1, 12.5],
			"rotation": {"angle": 0, "axis": "y", "origin": [19.5, 28, 19.5]},
			"faces": {
				"north": {"uv": [0, 0, 2, 0.1], "texture": "#0"},
				"east": {"uv": [0, 0, 1, 0.1], "texture": "#0"},
				"south": {"uv": [0, 0, 2, 0.1], "texture": "#0"},
				"west": {"uv": [0, 0, 1, 0.1], "texture": "#0"},
				"up": {"uv": [0, 0, 2, 1], "texture": "#0"},
				"down": {"uv": [0, 0, 2, 1], "texture": "#0"}
			}
		},
		{
			"from": [11.5, 20, 10.5],
			"to": [12.5, 20.1, 11.5],
			"rotation": {"angle": 0, "axis": "y", "origin": [19.5, 28, 18.5]},
			"faces": {
				"north": {"uv": [0, 0, 1, 0.1], "texture": "#0"},
				"east": {"uv": [0, 0, 1, 0.1], "texture": "#0"},
				"south": {"uv": [0, 0, 1, 0.1], "texture": "#0"},
				"west": {"uv": [0, 0, 1, 0.1], "texture": "#0"},
				"up": {"uv": [0, 0, 1, 1], "texture": "#0"},
				"down": {"uv": [0, 0, 1, 1], "texture": "#0"}
			}
		},
		{
			"from": [12.5, 20, 9.5],
			"to": [13.5, 20.1, 10.5],
			"rotation": {"angle": 0, "axis": "y", "origin": [20.5, 28, 17.5]},
			"faces": {
				"north": {"uv": [0, 0, 1, 0.1], "texture": "#0"},
				"east": {"uv": [0, 0, 1, 0.1], "texture": "#0"},
				"south": {"uv": [0, 0, 1, 0.1], "texture": "#0"},
				"west": {"uv": [0, 0, 1, 0.1], "texture": "#0"},
				"up": {"uv": [0, 0, 1, 1], "texture": "#0"},
				"down": {"uv": [0, 0, 1, 1], "texture": "#0"}
			}
		},
		{
			"from": [11.5, 20, 7.5],
			"to": [13.5, 20.1, 9.5],
			"rotation": {"angle": 0, "axis": "y", "origin": [19.5, 28, 15.5]},
			"faces": {
				"north": {"uv": [0, 0, 2, 0.1], "texture": "#0"},
				"east": {"uv": [0, 0, 2, 0.1], "texture": "#0"},
				"south": {"uv": [0, 0, 2, 0.1], "texture": "#0"},
				"west": {"uv": [0, 0, 2, 0.1], "texture": "#0"},
				"up": {"uv": [0, 0, 2, 2], "texture": "#0"},
				"down": {"uv": [0, 0, 2, 2], "texture": "#0"}
			}
		},
		{
			"from": [12.5, 20, 6.5],
			"to": [13.5, 20.1, 7.5],
			"rotation": {"angle": 0, "axis": "y", "origin": [20.5, 28, 14.5]},
			"faces": {
				"north": {"uv": [0, 0, 1, 0.1], "texture": "#0"},
				"east": {"uv": [0, 0, 1, 0.1], "texture": "#0"},
				"south": {"uv": [0, 0, 1, 0.1], "texture": "#0"},
				"west": {"uv": [0, 0, 1, 0.1], "texture": "#0"},
				"up": {"uv": [0, 0, 1, 1], "texture": "#0"},
				"down": {"uv": [0, 0, 1, 1], "texture": "#0"}
			}
		},
		{
			"from": [12.5, 20, 5.5],
			"to": [13.5, 20.1, 6.5],
			"rotation": {"angle": 0, "axis": "y", "origin": [20.5, 28, 13.5]},
			"faces": {
				"north": {"uv": [0, 0, 1, 0.1], "texture": "#0"},
				"east": {"uv": [0, 0, 1, 0.1], "texture": "#0"},
				"south": {"uv": [0, 0, 1, 0.1], "texture": "#0"},
				"west": {"uv": [0, 0, 1, 0.1], "texture": "#0"},
				"up": {"uv": [0, 0, 1, 1], "texture": "#0"},
				"down": {"uv": [0, 0, 1, 1], "texture": "#0"}
			}
		},
		{
			"from": [11.5, 20, 5.5],
			"to": [12.5, 20.1, 6.5],
			"rotation": {"angle": 0, "axis": "y", "origin": [19.5, 28, 13.5]},
			"faces": {
				"north": {"uv": [0, 0, 1, 0.1], "texture": "#0"},
				"east": {"uv": [0, 0, 1, 0.1], "texture": "#0"},
				"south": {"uv": [0, 0, 1, 0.1], "texture": "#0"},
				"west": {"uv": [0, 0, 1, 0.1], "texture": "#0"},
				"up": {"uv": [0, 0, 1, 1], "texture": "#0"},
				"down": {"uv": [0, 0, 1, 1], "texture": "#0"}
			}
		},
		{
			"from": [11.5, 20, 4.5],
			"to": [12.5, 20.1, 5.5],
			"rotation": {"angle": 0, "axis": "y", "origin": [19.5, 28, 12.5]},
			"faces": {
				"north": {"uv": [0, 0, 1, 0.1], "texture": "#0"},
				"east": {"uv": [0, 0, 1, 0.1], "texture": "#0"},
				"south": {"uv": [0, 0, 1, 0.1], "texture": "#0"},
				"west": {"uv": [0, 0, 1, 0.1], "texture": "#0"},
				"up": {"uv": [0, 0, 1, 1], "texture": "#0"},
				"down": {"uv": [0, 0, 1, 1], "texture": "#0"}
			}
		},
		{
			"from": [11.5, 20, 2.5],
			"to": [12.5, 20.1, 4.5],
			"rotation": {"angle": 0, "axis": "y", "origin": [19.5, 28, 10.5]},
			"faces": {
				"north": {"uv": [0, 0, 1, 0.1], "texture": "#0"},
				"east": {"uv": [0, 0, 2, 0.1], "texture": "#0"},
				"south": {"uv": [0, 0, 1, 0.1], "texture": "#0"},
				"west": {"uv": [0, 0, 2, 0.1], "texture": "#0"},
				"up": {"uv": [0, 0, 1, 2], "texture": "#0"},
				"down": {"uv": [0, 0, 1, 2], "texture": "#0"}
			}
		},
		{
			"from": [12.5, 20, 3.5],
			"to": [13.5, 20.1, 4.5],
			"rotation": {"angle": 0, "axis": "y", "origin": [20.5, 28, 11.5]},
			"faces": {
				"north": {"uv": [0, 0, 1, 0.1], "texture": "#0"},
				"east": {"uv": [0, 0, 1, 0.1], "texture": "#0"},
				"south": {"uv": [0, 0, 1, 0.1], "texture": "#0"},
				"west": {"uv": [0, 0, 1, 0.1], "texture": "#0"},
				"up": {"uv": [0, 0, 1, 1], "texture": "#0"},
				"down": {"uv": [0, 0, 1, 1], "texture": "#0"}
			}
		},
		{
			"from": [8.5, 20, 2.5],
			"to": [10.5, 20.1, 4.5],
			"rotation": {"angle": 0, "axis": "y", "origin": [16.5, 28, 10.5]},
			"faces": {
				"north": {"uv": [0, 0, 2, 0.1], "texture": "#0"},
				"east": {"uv": [0, 0, 2, 0.1], "texture": "#0"},
				"south": {"uv": [0, 0, 2, 0.1], "texture": "#0"},
				"west": {"uv": [0, 0, 2, 0.1], "texture": "#0"},
				"up": {"uv": [0, 0, 2, 2], "texture": "#0"},
				"down": {"uv": [0, 0, 2, 2], "texture": "#0"}
			}
		},
		{
			"from": [7.5, 20, 3.5],
			"to": [8.5, 20.1, 4.5],
			"rotation": {"angle": 0, "axis": "y", "origin": [15.5, 28, 11.5]},
			"faces": {
				"north": {"uv": [0, 0, 1, 0.1], "texture": "#0"},
				"east": {"uv": [0, 0, 1, 0.1], "texture": "#0"},
				"south": {"uv": [0, 0, 1, 0.1], "texture": "#0"},
				"west": {"uv": [0, 0, 1, 0.1], "texture": "#0"},
				"up": {"uv": [0, 0, 1, 1], "texture": "#0"},
				"down": {"uv": [0, 0, 1, 1], "texture": "#0"}
			}
		},
		{
			"from": [6.5, 20, 2.5],
			"to": [7.5, 20.1, 4.5],
			"rotation": {"angle": 0, "axis": "y", "origin": [14.5, 28, 10.5]},
			"faces": {
				"north": {"uv": [0, 0, 1, 0.1], "texture": "#0"},
				"east": {"uv": [0, 0, 2, 0.1], "texture": "#0"},
				"south": {"uv": [0, 0, 1, 0.1], "texture": "#0"},
				"west": {"uv": [0, 0, 2, 0.1], "texture": "#0"},
				"up": {"uv": [0, 0, 1, 2], "texture": "#0"},
				"down": {"uv": [0, 0, 1, 2], "texture": "#0"}
			}
		},
		{
			"from": [5.5, 20, 3.5],
			"to": [6.5, 20.1, 4.5],
			"rotation": {"angle": 0, "axis": "y", "origin": [13.5, 28, 11.5]},
			"faces": {
				"north": {"uv": [0, 0, 1, 0.1], "texture": "#0"},
				"east": {"uv": [0, 0, 1, 0.1], "texture": "#0"},
				"south": {"uv": [0, 0, 1, 0.1], "texture": "#0"},
				"west": {"uv": [0, 0, 1, 0.1], "texture": "#0"},
				"up": {"uv": [0, 0, 1, 1], "texture": "#0"},
				"down": {"uv": [0, 0, 1, 1], "texture": "#0"}
			}
		},
		{
			"from": [3.5, 20, 2.5],
			"to": [4.5, 20.1, 3.5],
			"rotation": {"angle": 0, "axis": "y", "origin": [11.5, 28, 10.5]},
			"faces": {
				"north": {"uv": [0, 0, 1, 0.1], "texture": "#0"},
				"east": {"uv": [0, 0, 1, 0.1], "texture": "#0"},
				"south": {"uv": [0, 0, 1, 0.1], "texture": "#0"},
				"west": {"uv": [0, 0, 1, 0.1], "texture": "#0"},
				"up": {"uv": [0, 0, 1, 1], "texture": "#0"},
				"down": {"uv": [0, 0, 1, 1], "texture": "#0"}
			}
		},
		{
			"from": [2.5, 20, 3.5],
			"to": [4.5, 20.1, 4.5],
			"rotation": {"angle": 0, "axis": "y", "origin": [10.5, 28, 11.5]},
			"faces": {
				"north": {"uv": [0, 0, 2, 0.1], "texture": "#0"},
				"east": {"uv": [0, 0, 1, 0.1], "texture": "#0"},
				"south": {"uv": [0, 0, 2, 0.1], "texture": "#0"},
				"west": {"uv": [0, 0, 1, 0.1], "texture": "#0"},
				"up": {"uv": [0, 0, 2, 1], "texture": "#0"},
				"down": {"uv": [0, 0, 2, 1], "texture": "#0"}
			}
		},
		{
			"from": [3.5, 20, 4.5],
			"to": [4.5, 20.1, 5.5],
			"rotation": {"angle": 0, "axis": "y", "origin": [11.5, 28, 12.5]},
			"faces": {
				"north": {"uv": [0, 0, 1, 0.1], "texture": "#0"},
				"east": {"uv": [0, 0, 1, 0.1], "texture": "#0"},
				"south": {"uv": [0, 0, 1, 0.1], "texture": "#0"},
				"west": {"uv": [0, 0, 1, 0.1], "texture": "#0"},
				"up": {"uv": [0, 0, 1, 1], "texture": "#0"},
				"down": {"uv": [0, 0, 1, 1], "texture": "#0"}
			}
		},
		{
			"from": [2.5, 20, 5.5],
			"to": [4.5, 20.1, 6.5],
			"rotation": {"angle": 0, "axis": "y", "origin": [10.5, 28, 13.5]},
			"faces": {
				"north": {"uv": [0, 0, 2, 0.1], "texture": "#0"},
				"east": {"uv": [0, 0, 1, 0.1], "texture": "#0"},
				"south": {"uv": [0, 0, 2, 0.1], "texture": "#0"},
				"west": {"uv": [0, 0, 1, 0.1], "texture": "#0"},
				"up": {"uv": [0, 0, 2, 1], "texture": "#0"},
				"down": {"uv": [0, 0, 2, 1], "texture": "#0"}
			}
		},
		{
			"from": [1.5, 20, 6.5],
			"to": [2.5, 20.1, 7.5],
			"rotation": {"angle": 0, "axis": "y", "origin": [9.5, 28, 14.5]},
			"faces": {
				"north": {"uv": [0, 0, 1, 0.1], "texture": "#0"},
				"east": {"uv": [0, 0, 1, 0.1], "texture": "#0"},
				"south": {"uv": [0, 0, 1, 0.1], "texture": "#0"},
				"west": {"uv": [0, 0, 1, 0.1], "texture": "#0"},
				"up": {"uv": [0, 0, 1, 1], "texture": "#0"},
				"down": {"uv": [0, 0, 1, 1], "texture": "#0"}
			}
		},
		{
			"from": [2.5, 20, 7.5],
			"to": [4.5, 20.1, 9.5],
			"rotation": {"angle": 0, "axis": "y", "origin": [10.5, 28, 15.5]},
			"faces": {
				"north": {"uv": [0, 0, 2, 0.1], "texture": "#0"},
				"east": {"uv": [0, 0, 2, 0.1], "texture": "#0"},
				"south": {"uv": [0, 0, 2, 0.1], "texture": "#0"},
				"west": {"uv": [0, 0, 2, 0.1], "texture": "#0"},
				"up": {"uv": [0, 0, 2, 2], "texture": "#0"},
				"down": {"uv": [0, 0, 2, 2], "texture": "#0"}
			}
		},
		{
			"from": [3.5, 20, 6.5],
			"to": [4.5, 20.1, 7.5],
			"rotation": {"angle": 0, "axis": "y", "origin": [11.5, 28, 14.5]},
			"faces": {
				"north": {"uv": [0, 0, 1, 0.1], "texture": "#0"},
				"east": {"uv": [0, 0, 1, 0.1], "texture": "#0"},
				"south": {"uv": [0, 0, 1, 0.1], "texture": "#0"},
				"west": {"uv": [0, 0, 1, 0.1], "texture": "#0"},
				"up": {"uv": [0, 0, 1, 1], "texture": "#0"},
				"down": {"uv": [0, 0, 1, 1], "texture": "#0"}
			}
		},
		{
			"from": [3.5, 20, 9.5],
			"to": [4.5, 20.1, 11.5],
			"rotation": {"angle": 0, "axis": "y", "origin": [11.5, 28, 17.5]},
			"faces": {
				"north": {"uv": [0, 0, 1, 0.1], "texture": "#0"},
				"east": {"uv": [0, 0, 2, 0.1], "texture": "#0"},
				"south": {"uv": [0, 0, 1, 0.1], "texture": "#0"},
				"west": {"uv": [0, 0, 2, 0.1], "texture": "#0"},
				"up": {"uv": [0, 0, 1, 2], "texture": "#0"},
				"down": {"uv": [0, 0, 1, 2], "texture": "#0"}
			}
		},
		{
			"from": [2.5, 20, 10.5],
			"to": [3.5, 20.1, 11.5],
			"rotation": {"angle": 0, "axis": "y", "origin": [10.5, 28, 18.5]},
			"faces": {
				"north": {"uv": [0, 0, 1, 0.1], "texture": "#0"},
				"east": {"uv": [0, 0, 1, 0.1], "texture": "#0"},
				"south": {"uv": [0, 0, 1, 0.1], "texture": "#0"},
				"west": {"uv": [0, 0, 1, 0.1], "texture": "#0"},
				"up": {"uv": [0, 0, 1, 1], "texture": "#0"},
				"down": {"uv": [0, 0, 1, 1], "texture": "#0"}
			}
		},
		{
			"from": [3.5, 20, 11.5],
			"to": [4.5, 20.1, 12.5],
			"rotation": {"angle": 0, "axis": "y", "origin": [11.5, 28, 19.5]},
			"faces": {
				"north": {"uv": [0, 0, 1, 0.1], "texture": "#0"},
				"east": {"uv": [0, 0, 1, 0.1], "texture": "#0"},
				"south": {"uv": [0, 0, 1, 0.1], "texture": "#0"},
				"west": {"uv": [0, 0, 1, 0.1], "texture": "#0"},
				"up": {"uv": [0, 0, 1, 1], "texture": "#0"},
				"down": {"uv": [0, 0, 1, 1], "texture": "#0"}
			}
		},
		{
			"from": [4.5, 20, 11.5],
			"to": [5.5, 20.1, 13.5],
			"rotation": {"angle": 0, "axis": "y", "origin": [12.5, 28, 19.5]},
			"faces": {
				"north": {"uv": [0, 0, 1, 0.1], "texture": "#0"},
				"east": {"uv": [0, 0, 2, 0.1], "texture": "#0"},
				"south": {"uv": [0, 0, 1, 0.1], "texture": "#0"},
				"west": {"uv": [0, 0, 2, 0.1], "texture": "#0"},
				"up": {"uv": [0, 0, 1, 2], "texture": "#0"},
				"down": {"uv": [0, 0, 1, 2], "texture": "#0"}
			}
		},
		{
			"from": [5.5, 20, 11.5],
			"to": [6.5, 20.1, 12.5],
			"rotation": {"angle": 0, "axis": "y", "origin": [13.5, 28, 19.5]},
			"faces": {
				"north": {"uv": [0, 0, 1, 0.1], "texture": "#0"},
				"east": {"uv": [0, 0, 1, 0.1], "texture": "#0"},
				"south": {"uv": [0, 0, 1, 0.1], "texture": "#0"},
				"west": {"uv": [0, 0, 1, 0.1], "texture": "#0"},
				"up": {"uv": [0, 0, 1, 1], "texture": "#0"},
				"down": {"uv": [0, 0, 1, 1], "texture": "#0"}
			}
		},
		{
			"from": [6.5, 20, 11.5],
			"to": [8.5, 20.1, 13.5],
			"rotation": {"angle": 0, "axis": "y", "origin": [14.5, 28, 19.5]},
			"faces": {
				"north": {"uv": [0, 0, 2, 0.1], "texture": "#0"},
				"east": {"uv": [0, 0, 2, 0.1], "texture": "#0"},
				"south": {"uv": [0, 0, 2, 0.1], "texture": "#0"},
				"west": {"uv": [0, 0, 2, 0.1], "texture": "#0"},
				"up": {"uv": [0, 0, 2, 2], "texture": "#0"},
				"down": {"uv": [0, 0, 2, 2], "texture": "#0"}
			}
		},
		{
			"from": [6.5, 20, 13.5],
			"to": [7.5, 20.1, 14.5],
			"rotation": {"angle": 0, "axis": "y", "origin": [14.5, 28, 21.5]},
			"faces": {
				"north": {"uv": [0, 0, 1, 0.1], "texture": "#0"},
				"east": {"uv": [0, 0, 1, 0.1], "texture": "#0"},
				"south": {"uv": [0, 0, 1, 0.1], "texture": "#0"},
				"west": {"uv": [0, 0, 1, 0.1], "texture": "#0"},
				"up": {"uv": [0, 0, 1, 1], "texture": "#0"},
				"down": {"uv": [0, 0, 1, 1], "texture": "#0"}
			}
		},
		{
			"from": [8.5, 20, 12.5],
			"to": [10.5, 20.1, 13.5],
			"rotation": {"angle": 0, "axis": "y", "origin": [16.5, 28, 20.5]},
			"faces": {
				"north": {"uv": [0, 0, 2, 0.1], "texture": "#0"},
				"east": {"uv": [0, 0, 1, 0.1], "texture": "#0"},
				"south": {"uv": [0, 0, 2, 0.1], "texture": "#0"},
				"west": {"uv": [0, 0, 1, 0.1], "texture": "#0"},
				"up": {"uv": [0, 0, 2, 1], "texture": "#0"},
				"down": {"uv": [0, 0, 2, 1], "texture": "#0"}
			}
		},
		{
			"from": [9.5, 20, 13.5],
			"to": [10.5, 20.1, 14.5],
			"rotation": {"angle": 0, "axis": "y", "origin": [17.5, 28, 21.5]},
			"faces": {
				"north": {"uv": [0, 0, 1, 0.1], "texture": "#0"},
				"east": {"uv": [0, 0, 1, 0.1], "texture": "#0"},
				"south": {"uv": [0, 0, 1, 0.1], "texture": "#0"},
				"west": {"uv": [0, 0, 1, 0.1], "texture": "#0"},
				"up": {"uv": [0, 0, 1, 1], "texture": "#0"},
				"down": {"uv": [0, 0, 1, 1], "texture": "#0"}
			}
		},
		{
			"from": [9.5, 20, 11.5],
			"to": [10.5, 20.1, 12.5],
			"rotation": {"angle": 0, "axis": "y", "origin": [17.5, 28, 19.5]},
			"faces": {
				"north": {"uv": [0, 0, 1, 0.1], "texture": "#0"},
				"east": {"uv": [0, 0, 1, 0.1], "texture": "#0"},
				"south": {"uv": [0, 0, 1, 0.1], "texture": "#0"},
				"west": {"uv": [0, 0, 1, 0.1], "texture": "#0"},
				"up": {"uv": [0, 0, 1, 1], "texture": "#0"},
				"down": {"uv": [0, 0, 1, 1], "texture": "#0"}
			}
		}
	],
	"display": {
		"head": {
			"translation": [0, -17.75, 0],
			"scale": [2, 2, 2]
		}
	},
	"groups": [
		{
			"name": "HatGroup",
			"origin": [17.5, 8, 19.5],
			"children": [
				{
					"name": "Hat",
					"origin": [8.5, 1.5, 8.5],
					"children": [0, 1, 2, 3, 4]
				},
				{
					"name": "Brim",
					"origin": [17.5, 8, 19.5],
					"children": [5, 6, 7, 8, 9, 10, 11, 12, 13, 14, 15, 16, 17, 18, 19, 20, 21, 22, 23, 24, 25, 26, 27, 28, 29, 30, 31, 32, 33, 34, 35, 36]
				}
			]
		}
	]
}