{
	"credit": "Modelled by Arctic",
	"parent": "minecraft:block/template_fire_up",
	"textures": {
		"0": "block/anvil",
		"1": "block/brown_concrete",
		"particle": "block/anvil",
		"fire": "block/fire_1"
	},
	"elements": [
		{
			"from": [7.3, -12.5, 7.3],
			"to": [8.7, -8.5, 8.7],
			"rotation": {"angle": 0, "axis": "y", "origin": [15.5, -4.5, 15.5]},
			"faces": {
				"north": {"uv": [0, 0, 1.4, 4], "texture": "#1"},
				"east": {"uv": [0, 0, 1.4, 4], "texture": "#1"},
				"south": {"uv": [0, 0, 1.4, 4], "texture": "#1"},
				"west": {"uv": [0, 0, 1.4, 4], "texture": "#1"},
				"up": {"uv": [0, 0, 1.4, 1.4], "texture": "#1"},
				"down": {"uv": [0, 0, 1.4, 1.4], "texture": "#1"}
			}
		},
		{
			"from": [7.4, -8.5, 7.4],
			"to": [8.6, -3.5, 8.6],
			"rotation": {"angle": 0, "axis": "y", "origin": [15.5, -0.5, 15.5]},
			"faces": {
				"north": {"uv": [0, 0, 1.2, 5], "texture": "#1"},
				"east": {"uv": [0, 0, 1.2, 5], "texture": "#1"},
				"south": {"uv": [0, 0, 1.2, 5], "texture": "#1"},
				"west": {"uv": [0, 0, 1.2, 5], "texture": "#1"},
				"up": {"uv": [0, 0, 1.2, 1.2], "texture": "#1"},
				"down": {"uv": [0, 0, 1.2, 1.2], "texture": "#1"}
			}
		},
		{
			"from": [7.4, -13.5, 7.4],
			"to": [8.6, -12.5, 8.6],
			"rotation": {"angle": 0, "axis": "y", "origin": [15.5, -6.5, 15.5]},
			"faces": {
				"north": {"uv": [0, 0, 1.2, 1], "texture": "#1"},
				"east": {"uv": [0, 0, 1.2, 1], "texture": "#1"},
				"south": {"uv": [0, 0, 1.2, 1], "texture": "#1"},
				"west": {"uv": [0, 0, 1.2, 1], "texture": "#1"},
				"up": {"uv": [0, 0, 1.2, 1.2], "texture": "#1"},
				"down": {"uv": [0, 0, 1.2, 1.2], "texture": "#1"}
			}
		},
		{
			"from": [7.4, 2.5, 7.4],
			"to": [8.6, 6.5, 8.6],
			"rotation": {"angle": 0, "axis": "y", "origin": [15.5, 10.5, 15.5]},
			"faces": {
				"north": {"uv": [7, 7, 8, 11], "texture": "#1"},
				"east": {"uv": [9, 4, 10, 8], "texture": "#1"},
				"south": {"uv": [11, 5, 12, 9], "texture": "#1"},
				"west": {"uv": [10, 11, 11, 15], "texture": "#1"},
				"up": {"uv": [1, 6, 2, 7], "texture": "#1"},
				"down": {"uv": [0, 7, 1, 8], "texture": "#1"}
			}
		},
		{
			"from": [7.5, -3.5, 7.5],
			"to": [8.5, 2.5, 8.5],
			"rotation": {"angle": 0, "axis": "y", "origin": [15.5, 4.5, 15.5]},
			"faces": {
				"north": {"uv": [0, 0, 1, 6], "texture": "#1"},
				"east": {"uv": [0, 0, 1, 6], "texture": "#1"},
				"south": {"uv": [0, 0, 1, 6], "texture": "#1"},
				"west": {"uv": [0, 0, 1, 6], "texture": "#1"},
				"up": {"uv": [0, 0, 1, 1], "texture": "#1"},
				"down": {"uv": [0, 0, 1, 1], "texture": "#1"}
			}
		},
		{
			"from": [7.5, 6.4, 6.975],
			"to": [8.5, 7.4, 7.475],
			"rotation": {"angle": -45, "axis": "x", "origin": [8, 6.9, 7.225]},
			"faces": {
				"north": {"uv": [0, 0, 1, 1], "texture": "#0"},
				"east": {"uv": [0, 0, 0.5, 1], "texture": "#0"},
				"south": {"uv": [0, 0, 1, 1], "texture": "#0"},
				"west": {"uv": [0, 0, 0.5, 1], "texture": "#0"},
				"up": {"uv": [0, 0, 1, 0.5], "texture": "#0"},
				"down": {"uv": [0, 0, 1, 0.5], "texture": "#0"}
			}
		},
		{
			"from": [7.20199, 6.94801, 7.5],
			"to": [7.70199, 7.94801, 8.5],
			"rotation": {"angle": 45, "axis": "z", "origin": [8, 6.9, 8]},
			"faces": {
				"north": {"uv": [0, 0, 0.5, 1], "texture": "#0"},
				"east": {"uv": [0, 0, 1, 1], "texture": "#0"},
				"south": {"uv": [0, 0, 0.5, 1], "texture": "#0"},
				"west": {"uv": [0, 0, 1, 1], "texture": "#0"},
				"up": {"uv": [0, 0, 1, 0.5], "rotation": 270, "texture": "#0"},
				"down": {"uv": [0, 0, 1, 0.5], "rotation": 90, "texture": "#0"}
			}
		},
		{
			"from": [7.5, 6.4, 8.525],
			"to": [8.5, 7.4, 9.025],
			"rotation": {"angle": 45, "axis": "x", "origin": [8, 6.9, 8.775]},
			"faces": {
				"north": {"uv": [0, 0, 1, 1], "texture": "#0"},
				"east": {"uv": [0, 0, 0.5, 1], "texture": "#0"},
				"south": {"uv": [0, 0, 1, 1], "texture": "#0"},
				"west": {"uv": [0, 0, 0.5, 1], "texture": "#0"},
				"up": {"uv": [0, 0, 1, 0.5], "texture": "#0"},
				"down": {"uv": [0, 0, 1, 0.5], "texture": "#0"}
			}
		},
		{
			"from": [8.29801, 6.94801, 7.5],
			"to": [8.79801, 7.94801, 8.5],
			"rotation": {"angle": -45, "axis": "z", "origin": [8, 6.9, 8]},
			"faces": {
				"north": {"uv": [0, 0, 0.5, 1], "texture": "#0"},
				"east": {"uv": [0, 0, 1, 1], "texture": "#0"},
				"south": {"uv": [0, 0, 0.5, 1], "texture": "#0"},
				"west": {"uv": [0, 0, 1, 1], "texture": "#0"},
				"up": {"uv": [0, 0, 1, 0.5], "rotation": 270, "texture": "#0"},
				"down": {"uv": [0, 0, 1, 0.5], "rotation": 90, "texture": "#0"}
			}
		},
		{
			"from": [8.85867, 8.30156, 7.5],
			"to": [9.35867, 9.30156, 8.5],
			"rotation": {"angle": -45, "axis": "z", "origin": [8.56066, 8.25355, 8]},
			"faces": {
				"north": {"uv": [0, 0, 0.5, 1], "texture": "#0"},
				"east": {"uv": [0, 0, 1, 1], "texture": "#0"},
				"south": {"uv": [0, 0, 0.5, 1], "texture": "#0"},
				"west": {"uv": [0, 0, 1, 1], "texture": "#0"},
				"up": {"uv": [0, 0, 1, 0.5], "rotation": 270, "texture": "#0"},
				"down": {"uv": [0, 0, 1, 0.5], "rotation": 90, "texture": "#0"}
			}
		},
		{
			"from": [7.5, 8.88068, 7.0681],
			"to": [8.5, 9.88068, 7.5681],
			"rotation": {"angle": -45, "axis": "x", "origin": [8, 8.02796, 8.35178]},
			"faces": {
				"north": {"uv": [0, 0, 1, 1], "texture": "#0"},
				"east": {"uv": [0, 0, 0.5, 1], "texture": "#0"},
				"south": {"uv": [0, 0, 1, 1], "texture": "#0"},
				"west": {"uv": [0, 0, 0.5, 1], "texture": "#0"},
				"up": {"uv": [0, 0, 1, 0.5], "rotation": 180, "texture": "#0"},
				"down": {"uv": [0, 0, 1, 0.5], "rotation": 180, "texture": "#0"}
			}
		},
		{
			"from": [6.96235, 7.52656, 7.5],
			"to": [7.46235, 8.52656, 8.5],
			"rotation": {"angle": 45, "axis": "z", "origin": [6.66434, 7.47855, 8]},
			"faces": {
				"north": {"uv": [0, 0, 0.5, 1], "texture": "#0"},
				"east": {"uv": [0, 0, 1, 1], "texture": "#0"},
				"south": {"uv": [0, 0, 0.5, 1], "texture": "#0"},
				"west": {"uv": [0, 0, 1, 1], "texture": "#0"},
				"up": {"uv": [0, 0, 1, 0.5], "rotation": 270, "texture": "#0"},
				"down": {"uv": [0, 0, 1, 0.5], "rotation": 90, "texture": "#0"}
			}
		},
		{
			"from": [7.5, 8.38319, 8.63797],
			"to": [8.5, 9.38319, 9.13797],
			"rotation": {"angle": 45, "axis": "x", "origin": [8, 8.02796, 8.35178]},
			"faces": {
				"north": {"uv": [0, 0, 1, 1], "texture": "#0"},
				"east": {"uv": [0, 0, 0.5, 1], "texture": "#0"},
				"south": {"uv": [0, 0, 1, 1], "texture": "#0"},
				"west": {"uv": [0, 0, 0.5, 1], "texture": "#0"},
				"up": {"uv": [0, 0, 1, 0.5], "rotation": 180, "texture": "#0"},
				"down": {"uv": [0, 0, 1, 0.5], "rotation": 180, "texture": "#0"}
			}
		},
		{
			"from": [8.80533, 7.07678, 7.5],
			"to": [9.30533, 8.07678, 8.5],
			"rotation": {"angle": 0, "axis": "z", "origin": [8.50732, 7.02877, 8]},
			"faces": {
				"north": {"uv": [0, 0, 0.5, 1], "texture": "#0"},
				"east": {"uv": [0, 0, 1, 1], "texture": "#0"},
				"south": {"uv": [0, 0, 0.5, 1], "texture": "#0"},
				"west": {"uv": [0, 0, 1, 1], "texture": "#0"},
				"up": {"uv": [0, 0, 1, 0.5], "rotation": 270, "texture": "#0"},
				"down": {"uv": [0, 0, 1, 0.5], "rotation": 90, "texture": "#0"}
			}
		},
		{
			"from": [7.5, 7.07678, 6.69467],
			"to": [8.5, 8.07678, 7.19467],
			"rotation": {"angle": 0, "axis": "y", "origin": [8, 8.07678, 8]},
			"faces": {
				"north": {"uv": [0, 0, 1, 1], "texture": "#0"},
				"east": {"uv": [0, 0, 0.5, 1], "texture": "#0"},
				"south": {"uv": [0, 0, 1, 1], "texture": "#0"},
				"west": {"uv": [0, 0, 0.5, 1], "texture": "#0"},
				"up": {"uv": [0, 0, 1, 0.5], "rotation": 180, "texture": "#0"},
				"down": {"uv": [0, 0, 1, 0.5], "rotation": 180, "texture": "#0"}
			}
		},
		{
			"from": [6.69467, 7.07678, 7.5],
			"to": [7.19467, 8.07678, 8.5],
			"rotation": {"angle": 0, "axis": "z", "origin": [6.39666, 7.02877, 8]},
			"faces": {
				"north": {"uv": [0, 0, 0.5, 1], "texture": "#0"},
				"east": {"uv": [0, 0, 1, 1], "texture": "#0"},
				"south": {"uv": [0, 0, 0.5, 1], "texture": "#0"},
				"west": {"uv": [0, 0, 1, 1], "texture": "#0"},
				"up": {"uv": [0, 0, 1, 0.5], "rotation": 270, "texture": "#0"},
				"down": {"uv": [0, 0, 1, 0.5], "rotation": 90, "texture": "#0"}
			}
		},
		{
			"from": [7.5, 7.07678, 8.80533],
			"to": [8.5, 8.07678, 9.30533],
			"rotation": {"angle": 0, "axis": "y", "origin": [8, 8.07678, 8]},
			"faces": {
				"north": {"uv": [0, 0, 1, 1], "texture": "#0"},
				"east": {"uv": [0, 0, 0.5, 1], "texture": "#0"},
				"south": {"uv": [0, 0, 1, 1], "texture": "#0"},
				"west": {"uv": [0, 0, 0.5, 1], "texture": "#0"},
				"up": {"uv": [0, 0, 1, 0.5], "rotation": 180, "texture": "#0"},
				"down": {"uv": [0, 0, 1, 0.5], "rotation": 180, "texture": "#0"}
			}
		},
		{
			"from": [7.3, 6.5, 7.3],
			"to": [8.7, 6.9, 8.7],
			"rotation": {"angle": 0, "axis": "y", "origin": [15.5, 14.5, 15.5]},
			"faces": {
				"north": {"uv": [0, 0, 1.4, 0.4], "texture": "#0"},
				"east": {"uv": [0, 0, 1.4, 0.4], "texture": "#0"},
				"south": {"uv": [0, 0, 1.4, 0.4], "texture": "#0"},
				"west": {"uv": [0, 0, 1.4, 0.4], "texture": "#0"},
				"up": {"uv": [0, 0, 1.4, 1.4], "texture": "#0"},
				"down": {"uv": [0, 0, 1.4, 1.4], "texture": "#0"}
			}
		},
		{
			"from": [7.3, 5.5, 7.3],
			"to": [8.7, 5.9, 8.7],
			"rotation": {"angle": 0, "axis": "y", "origin": [15.5, 13.5, 15.5]},
			"faces": {
				"north": {"uv": [0, 0, 1.4, 0.4], "texture": "#0"},
				"east": {"uv": [0, 0, 1.4, 0.4], "texture": "#0"},
				"south": {"uv": [0, 0, 1.4, 0.4], "texture": "#0"},
				"west": {"uv": [0, 0, 1.4, 0.4], "texture": "#0"},
				"up": {"uv": [0, 0, 1.4, 1.4], "texture": "#0"},
				"down": {"uv": [0, 0, 1.4, 1.4], "texture": "#0"}
			}
		},
		{
			"from": [8, 7.75, 6.5],
			"to": [8, 10.75, 9.5],
			"rotation": {"angle": 45, "axis": "y", "origin": [8, 8.25, 8]},
			"faces": {
				"north": {"uv": [0, 0, 0, 3], "texture": "#fire"},
				"east": {"uv": [0, 0, 16, 16], "texture": "#fire"},
				"south": {"uv": [0, 0, 0, 3], "texture": "#fire"},
				"west": {"uv": [0, 0, 16, 16], "texture": "#fire"},
				"up": {"uv": [0, 0, 0, 3], "texture": "#fire"},
				"down": {"uv": [0, 0, 0, 3], "texture": "#fire"}
			}
		},
		{
			"from": [7.9, 7.75, 6.5],
			"to": [7.9, 10.75, 9.5],
			"rotation": {"angle": -45, "axis": "y", "origin": [7.9, 8.25, 8]},
			"faces": {
				"north": {"uv": [0, 0, 0, 3], "texture": "#fire"},
				"east": {"uv": [0, 0, 16, 16], "texture": "#fire"},
				"south": {"uv": [0, 0, 0, 3], "texture": "#fire"},
				"west": {"uv": [0, 0, 16, 16], "texture": "#fire"},
				"up": {"uv": [0, 0, 0, 3], "texture": "#fire"},
				"down": {"uv": [0, 0, 0, 3], "texture": "#fire"}
			}
		}
	],
	"display": {
		"thirdperson_righthand": {
			"translation": [0, 7.25, 0]
		},
		"thirdperson_lefthand": {
			"translation": [0, 7.25, 0]
		},
		"firstperson_righthand": {
			"rotation": [-37, 0, 0],
			"translation": [0, 7.25, -3.75]
		},
		"firstperson_lefthand": {
			"rotation": [-37, 0, 0],
			"translation": [0, 7.25, -3.75]
		},
		"ground": {
			"translation": [0, 18.25, 0]
		},
		"gui": {
			"rotation": [39, -4, 45],
			"translation": [-6.75, 5.25, 0]
		},
		"fixed": {
			"rotation": [-33, 0, 0],
			"translation": [0, 15.25, -10.5],
			"scale": [1.75, 1.75, 1.75]
		}
	},
	"groups": [
		{
			"name": "StaffHandle",
			"origin": [15.5, 4.5, 15.5],
			"children": [0, 1, 2, 3, 4]
		},
		{
			"name": "StaffHead",
			"origin": [15.5, 4.5, 15.5],
			"children": [
				{
					"name": "Brazier",
					"origin": [8, 8.07678, 8],
					"children": [5, 6, 7, 8, 9, 10, 11, 12, 13, 14, 15, 16, 17, 18]
				}
			]
		},
		{
			"name": "fire_up1",
			"origin": [8, 8, 8],
			"children": [19, 20]
		}
	]
}