{
	"credit": "Modelled by Arctic",
	"textures": {
		"1": "block/smooth_stone",
		"3": "block/smoothskullstone",
		"particle": "block/cobblestoneGrave"
	},
	"elements": [
		{
			"from": [2.5, 0, 2.5],
			"to": [13.5, 3, 13.5],
			"rotation": {"angle": 0, "axis": "y", "origin": [15.5, 8, 15.5]},
			"faces": {
				"north": {"uv": [2, 0, 13, 3], "texture": "#1"},
				"east": {"uv": [4, 0, 15, 3], "texture": "#1"},
				"south": {"uv": [2, 0, 13, 3], "texture": "#1"},
				"west": {"uv": [3, 0, 14, 3], "texture": "#1"},
				"up": {"uv": [2, 2, 13, 13], "texture": "#1"},
				"down": {"uv": [2, 2, 13, 13], "texture": "#1"}
			}
		},
		{
			"from": [4.5, 15, 4.5],
			"to": [11.5, 16, 11.5],
			"rotation": {"angle": 0, "axis": "y", "origin": [15.5, 23, 15.5]},
			"faces": {
				"north": {"uv": [0, 0, 7, 1], "texture": "#1"},
				"east": {"uv": [7, 0, 14, 1], "texture": "#1"},
				"south": {"uv": [4, 0, 11, 1], "texture": "#1"},
				"west": {"uv": [6, 0, 13, 1], "texture": "#1"},
				"up": {"uv": [3, 3, 10, 10], "texture": "#1"},
				"down": {"uv": [6, 5, 13, 12], "texture": "#1"}
			}
		},
		{
			"from": [3.5, 9, 3.5],
			"to": [12.5, 11, 12.5],
			"rotation": {"angle": 0, "axis": "y", "origin": [15.5, 17, 15.5]},
			"faces": {
				"north": {"uv": [3, 0, 12, 2], "texture": "#1"},
				"east": {"uv": [6, 0, 15, 2], "texture": "#1"},
				"south": {"uv": [4, 0, 13, 2], "texture": "#1"},
				"west": {"uv": [1, 0, 10, 2], "texture": "#1"},
				"up": {"uv": [3, 3, 12, 12], "texture": "#1"},
				"down": {"uv": [3, 2, 12, 11], "texture": "#1"}
			}
		},
		{
			"from": [5.5, 11, 5.5],
			"to": [10.5, 15, 10.5],
			"rotation": {"angle": 0, "axis": "y", "origin": [15.5, 19, 15.5]},
			"faces": {
				"north": {"uv": [2, 0, 7, 4], "texture": "#1"},
				"east": {"uv": [8, 0, 13, 4], "texture": "#1"},
				"south": {"uv": [2, 0, 7, 4], "texture": "#1"},
				"west": {"uv": [6, 0, 11, 4], "texture": "#1"},
				"up": {"uv": [4, 3, 9, 8], "texture": "#1"},
				"down": {"uv": [5, 3, 10, 8], "texture": "#1"}
			}
		},
		{
			"from": [4.5, 3, 4.5],
			"to": [11.5, 9, 11.5],
			"rotation": {"angle": 0, "axis": "y", "origin": [15.5, 8, 15.5]},
			"faces": {
				"north": {"uv": [4, 5, 12, 12], "texture": "#3"},
				"east": {"uv": [4, 5, 12, 12], "texture": "#3"},
				"south": {"uv": [4, 5, 12, 12], "texture": "#3"},
				"west": {"uv": [4, 5, 12, 12], "texture": "#3"},
				"up": {"uv": [5, 3, 12, 10], "texture": "#1"},
				"down": {"uv": [4, 4, 11, 11], "texture": "#1"}
			}
		}
	],
	"display": {
		"head": {
			"translation": [0, -30, 0],
			"scale": [1.65, 1.65, 1.65]
		}
	},
	"groups": [
		{
			"name": "group",
			"origin": [15.5, 8, 15.5],
			"children": [0, 1, 2, 3, 4]
		}
	]
}