{
	"credit": "Modelled by Arctic",
	"textures": {
		"0": "block/cobblestoneGrave",
		"1": "block/smooth_stone",
		"particle": "block/cobblestoneGrave"
	},
	"elements": [
		{
			"from": [2, 2, 10],
			"to": [14, 11, 13],
			"rotation": {"angle": 0, "axis": "y", "origin": [9, 8, 21]},
			"faces": {
				"north": {"uv": [0, 0, 12, 9], "texture": "#0"},
				"east": {"uv": [12, 5, 15, 14], "texture": "#0"},
				"south": {"uv": [2, 7, 14, 16], "texture": "#0"},
				"west": {"uv": [11, 5, 14, 14], "texture": "#0"},
				"up": {"uv": [1, 12, 13, 15], "texture": "#0"},
				"down": {"uv": [0, 10, 12, 13], "texture": "#0"}
			}
		},
		{
			"from": [1, 0, 1],
			"to": [15, 2, 14],
			"rotation": {"angle": 0, "axis": "y", "origin": [9, 6, 21]},
			"faces": {
				"north": {"uv": [1, 0, 15, 2], "texture": "#1"},
				"east": {"uv": [1, 0, 14, 2], "texture": "#1"},
				"south": {"uv": [1, 0, 15, 2], "texture": "#1"},
				"west": {"uv": [2, 0, 15, 2], "texture": "#1"},
				"up": {"uv": [1, 1, 15, 14], "texture": "#1"},
				"down": {"uv": [1, 1, 15, 14], "texture": "#1"}
			}
		},
		{
			"from": [3, 11, 10],
			"to": [13, 14, 13],
			"rotation": {"angle": 0, "axis": "y", "origin": [9, 19, 21]},
			"faces": {
				"north": {"uv": [1, 1, 11, 4], "texture": "#0"},
				"east": {"uv": [6, 10, 9, 13], "texture": "#0"},
				"south": {"uv": [3, 9, 13, 12], "texture": "#0"},
				"west": {"uv": [5, 10, 8, 13], "texture": "#0"},
				"up": {"uv": [2, 11, 12, 14], "texture": "#0"},
				"down": {"uv": [1, 11, 11, 14], "texture": "#0"}
			}
		},
		{
			"from": [5, 14, 10],
			"to": [11, 15, 13],
			"rotation": {"angle": 0, "axis": "y", "origin": [9, 22, 21]},
			"faces": {
				"north": {"uv": [0, 0, 6, 1], "texture": "#0"},
				"east": {"uv": [0, 0, 3, 1], "texture": "#0"},
				"south": {"uv": [0, 0, 6, 1], "texture": "#0"},
				"west": {"uv": [0, 0, 3, 1], "texture": "#0"},
				"up": {"uv": [4, 9, 10, 12], "texture": "#0"},
				"down": {"uv": [6, 11, 12, 14], "texture": "#0"}
			}
		}
	],
	"display": {
		"head": {
			"translation": [0, -30, 0],
			"scale": [1.65, 1.65, 1.65]
		}
	}
}