{
	"credit": "Modelled by Arctic",
	"textures": {
		"0": "block/gold_block",
		"particle": "block/gold_block"
	},
	"elements": [
		{
			"from": [6.5, -0.16667, 2.83333],
			"to": [9.5, 0.83333, 11.83333],
			"rotation": {"angle": 0, "axis": "y", "origin": [14.5, 7.83333, 10.83333]},
			"faces": {
				"north": {"uv": [0, 0, 3, 1], "texture": "#0"},
				"east": {"uv": [0, 0, 9, 1], "texture": "#0"},
				"south": {"uv": [0, 0, 3, 1], "texture": "#0"},
				"west": {"uv": [0, 0, 9, 1], "texture": "#0"},
				"up": {"uv": [0, 0, 3, 9], "texture": "#0"},
				"down": {"uv": [9, 3, 12, 12], "texture": "#0"}
			}
		},
		{
			"from": [6.5, 0.83333, 2.83333],
			"to": [9.5, 1.83333, 8.83333],
			"rotation": {"angle": 0, "axis": "y", "origin": [14.5, 8.83333, 10.83333]},
			"faces": {
				"north": {"uv": [0, 0, 3, 1], "texture": "#0"},
				"east": {"uv": [0, 0, 6, 1], "texture": "#0"},
				"south": {"uv": [0, 0, 3, 1], "texture": "#0"},
				"west": {"uv": [0, 0, 6, 1], "texture": "#0"},
				"up": {"uv": [1, 1, 4, 7], "texture": "#0"},
				"down": {"uv": [0, 0, 3, 6], "texture": "#0"}
			}
		},
		{
			"from": [6.5, 0.83333, 9.83333],
			"to": [9.5, 1.83333, 11.83333],
			"rotation": {"angle": 0, "axis": "y", "origin": [14.5, 8.83333, 17.83333]},
			"faces": {
				"north": {"uv": [0, 0, 3, 1], "texture": "#0"},
				"east": {"uv": [0, 0, 2, 1], "texture": "#0"},
				"south": {"uv": [0, 0, 3, 1], "texture": "#0"},
				"west": {"uv": [0, 0, 2, 1], "texture": "#0"},
				"up": {"uv": [2, 5, 5, 7], "texture": "#0"},
				"down": {"uv": [0, 0, 3, 2], "texture": "#0"}
			}
		}
	],
	"display": {
		"thirdperson_righthand": {
			"translation": [0, 2, 0],
			"scale": [0.25, 0.25, 0.25]
		},
		"thirdperson_lefthand": {
			"translation": [0, 2, 0],
			"scale": [0.25, 0.25, 0.25]
		},
		"firstperson_righthand": {
			"translation": [0, 8.5, -1.75]
		},
		"firstperson_lefthand": {
			"translation": [0, 8.5, -1.75]
		},
		"ground": {
			"translation": [0, 5, 0],
			"scale": [0.5, 0.5, 0.5]
		},
		"gui": {
			"rotation": [33, -27, 0],
			"translation": [-0.25, 5.75, 0]
		},
		"head": {
			"translation": [0, 0, 1]
		},
		"fixed": {
			"rotation": [-90, 0, 0],
			"translation": [0, 0, -8]
		}
	}
}