{
	"credit": "Modelled by Arctic",
	"textures": {
		"1": "block/black_terracotta",
		"2": "block/ice",
		"particle": "block/ice"
	},
	"elements": [
		{
			"from": [7.5, -1.5, 7.5],
			"to": [8.5, 3.5, 8.5],
			"rotation": {"angle": 0, "axis": "y", "origin": [15.5, 10.5, 15.5]},
			"faces": {
				"north": {"uv": [12, 9, 13, 14], "texture": "#1"},
				"east": {"uv": [11, 11, 12, 16], "texture": "#1"},
				"south": {"uv": [11, 8, 12, 13], "texture": "#1"},
				"west": {"uv": [11, 5, 12, 10], "texture": "#1"},
				"up": {"uv": [12, 12, 13, 13], "texture": "#1"},
				"down": {"uv": [11, 14, 12, 15], "texture": "#1"}
			}
		},
		{
			"from": [7.6, -1.7, 7.6],
			"to": [8.4, -1.5, 8.4],
			"rotation": {"angle": 0, "axis": "y", "origin": [15.5, 5.5, 15.5]},
			"faces": {
				"north": {"uv": [14, 9, 15, 9], "texture": "#2"},
				"east": {"uv": [14, 10, 15, 10], "texture": "#2"},
				"south": {"uv": [14, 13, 15, 13], "texture": "#2"},
				"west": {"uv": [15, 14, 16, 14], "texture": "#2"},
				"up": {"uv": [14, 9, 15, 10], "texture": "#2"},
				"down": {"uv": [14, 7, 15, 8], "texture": "#2"}
			}
		},
		{
			"from": [7.6, 3.5, 7.6],
			"to": [8.4, 8.5, 8.4],
			"rotation": {"angle": 0, "axis": "y", "origin": [15.5, 15.5, 15.5]},
			"faces": {
				"north": {"uv": [8, 8, 9, 13], "texture": "#2"},
				"east": {"uv": [8, 11, 9, 16], "texture": "#2"},
				"south": {"uv": [7, 5, 8, 10], "texture": "#2"},
				"west": {"uv": [9, 10, 10, 15], "texture": "#2"},
				"up": {"uv": [7, 13, 8, 14], "texture": "#2"},
				"down": {"uv": [9, 10, 10, 11], "texture": "#2"}
			}
		},
		{
			"from": [7.7, 8.5, 7.7],
			"to": [8.3, 13.5, 8.3],
			"rotation": {"angle": 0, "axis": "y", "origin": [15.5, 20.5, 15.5]},
			"faces": {
				"north": {"uv": [5, 6, 6, 11], "texture": "#2"},
				"east": {"uv": [5, 10, 6, 15], "texture": "#2"},
				"south": {"uv": [5, 7, 6, 12], "texture": "#2"},
				"west": {"uv": [6, 10, 7, 15], "texture": "#2"},
				"up": {"uv": [6, 8, 7, 9], "texture": "#2"},
				"down": {"uv": [5, 13, 6, 14], "texture": "#2"}
			}
		},
		{
			"from": [7.8, 13.5, 7.8],
			"to": [8.2, 16.5, 8.2],
			"rotation": {"angle": 0, "axis": "y", "origin": [15.5, 25.5, 15.5]},
			"faces": {
				"north": {"uv": [2, 9, 3, 12], "texture": "#2"},
				"east": {"uv": [2, 9, 3, 12], "texture": "#2"},
				"south": {"uv": [2, 9, 3, 12], "texture": "#2"},
				"west": {"uv": [2, 9, 3, 12], "texture": "#2"},
				"up": {"uv": [2, 10, 3, 11], "texture": "#2"},
				"down": {"uv": [2, 10, 3, 11], "texture": "#2"}
			}
		}
	],
	"display": {
		"thirdperson_righthand": {
			"translation": [0, 5, 1]
		},
		"thirdperson_lefthand": {
			"translation": [0, 5, 1]
		},
		"firstperson_righthand": {
			"rotation": [-34, 0, 0],
			"translation": [1.75, 2, 0]
		},
		"firstperson_lefthand": {
			"rotation": [-34, 0, 0],
			"translation": [1.75, 2, 0]
		},
		"ground": {
			"rotation": [-49, 0, 0],
			"translation": [0, 1.25, 0],
			"scale": [0.75, 0.75, 0.75]
		},
		"gui": {
			"rotation": [0, 0, 45],
			"translation": [-0.25, 0.25, 0]
		},
		"head": {
			"translation": [0, 14.75, 0]
		}
	},
	"groups": [
		{
			"name": "WandBase",
			"origin": [15.5, 25.5, 15.5],
			"children": [0, 1, 2, 3, 4]
		}
	]
}