{
	"credit": "Made with Blockbench",
	"texture_size": [32, 32],
	"textures": {
		"0": "minecraft:item/llamagun",
		"particle": "minecraft:item/llamagun"
	},
	"elements": [
		{
			"from": [6, 3.75, 2],
			"to": [10, 7.75, 6],
			"rotation": {"angle": 0, "axis": "y", "origin": [14, 11.75, 10]},
			"faces": {
				"north": {"uv": [2, 11, 4, 13], "texture": "#0"},
				"east": {"uv": [0, 11, 2, 13], "texture": "#0"},
				"south": {"uv": [6, 11, 8, 13], "texture": "#0"},
				"west": {"uv": [4, 11, 6, 13], "texture": "#0"},
				"up": {"uv": [4, 11, 2, 9], "texture": "#0"},
				"down": {"uv": [6, 9, 4, 11], "texture": "#0"}
			}
		},
		{
			"from": [4, -2.25, 6],
			"to": [12, 9.75, 12],
			"rotation": {"angle": 0, "axis": "y", "origin": [12, 5.75, 14]},
			"faces": {
				"north": {"uv": [3, 3, 7, 9], "texture": "#0"},
				"east": {"uv": [0, 3, 3, 9], "texture": "#0"},
				"south": {"uv": [10, 3, 14, 9], "texture": "#0"},
				"west": {"uv": [7, 3, 10, 9], "texture": "#0"},
				"up": {"uv": [7, 3, 3, 0], "texture": "#0"},
				"down": {"uv": [11, 0, 7, 3], "texture": "#0"}
			}
		},
		{
			"from": [4, 9.75, 8.5],
			"to": [7, 12.75, 10.5],
			"rotation": {"angle": 0, "axis": "y", "origin": [12, 17.75, 16.5]},
			"faces": {
				"north": {"uv": [9, 10, 10.5, 11.5], "texture": "#0"},
				"east": {"uv": [8, 10, 9, 11.5], "texture": "#0"},
				"south": {"uv": [11.5, 10, 13, 11.5], "texture": "#0"},
				"west": {"uv": [10.5, 10, 11.5, 11.5], "texture": "#0"},
				"up": {"uv": [10.5, 10, 9, 9], "texture": "#0"},
				"down": {"uv": [12, 9, 10.5, 10], "texture": "#0"}
			}
		},
		{
			"from": [9, 9.75, 8.5],
			"to": [12, 12.75, 10.5],
			"rotation": {"angle": 0, "axis": "y", "origin": [17, 17.75, 16.5]},
			"faces": {
				"north": {"uv": [12, 1, 13.5, 2.5], "texture": "#0"},
				"east": {"uv": [11, 1, 12, 2.5], "texture": "#0"},
				"south": {"uv": [14.5, 1, 16, 2.5], "texture": "#0"},
				"west": {"uv": [13.5, 1, 14.5, 2.5], "texture": "#0"},
				"up": {"uv": [13.5, 1, 12, 0], "texture": "#0"},
				"down": {"uv": [15, 0, 13.5, 1], "texture": "#0"}
			}
		}
	],
	"display": {
		"thirdperson_righthand": {
			"translation": [0, -0.25, 0],
			"scale": [0.75, 0.75, 0.75]
		},
		"thirdperson_lefthand": {
			"translation": [0, -0.25, 0],
			"scale": [0.75, 0.75, 0.75]
		},
		"firstperson_righthand": {
			"rotation": [-2, 17, 0],
			"translation": [2.75, 4.5, 0],
			"scale": [0.75, 0.75, 0.75]
		},
		"firstperson_lefthand": {
			"rotation": [-2, 17, 0],
			"translation": [2.75, 4.5, 0],
			"scale": [0.75, 0.75, 0.75]
		},
		"ground": {
			"translation": [0, 6.75, 0]
		},
		"gui": {
			"rotation": [17, 141, 0],
			"translation": [-0.25, 2, 0],
			"scale": [0.8, 0.8, 0.8]
		},
		"head": {
			"translation": [-0.25, 3.5, -3.25],
			"scale": [2, 2, 2]
		},
		"fixed": {
			"rotation": [-26, 0, 0],
			"translation": [0, 5.25, -5.5],
			"scale": [2, 2, 2]
		}
	}
}