{
	"credit": "Made with Blockbench",
	"textures": {
		"0": "block/pitchfork",
		"particle": "block/pitchfork"
	},
	"elements": [
		{
			"from": [4.5, 14.55, 7.5],
			"to": [11.5, 15.55, 8.5],
			"rotation": {"angle": 0, "axis": "y", "origin": [12.5, 22.55, 15.5]},
			"faces": {
				"north": {"uv": [0, 0, 7, 1], "texture": "#0"},
				"east": {"uv": [0, 0, 1, 1], "texture": "#0"},
				"south": {"uv": [0, 0, 7, 1], "texture": "#0"},
				"west": {"uv": [0, 0, 1, 1], "texture": "#0"},
				"up": {"uv": [0, 0, 7, 1], "texture": "#0"},
				"down": {"uv": [0, 0, 7, 1], "texture": "#0"}
			}
		},
		{
			"from": [10.5, 18.55, 9.5],
			"to": [11.5, 19.55, 10.5],
			"rotation": {"angle": 0, "axis": "y", "origin": [18.5, 26.55, 17.5]},
			"faces": {
				"north": {"uv": [0, 0, 1, 1], "texture": "#0"},
				"east": {"uv": [0, 0, 1, 1], "texture": "#0"},
				"south": {"uv": [0, 0, 1, 1], "texture": "#0"},
				"west": {"uv": [0, 0, 1, 1], "texture": "#0"},
				"up": {"uv": [0, 0, 1, 1], "texture": "#0"},
				"down": {"uv": [0, 0, 1, 1], "texture": "#0"}
			}
		},
		{
			"from": [10.5, 16.55, 8.5],
			"to": [11.5, 19.55, 9.5],
			"rotation": {"angle": 0, "axis": "y", "origin": [18.5, 24.55, 16.5]},
			"faces": {
				"north": {"uv": [0, 0, 3, 1], "rotation": 90, "texture": "#0"},
				"east": {"uv": [0, 0, 3, 1], "rotation": 90, "texture": "#0"},
				"south": {"uv": [0, 0, 1, 3], "texture": "#0"},
				"west": {"uv": [0, 0, 3, 1], "rotation": 90, "texture": "#0"},
				"up": {"uv": [0, 0, 3, 1], "rotation": 90, "texture": "#0"},
				"down": {"uv": [0, 0, 3, 1], "rotation": 90, "texture": "#0"}
			}
		},
		{
			"from": [10.5, 15.55, 7.5],
			"to": [11.5, 17.55, 8.5],
			"rotation": {"angle": 0, "axis": "y", "origin": [18.5, 23.55, 15.5]},
			"faces": {
				"north": {"uv": [0, 0, 1, 2], "texture": "#0"},
				"east": {"uv": [0, 0, 1, 2], "texture": "#0"},
				"south": {"uv": [0, 0, 1, 2], "texture": "#0"},
				"west": {"uv": [0, 0, 1, 2], "texture": "#0"},
				"up": {"uv": [0, 0, 1, 1], "texture": "#0"},
				"down": {"uv": [0, 0, 1, 1], "texture": "#0"}
			}
		},
		{
			"from": [4.5, 18.55, 9.5],
			"to": [5.5, 19.55, 10.5],
			"rotation": {"angle": 0, "axis": "y", "origin": [12.5, 26.55, 17.5]},
			"faces": {
				"north": {"uv": [0, 0, 1, 1], "texture": "#0"},
				"east": {"uv": [0, 0, 1, 1], "texture": "#0"},
				"south": {"uv": [0, 0, 1, 1], "texture": "#0"},
				"west": {"uv": [0, 0, 1, 1], "texture": "#0"},
				"up": {"uv": [0, 0, 1, 1], "texture": "#0"},
				"down": {"uv": [0, 0, 1, 1], "texture": "#0"}
			}
		},
		{
			"from": [4.5, 16.55, 8.5],
			"to": [5.5, 19.55, 9.5],
			"rotation": {"angle": 0, "axis": "y", "origin": [12.5, 24.55, 16.5]},
			"faces": {
				"north": {"uv": [0, 0, 3, 1], "rotation": 90, "texture": "#0"},
				"east": {"uv": [0, 0, 3, 1], "rotation": 90, "texture": "#0"},
				"south": {"uv": [0, 0, 3, 1], "rotation": 90, "texture": "#0"},
				"west": {"uv": [0, 0, 3, 1], "rotation": 90, "texture": "#0"},
				"up": {"uv": [0, 0, 1, 1], "texture": "#0"},
				"down": {"uv": [0, 0, 1, 1], "texture": "#0"}
			}
		},
		{
			"from": [7.5, 18.55, 9.5],
			"to": [8.5, 19.55, 10.5],
			"rotation": {"angle": 0, "axis": "y", "origin": [15.5, 26.55, 17.5]},
			"faces": {
				"north": {"uv": [0, 0, 1, 1], "texture": "#0"},
				"east": {"uv": [0, 0, 1, 1], "texture": "#0"},
				"south": {"uv": [0, 0, 1, 1], "texture": "#0"},
				"west": {"uv": [0, 0, 1, 1], "texture": "#0"},
				"up": {"uv": [0, 0, 1, 1], "texture": "#0"},
				"down": {"uv": [0, 0, 1, 1], "texture": "#0"}
			}
		},
		{
			"from": [4.5, 15.55, 7.5],
			"to": [5.5, 17.55, 8.5],
			"rotation": {"angle": 0, "axis": "y", "origin": [12.5, 23.55, 15.5]},
			"faces": {
				"north": {"uv": [0, 0, 1, 2], "texture": "#0"},
				"east": {"uv": [0, 0, 1, 2], "texture": "#0"},
				"south": {"uv": [0, 0, 1, 2], "texture": "#0"},
				"west": {"uv": [0, 0, 1, 2], "texture": "#0"},
				"up": {"uv": [0, 0, 1, 1], "texture": "#0"},
				"down": {"uv": [0, 0, 1, 1], "texture": "#0"}
			}
		},
		{
			"from": [7.5, 16.55, 8.5],
			"to": [8.5, 19.55, 9.5],
			"rotation": {"angle": 0, "axis": "y", "origin": [15.5, 24.55, 16.5]},
			"faces": {
				"north": {"uv": [0, 0, 3, 1], "rotation": 90, "texture": "#0"},
				"east": {"uv": [0, 0, 3, 1], "rotation": 90, "texture": "#0"},
				"south": {"uv": [0, 0, 3, 1], "rotation": 90, "texture": "#0"},
				"west": {"uv": [0, 0, 3, 1], "rotation": 90, "texture": "#0"},
				"up": {"uv": [0, 0, 1, 1], "texture": "#0"},
				"down": {"uv": [0, 0, 1, 1], "texture": "#0"}
			}
		},
		{
			"from": [7.5, 15.55, 7.5],
			"to": [8.5, 17.55, 8.5],
			"rotation": {"angle": 0, "axis": "y", "origin": [15.5, 23.55, 15.5]},
			"faces": {
				"north": {"uv": [0, 0, 1, 2], "texture": "#0"},
				"east": {"uv": [0, 0, 1, 2], "texture": "#0"},
				"south": {"uv": [0, 0, 1, 2], "texture": "#0"},
				"west": {"uv": [0, 0, 1, 2], "texture": "#0"},
				"up": {"uv": [0, 0, 1, 1], "texture": "#0"},
				"down": {"uv": [0, 0, 1, 1], "texture": "#0"}
			}
		},
		{
			"from": [7.5, 4.5, 7.5],
			"to": [8.5, 14.5, 8.5],
			"rotation": {"angle": 0, "axis": "y", "origin": [15.5, 12.5, 15.5]},
			"faces": {
				"north": {"uv": [6, 6, 7, 16], "texture": "#0"},
				"east": {"uv": [7, 6, 8, 16], "texture": "#0"},
				"south": {"uv": [9, 6, 10, 16], "texture": "#0"},
				"west": {"uv": [8, 6, 9, 16], "texture": "#0"},
				"up": {"uv": [8, 9, 9, 10], "texture": "#0", "cullface": "up"},
				"down": {"uv": [7, 6, 8, 7], "texture": "#0", "cullface": "down"}
			}
		},
		{
			"from": [7.5, -5.5, 7.5],
			"to": [8.5, 4.5, 8.5],
			"rotation": {"angle": 0, "axis": "y", "origin": [15.5, 2.5, 15.5]},
			"faces": {
				"north": {"uv": [7, 6, 8, 16], "texture": "#0"},
				"east": {"uv": [8, 6, 9, 16], "texture": "#0"},
				"south": {"uv": [6, 6, 7, 16], "texture": "#0"},
				"west": {"uv": [7, 6, 8, 16], "texture": "#0"},
				"up": {"uv": [8, 7, 9, 8], "texture": "#0", "cullface": "up"},
				"down": {"uv": [7, 8, 8, 9], "texture": "#0"}
			}
		}
	],
	"display": {
		"thirdperson_righthand": {
			"rotation": [0, -180, 0],
			"translation": [0, 0.75, 0]
		}
	},
	"groups": [
		{
			"name": "PitchforkHead",
			"origin": [14.5, 16.5, 16.5],
			"children": [0, 1, 2, 3, 4, 5, 6, 7, 8, 9]
		}, 10, 11]
}