{
	"credit": "Made with Blockbench",
	"textures": {
		"0": "block/basesignpost",
		"particle": "block/basesignpost"
	},
	"elements": [
		{
			"from": [5.5, 0, 5.5],
			"to": [10.5, 3, 10.5],
			"rotation": {"angle": 0, "axis": "y", "origin": [7.975, 19.6725, 8.65]},
			"faces": {
				"north": {"uv": [11, 14, 16, 16], "texture": "#0"},
				"east": {"uv": [11, 14, 16, 16], "texture": "#0"},
				"south": {"uv": [11, 14, 16, 16], "texture": "#0"},
				"west": {"uv": [11, 14, 16, 16], "texture": "#0"},
				"up": {"uv": [8, 13, 11, 16], "texture": "#0"},
				"down": {"uv": [8, 13, 11, 16], "texture": "#0"}
			}
		},
		{
			"from": [6.2, 3, 6.2],
			"to": [9.8, 6, 9.8],
			"rotation": {"angle": 0, "axis": "y", "origin": [7.975, 19.6725, 8.65]},
			"faces": {
				"north": {"uv": [8, 13, 11, 16], "texture": "#0"},
				"east": {"uv": [8, 13, 11, 16], "texture": "#0"},
				"south": {"uv": [8, 13, 11, 16], "texture": "#0"},
				"west": {"uv": [8, 13, 11, 16], "texture": "#0"},
				"up": {"uv": [8, 13, 11, 16], "texture": "#0"},
				"down": {"uv": [8, 13, 11, 16], "texture": "#0"}
			}
		},
		{
			"from": [6.75, 6, 6.75],
			"to": [9.25, 27, 9.25],
			"rotation": {"angle": 0, "axis": "y", "origin": [7.975, 19.6725, 8.65]},
			"faces": {
				"north": {"uv": [5.5, 0, 8, 16], "texture": "#0"},
				"east": {"uv": [5.5, 0, 8, 16], "texture": "#0"},
				"south": {"uv": [5.5, 0, 8, 16], "texture": "#0"},
				"west": {"uv": [5.5, 0, 8, 16], "texture": "#0"},
				"up": {"uv": [8, 7.5, 10.5, 10], "texture": "#0"},
				"down": {"uv": [8, 7.5, 10.5, 10], "texture": "#0"}
			}
		},
		{
			"from": [6.5, 27, 6.5],
			"to": [9.5, 30, 9.5],
			"rotation": {"angle": 0, "axis": "y", "origin": [7.975, 19.6725, 8.65]},
			"faces": {
				"north": {"uv": [8, 13, 11, 16], "texture": "#0"},
				"east": {"uv": [8, 13, 11, 16], "texture": "#0"},
				"south": {"uv": [8, 13, 11, 16], "texture": "#0"},
				"west": {"uv": [8, 13, 11, 16], "texture": "#0"},
				"up": {"uv": [8, 13, 11, 16], "texture": "#0"},
				"down": {"uv": [8, 13, 11, 16], "texture": "#0"}
			}
		},
		{
			"from": [7.5, 28.1, 9.5],
			"to": [8.5, 29.1, 10],
			"rotation": {"angle": 0, "axis": "y", "origin": [8.975, 20.7725, 11.65]},
			"faces": {
				"north": {"uv": [10.5, 15, 11.5, 16], "texture": "#0"},
				"east": {"uv": [10.5, 15, 11.5, 16], "texture": "#0"},
				"south": {"uv": [10.5, 15, 11.5, 16], "texture": "#0"},
				"west": {"uv": [10.5, 15, 11.5, 16], "texture": "#0"},
				"up": {"uv": [10.5, 15, 11.5, 16], "texture": "#0"},
				"down": {"uv": [10.5, 15, 11.5, 16], "texture": "#0"}
			}
		},
		{
			"from": [7.5, 28.1, 6],
			"to": [8.5, 29.1, 6.5],
			"rotation": {"angle": 0, "axis": "y", "origin": [8.975, 20.7725, 8.15]},
			"faces": {
				"north": {"uv": [10.5, 15, 11.5, 16], "texture": "#0"},
				"east": {"uv": [10.5, 15, 11.5, 16], "texture": "#0"},
				"south": {"uv": [10.5, 15, 11.5, 16], "texture": "#0"},
				"west": {"uv": [10.5, 15, 11.5, 16], "texture": "#0"},
				"up": {"uv": [10.5, 15, 11.5, 16], "texture": "#0"},
				"down": {"uv": [10.5, 15, 11.5, 16], "texture": "#0"}
			}
		},
		{
			"from": [6, 28.1, 7.5],
			"to": [6.5, 29.1, 8.5],
			"rotation": {"angle": 0, "axis": "y", "origin": [6.25, 28.6, 8]},
			"faces": {
				"north": {"uv": [10.5, 15, 11.5, 16], "texture": "#0"},
				"east": {"uv": [10.5, 15, 11.5, 16], "texture": "#0"},
				"south": {"uv": [10.5, 15, 11.5, 16], "texture": "#0"},
				"west": {"uv": [10.5, 15, 11.5, 16], "texture": "#0"},
				"up": {"uv": [10.5, 15, 11.5, 16], "texture": "#0"},
				"down": {"uv": [10.5, 15, 11.5, 16], "texture": "#0"}
			}
		},
		{
			"from": [9.5, 28.1, 7.5],
			"to": [10, 29.1, 8.5],
			"rotation": {"angle": 0, "axis": "y", "origin": [9.75, 28.6, 8]},
			"faces": {
				"north": {"uv": [10.5, 15, 11.5, 16], "texture": "#0"},
				"east": {"uv": [10.5, 15, 11.5, 16], "texture": "#0"},
				"south": {"uv": [10.5, 15, 11.5, 16], "texture": "#0"},
				"west": {"uv": [10.5, 15, 11.5, 16], "texture": "#0"},
				"up": {"uv": [10.5, 15, 11.5, 16], "texture": "#0"},
				"down": {"uv": [10.5, 15, 11.5, 16], "texture": "#0"}
			}
		},
		{
			"from": [-1.525, 23.1, 9.25],
			"to": [-1.025, 24.1, 9.5],
			"rotation": {"angle": 0, "axis": "y", "origin": [8.275, 19.7475, 8.775]},
			"faces": {
				"north": {"uv": [10.25, 8.25, 11.25, 9.25], "texture": "#0"},
				"east": {"uv": [13, 7.75, 13.5, 8.75], "texture": "#0"},
				"south": {"uv": [11.5, 10, 12.75, 11], "rotation": 90, "texture": "#0"},
				"west": {"uv": [12.25, 9.25, 12.75, 10.25], "texture": "#0"},
				"up": {"uv": [12.75, 8.75, 13.75, 9.25], "texture": "#0"},
				"down": {"uv": [12, 8.25, 13, 8.75], "texture": "#0"}
			}
		},
		{
			"from": [17.025, 19.1, 9.25],
			"to": [17.525, 20.1, 9.5],
			"rotation": {"angle": 0, "axis": "y", "origin": [7.725, 15.7475, 8.775]},
			"faces": {
				"north": {"uv": [15.75, 3.5, 14.75, 4.5], "texture": "#0"},
				"east": {"uv": [11.75, 1, 11.25, 2], "texture": "#0"},
				"south": {"uv": [8.75, 12, 8, 13], "texture": "#0"},
				"west": {"uv": [10, 11.5, 9.5, 12.5], "texture": "#0"},
				"up": {"uv": [15.25, 0.5, 14.25, 1], "texture": "#0"},
				"down": {"uv": [15.75, 2.5, 14.75, 3], "texture": "#0"}
			}
		},
		{
			"from": [-2.025, 23.5, 9.25],
			"to": [-1.525, 23.75, 9.5],
			"rotation": {"angle": 0, "axis": "y", "origin": [7.775, 20.1475, 8.775]},
			"faces": {
				"north": {"uv": [13.5, 2, 14.5, 3], "texture": "#0"},
				"east": {"uv": [12.25, 3.75, 12.75, 4.75], "texture": "#0"},
				"south": {"uv": [13.5, 4, 14.5, 5], "texture": "#0"},
				"west": {"uv": [12.75, 3.5, 13.25, 4.5], "texture": "#0"},
				"up": {"uv": [9.75, 3.25, 10.75, 3.75], "texture": "#0"},
				"down": {"uv": [11.5, 3.5, 12.5, 4], "texture": "#0"}
			}
		},
		{
			"from": [17.525, 19.5, 9.25],
			"to": [18.025, 19.75, 9.5],
			"rotation": {"angle": 0, "axis": "y", "origin": [8.225, 16.1475, 8.775]},
			"faces": {
				"north": {"uv": [10.75, 6, 9.75, 7], "texture": "#0"},
				"east": {"uv": [13.75, 9.5, 13.25, 10.5], "texture": "#0"},
				"south": {"uv": [15.5, 11.25, 14.5, 12.25], "texture": "#0"},
				"west": {"uv": [15.25, 9.5, 14.75, 10.5], "texture": "#0"},
				"up": {"uv": [12.5, 5, 11.5, 5.5], "texture": "#0"},
				"down": {"uv": [13.75, 10, 12.75, 10.5], "texture": "#0"}
			}
		},
		{
			"from": [-1.025, 22.7, 9.25],
			"to": [-0.525, 24.45, 9.5],
			"rotation": {"angle": 0, "axis": "y", "origin": [7.775, 19.7475, 8.775]},
			"faces": {
				"north": {"uv": [11.5, 8.25, 12.5, 10], "texture": "#0"},
				"east": {"uv": [12.5, 10.25, 13, 12], "texture": "#0"},
				"south": {"uv": [8.5, 11.5, 10.75, 12.25], "rotation": 90, "texture": "#0"},
				"west": {"uv": [9.75, 10.75, 10.25, 12.5], "texture": "#0"},
				"up": {"uv": [11.5, 9.5, 12.5, 10], "texture": "#0"},
				"down": {"uv": [13, 11.5, 14, 12], "texture": "#0"}
			}
		},
		{
			"from": [16.525, 18.7, 9.25],
			"to": [17.025, 20.45, 9.5],
			"rotation": {"angle": 0, "axis": "y", "origin": [8.225, 15.7475, 8.775]},
			"faces": {
				"north": {"uv": [15.5, 7.75, 14.5, 9.5], "texture": "#0"},
				"east": {"uv": [14.5, 10.75, 14, 12.5], "texture": "#0"},
				"south": {"uv": [11, 10.5, 9.25, 11.25], "rotation": 90, "texture": "#0"},
				"west": {"uv": [11.75, 10.75, 11.25, 12.5], "texture": "#0"},
				"up": {"uv": [15.5, 11.75, 14.5, 12.25], "texture": "#0"},
				"down": {"uv": [15.25, 10.75, 14.25, 11.25], "texture": "#0"}
			}
		},
		{
			"from": [-0.525, 22.25, 9.25],
			"to": [0.075, 24.75, 9.5],
			"rotation": {"angle": 0, "axis": "y", "origin": [7.375, 19.5475, 8.775]},
			"faces": {
				"north": {"uv": [15.25, 0.25, 15.75, 2.75], "texture": "#0"},
				"east": {"uv": [11.25, 2.75, 11.5, 5.25], "texture": "#0"},
				"south": {"uv": [10.75, 4, 13.75, 6.5], "rotation": 90, "texture": "#0"},
				"west": {"uv": [11.5, 2.75, 11.75, 5.25], "texture": "#0"},
				"up": {"uv": [11.5, 5.25, 12, 5.5], "texture": "#0"},
				"down": {"uv": [11.75, 6, 12.25, 6.25], "texture": "#0"}
			}
		},
		{
			"from": [15.925, 18.25, 9.25],
			"to": [16.525, 20.75, 9.5],
			"rotation": {"angle": 0, "axis": "y", "origin": [8.625, 15.5475, 8.775]},
			"faces": {
				"north": {"uv": [14.75, 7, 14.25, 9.5], "texture": "#0"},
				"east": {"uv": [15, 2.5, 14.75, 5], "texture": "#0"},
				"south": {"uv": [13.75, 4, 11.25, 5.25], "rotation": 90, "texture": "#0"},
				"west": {"uv": [15.5, 1.25, 15.25, 3.75], "texture": "#0"},
				"up": {"uv": [14.75, 4.75, 14.25, 5], "texture": "#0"},
				"down": {"uv": [14.75, 6.25, 14.25, 6.5], "texture": "#0"}
			}
		},
		{
			"from": [0.075, 22, 9.25],
			"to": [10.075, 25, 9.5],
			"rotation": {"angle": 0, "axis": "y", "origin": [7.375, 19.6725, 8.775]},
			"faces": {
				"north": {"uv": [9.75, 0.75, 13.25, 11.75], "rotation": 90, "texture": "#0"},
				"east": {"uv": [9.5, 1.75, 10, 4.75], "texture": "#0"},
				"south": {"uv": [0, 8, 3.5, 0], "rotation": 90, "texture": "#0"},
				"west": {"uv": [9.5, 1.5, 10, 4.5], "texture": "#0"},
				"up": {"uv": [8, 2, 8.5, 10], "rotation": 90, "texture": "#0"},
				"down": {"uv": [10.5, 1.25, 11, 9.25], "rotation": 90, "texture": "#0"}
			}
		},
		{
			"from": [5.925, 18, 9.25],
			"to": [15.925, 21, 9.5],
			"rotation": {"angle": 0, "axis": "y", "origin": [8.625, 15.6725, 8.775]},
			"faces": {
				"north": {"uv": [10.75, 11.5, 14.25, 0.5], "rotation": 90, "texture": "#0"},
				"east": {"uv": [13.75, 3.75, 13.25, 6.75], "texture": "#0"},
				"south": {"uv": [0, 16, 3.5, 8], "rotation": 90, "texture": "#0"},
				"west": {"uv": [13.75, 3.75, 13.25, 6.75], "texture": "#0"},
				"up": {"uv": [8, 10, 8.5, 2], "rotation": 90, "texture": "#0"},
				"down": {"uv": [12.75, 10.25, 13.25, 2.25], "rotation": 90, "texture": "#0"}
			}
		},
		{
			"from": [7.7, 18.475, 9.725],
			"to": [8.2, 18.975, 9.85],
			"rotation": {"angle": 0, "axis": "y", "origin": [7.975, 19.6725, 8.75]},
			"faces": {
				"north": {"uv": [11, 14, 11.5, 14.5], "texture": "#0"},
				"east": {"uv": [11, 14, 11.5, 14.5], "texture": "#0"},
				"south": {"uv": [11, 14, 11.5, 14.5], "texture": "#0"},
				"west": {"uv": [11, 14, 11.5, 14.5], "texture": "#0"},
				"up": {"uv": [11, 14, 11.5, 14.5], "texture": "#0"},
				"down": {"uv": [11, 14, 11.5, 14.5], "texture": "#0"}
			}
		},
		{
			"from": [7.7, 18.475, 6.625],
			"to": [8.2, 18.975, 6.75],
			"rotation": {"angle": 0, "axis": "y", "origin": [7.975, 19.6725, 5.65]},
			"faces": {
				"north": {"uv": [11, 14, 11.5, 14.5], "texture": "#0"},
				"east": {"uv": [11, 14, 11.5, 14.5], "texture": "#0"},
				"south": {"uv": [11, 14, 11.5, 14.5], "texture": "#0"},
				"west": {"uv": [11, 14, 11.5, 14.5], "texture": "#0"},
				"up": {"uv": [11, 14, 11.5, 14.5], "texture": "#0"},
				"down": {"uv": [11, 14, 11.5, 14.5], "texture": "#0"}
			}
		},
		{
			"from": [7.7, 22.475, 9.725],
			"to": [8.2, 22.975, 9.85],
			"rotation": {"angle": 0, "axis": "y", "origin": [7.975, 19.6725, 8.75]},
			"faces": {
				"north": {"uv": [11, 14, 11.5, 14.5], "texture": "#0"},
				"east": {"uv": [11, 14, 11.5, 14.5], "texture": "#0"},
				"south": {"uv": [11, 14, 11.5, 14.5], "texture": "#0"},
				"west": {"uv": [11, 14, 11.5, 14.5], "texture": "#0"},
				"up": {"uv": [11, 14, 11.5, 14.5], "texture": "#0"},
				"down": {"uv": [11, 14, 11.5, 14.5], "texture": "#0"}
			}
		},
		{
			"from": [7.7, 22.475, 6.625],
			"to": [8.2, 22.975, 6.75],
			"rotation": {"angle": 0, "axis": "y", "origin": [7.975, 19.6725, 5.65]},
			"faces": {
				"north": {"uv": [11, 14, 11.5, 14.5], "texture": "#0"},
				"east": {"uv": [11, 14, 11.5, 14.5], "texture": "#0"},
				"south": {"uv": [11, 14, 11.5, 14.5], "texture": "#0"},
				"west": {"uv": [11, 14, 11.5, 14.5], "texture": "#0"},
				"up": {"uv": [11, 14, 11.5, 14.5], "texture": "#0"},
				"down": {"uv": [11, 14, 11.5, 14.5], "texture": "#0"}
			}
		},
		{
			"from": [7.7, 24.125, 9.725],
			"to": [8.2, 24.625, 9.85],
			"rotation": {"angle": 0, "axis": "y", "origin": [7.975, 19.6725, 8.75]},
			"faces": {
				"north": {"uv": [11, 14, 11.5, 14.5], "texture": "#0"},
				"east": {"uv": [11, 14, 11.5, 14.5], "texture": "#0"},
				"south": {"uv": [11, 14, 11.5, 14.5], "texture": "#0"},
				"west": {"uv": [11, 14, 11.5, 14.5], "texture": "#0"},
				"up": {"uv": [11, 14, 11.5, 14.5], "texture": "#0"},
				"down": {"uv": [11, 14, 11.5, 14.5], "texture": "#0"}
			}
		},
		{
			"from": [7.7, 24.125, 6.625],
			"to": [8.2, 24.625, 6.75],
			"rotation": {"angle": 0, "axis": "y", "origin": [7.975, 19.6725, 5.65]},
			"faces": {
				"north": {"uv": [11, 14, 11.5, 14.5], "texture": "#0"},
				"east": {"uv": [11, 14, 11.5, 14.5], "texture": "#0"},
				"south": {"uv": [11, 14, 11.5, 14.5], "texture": "#0"},
				"west": {"uv": [11, 14, 11.5, 14.5], "texture": "#0"},
				"up": {"uv": [11, 14, 11.5, 14.5], "texture": "#0"},
				"down": {"uv": [11, 14, 11.5, 14.5], "texture": "#0"}
			}
		},
		{
			"from": [7.7, 20.125, 9.725],
			"to": [8.2, 20.625, 9.85],
			"rotation": {"angle": 0, "axis": "y", "origin": [7.975, 19.6725, 8.75]},
			"faces": {
				"north": {"uv": [11, 14, 11.5, 14.5], "texture": "#0"},
				"east": {"uv": [11, 14, 11.5, 14.5], "texture": "#0"},
				"south": {"uv": [11, 14, 11.5, 14.5], "texture": "#0"},
				"west": {"uv": [11, 14, 11.5, 14.5], "texture": "#0"},
				"up": {"uv": [11, 14, 11.5, 14.5], "texture": "#0"},
				"down": {"uv": [11, 14, 11.5, 14.5], "texture": "#0"}
			}
		},
		{
			"from": [7.7, 20.125, 6.625],
			"to": [8.2, 20.625, 6.75],
			"rotation": {"angle": 0, "axis": "y", "origin": [7.975, 19.6725, 5.65]},
			"faces": {
				"north": {"uv": [11, 14, 11.5, 14.5], "texture": "#0"},
				"east": {"uv": [11, 14, 11.5, 14.5], "texture": "#0"},
				"south": {"uv": [11, 14, 11.5, 14.5], "texture": "#0"},
				"west": {"uv": [11, 14, 11.5, 14.5], "texture": "#0"},
				"up": {"uv": [11, 14, 11.5, 14.5], "texture": "#0"},
				"down": {"uv": [11, 14, 11.5, 14.5], "texture": "#0"}
			}
		}
	],
	"display": {
		"firstperson_righthand": {
			"rotation": [-18, 0, 0],
			"translation": [2.75, 0, -2]
		},
		"ground": {
			"translation": [0, 25, 0],
			"scale": [4, 4, 4]
		},
		"head": {
			"rotation": [0, -180, 0],
			"translation": [0, -19, 1.25],
			"scale": [3, 3, 3]
		},
		"fixed": {
			"scale": [4, 4, 4]
		}
	},
	"groups": [
		{
			"name": "StreetPost",
			"origin": [14.5, 35, 14.5],
			"children": [0, 1, 2, 3, 4, 5, 6, 7]
		},
		{
			"name": "SignA",
			"origin": [8.675, 30, 17.125],
			"children": [8, 9, 10, 11, 12, 13, 14, 15, 16, 17]
		},
		{
			"name": "SignB",
			"origin": [8.675, 30, 17.125],
			"children": []
		},
		{
			"name": "Nails",
			"origin": [15.675, 30.475, 14.625],
			"children": [18, 19, 20, 21, 22, 23, 24, 25]
		}
	]
}