{
  "parent": "minecraft:item/generated",
  "textures": {
    "layer0": "minecraft:item/soul_lantern"
  },
  "overrides": [
	{"predicate": {"custom_model_data": 1}, "model": "item/farmerhat_basket"},
	{"predicate": {"custom_model_data": 2}, "model": "item/farmerhat"},
	{"predicate": {"custom_model_data": 3}, "model": "item/farmerpack"},
	{"predicate": {"custom_model_data": 4}, "model": "item/signpostns"},
	{"predicate": {"custom_model_data": 5}, "model": "item/brokencrown"},
	{"predicate": {"custom_model_data": 6}, "model": "item/brokencartback"},
	{"predicate": {"custom_model_data": 7}, "model": "item/gravea"},
	{"predicate": {"custom_model_data": 8}, "model": "item/graveb"},
	{"predicate": {"custom_model_data": 9}, "model": "item/gravec"},
	{"predicate": {"custom_model_data": 10},"model": "item/banditflag"}
  ]
}