{
  "parent": "minecraft:item/handheld",
  "textures": {
    "layer0": "minecraft:item/stick"
  },
  "overrides": [
	{"predicate": {"custom_model_data": 1}, "model": "item/llamagun"},
	{"predicate": {"custom_model_data": 2}, "model": "item/pitchfork"},
	{"predicate": {"custom_model_data": 3}, "model": "item/horsewhistle"},
	{"predicate": {"custom_model_data": 4}, "model": "item/flamewandbasic"},
	{"predicate": {"custom_model_data": 5}, "model": "item/explosionwandbasic"},
	{"predicate": {"custom_model_data": 6}, "model": "item/windwandbasic"},
	{"predicate": {"custom_model_data": 7}, "model": "item/icewandbasic"},
	{"predicate": {"custom_model_data": 8}, "model": "item/waterwandbasic"},
	{"predicate": {"custom_model_data": 9}, "model": "item/lifewandbasic"},
	{"predicate": {"custom_model_data": 10}, "model": "item/earthwandbasic"},
	{"predicate": {"custom_model_data": 11}, "model": "item/mantelwandbasic"},
	{"predicate": {"custom_model_data": 12}, "model": "item/lightwandbasic"},
	{"predicate": {"custom_model_data": 13}, "model": "item/voidwandbasic"}
  ]
}