{
	"credit": "Modelled by Arctic",
	"textures": {
		"0": "block/oak_planks",
		"1": "block/smithing_table_bottom",
		"2": "block/smithing_table_front",
		"3": "block/smithing_table_side",
		"4": "block/smithing_table_top",
		"5": "block/smooth_stone",
		"particle": "block/oak_planks"
	},
	"elements": [
		{
			"from": [9, 16, 11],
			"to": [11, 20, 13],
			"rotation": {"angle": 0, "axis": "y", "origin": [8, 11.38889, 8]},
			"faces": {
				"north": {"uv": [0, 0, 2, 4], "texture": "#0"},
				"east": {"uv": [0, 0, 2, 4], "texture": "#0"},
				"south": {"uv": [0, 0, 2, 4], "texture": "#0"},
				"west": {"uv": [0, 0, 2, 4], "texture": "#0"},
				"up": {"uv": [0, 0, 2, 2], "texture": "#0"},
				"down": {"uv": [0, 0, 2, 2], "texture": "#0"}
			}
		},
		{
			"from": [9, 11, 11],
			"to": [11, 14, 13],
			"rotation": {"angle": 0, "axis": "y", "origin": [8, 11.38889, 8]},
			"faces": {
				"north": {"uv": [0, 0, 2, 3], "texture": "#0"},
				"east": {"uv": [0, 0, 2, 3], "texture": "#0"},
				"south": {"uv": [0, 0, 2, 3], "texture": "#0"},
				"west": {"uv": [0, 0, 2, 3], "texture": "#0"},
				"up": {"uv": [0, 0, 2, 2], "texture": "#0"},
				"down": {"uv": [0, 0, 2, 2], "texture": "#0"}
			}
		},
		{
			"from": [5, 16, 11],
			"to": [7, 20, 13],
			"rotation": {"angle": 0, "axis": "y", "origin": [8, 11.38889, 8]},
			"faces": {
				"north": {"uv": [0, 0, 2, 4], "texture": "#0"},
				"east": {"uv": [0, 0, 2, 4], "texture": "#0"},
				"south": {"uv": [0, 0, 2, 4], "texture": "#0"},
				"west": {"uv": [0, 0, 2, 4], "texture": "#0"},
				"up": {"uv": [0, 0, 2, 2], "texture": "#0"},
				"down": {"uv": [0, 0, 2, 2], "texture": "#0"}
			}
		},
		{
			"from": [5, 11, 11],
			"to": [7, 14, 13],
			"rotation": {"angle": 0, "axis": "y", "origin": [8, 11.38889, 8]},
			"faces": {
				"north": {"uv": [0, 0, 2, 3], "texture": "#0"},
				"east": {"uv": [0, 0, 2, 3], "texture": "#0"},
				"south": {"uv": [0, 0, 2, 3], "texture": "#0"},
				"west": {"uv": [0, 0, 2, 3], "texture": "#0"},
				"up": {"uv": [0, 0, 2, 2], "texture": "#0"},
				"down": {"uv": [0, 0, 2, 2], "texture": "#0"}
			}
		},
		{
			"from": [3, 20, 11],
			"to": [13, 22, 13],
			"rotation": {"angle": 0, "axis": "y", "origin": [8, 11.38889, 8]},
			"faces": {
				"north": {"uv": [0, 0, 10, 2], "texture": "#0"},
				"east": {"uv": [0, 0, 2, 2], "texture": "#0"},
				"south": {"uv": [0, 0, 10, 2], "texture": "#0"},
				"west": {"uv": [0, 0, 2, 2], "texture": "#0"},
				"up": {"uv": [0, 0, 10, 2], "texture": "#0"},
				"down": {"uv": [0, 0, 10, 2], "texture": "#0"}
			}
		},
		{
			"from": [4, 14, 11],
			"to": [12, 16, 13],
			"rotation": {"angle": 0, "axis": "y", "origin": [8, 11.38889, 8]},
			"faces": {
				"north": {"uv": [0, 0, 8, 2], "texture": "#0"},
				"east": {"uv": [0, 0, 2, 2], "texture": "#0"},
				"south": {"uv": [0, 0, 8, 2], "texture": "#0"},
				"west": {"uv": [0, 0, 2, 2], "texture": "#0"},
				"up": {"uv": [0, 0, 8, 2], "texture": "#0"},
				"down": {"uv": [0, 0, 8, 2], "texture": "#0"}
			}
		},
		{
			"from": [7, 22, 11],
			"to": [9, 25, 13],
			"rotation": {"angle": 0, "axis": "y", "origin": [8, 11.38889, 8]},
			"faces": {
				"north": {"uv": [0, 0, 2, 3], "texture": "#0"},
				"east": {"uv": [0, 0, 2, 3], "texture": "#0"},
				"south": {"uv": [0, 0, 2, 3], "texture": "#0"},
				"west": {"uv": [0, 0, 2, 3], "texture": "#0"},
				"up": {"uv": [0, 0, 2, 2], "texture": "#0"},
				"down": {"uv": [0, 0, 2, 2], "texture": "#0"}
			}
		},
		{
			"from": [2, 10, 9],
			"to": [14, 11, 14],
			"rotation": {"angle": 0, "axis": "y", "origin": [8, 11.38889, 8]},
			"faces": {
				"north": {"uv": [2, 0, 14, 1], "texture": "#5"},
				"east": {"uv": [0, 0, 5, 1], "texture": "#5"},
				"south": {"uv": [2, 0, 14, 1], "texture": "#5"},
				"west": {"uv": [1, 0, 6, 1], "texture": "#5"},
				"up": {"uv": [2, 1, 14, 6], "texture": "#5"},
				"down": {"uv": [1, 4, 13, 9], "texture": "#5"}
			}
		},
		{
			"from": [0, 0, 0],
			"to": [16, 1, 16],
			"rotation": {"angle": 0, "axis": "y", "origin": [8, 11.38889, 8]},
			"faces": {
				"north": {"uv": [0, 0, 16, 1], "texture": "#4"},
				"east": {"uv": [0, 0, 16, 1], "texture": "#4"},
				"south": {"uv": [0, 0, 16, 1], "texture": "#4"},
				"west": {"uv": [0, 0, 16, 1], "texture": "#4"},
				"up": {"uv": [0, 0, 16, 16], "texture": "#4"},
				"down": {"uv": [0, 0, 16, 16], "texture": "#4"}
			}
		},
		{
			"from": [0, 9, 0],
			"to": [16, 10, 16],
			"rotation": {"angle": 0, "axis": "y", "origin": [8, 11.38889, 8]},
			"faces": {
				"north": {"uv": [0, 0, 16, 1], "texture": "#4"},
				"east": {"uv": [0, 0, 16, 1], "texture": "#4"},
				"south": {"uv": [0, 0, 16, 1], "texture": "#4"},
				"west": {"uv": [0, 0, 16, 1], "texture": "#4"},
				"up": {"uv": [0, 0, 16, 16], "texture": "#4"},
				"down": {"uv": [0, 0, 16, 16], "texture": "#4"}
			}
		},
		{
			"from": [15, 1, 0],
			"to": [16, 9, 1],
			"rotation": {"angle": 0, "axis": "y", "origin": [8, 11.38889, 8]},
			"faces": {
				"north": {"uv": [0, 0, 1, 8], "texture": "#4"},
				"east": {"uv": [0, 0, 1, 8], "texture": "#4"},
				"south": {"uv": [0, 0, 1, 8], "texture": "#4"},
				"west": {"uv": [0, 0, 1, 8], "texture": "#4"},
				"up": {"uv": [0, 0, 1, 1], "texture": "#4"},
				"down": {"uv": [0, 0, 1, 1], "texture": "#4"}
			}
		},
		{
			"from": [15, 1, 15],
			"to": [16, 9, 16],
			"rotation": {"angle": 0, "axis": "y", "origin": [8, 11.38889, 8]},
			"faces": {
				"north": {"uv": [0, 0, 1, 8], "texture": "#4"},
				"east": {"uv": [0, 0, 1, 8], "texture": "#4"},
				"south": {"uv": [0, 0, 1, 8], "texture": "#4"},
				"west": {"uv": [0, 0, 1, 8], "texture": "#4"},
				"up": {"uv": [0, 0, 1, 1], "texture": "#4"},
				"down": {"uv": [0, 0, 1, 1], "texture": "#4"}
			}
		},
		{
			"from": [15, 10, 0],
			"to": [16, 16, 16],
			"rotation": {"angle": 0, "axis": "y", "origin": [8, 11.38889, 8]},
			"faces": {
				"north": {"uv": [0, 0, 1, 6], "texture": "#4"},
				"east": {"uv": [0, 0, 16, 6], "texture": "#4"},
				"south": {"uv": [0, 0, 1, 6], "texture": "#4"},
				"west": {"uv": [0, 0, 16, 6], "texture": "#4"},
				"up": {"uv": [0, 0, 1, 16], "texture": "#4"},
				"down": {"uv": [0, 0, 1, 16], "texture": "#4"}
			}
		},
		{
			"from": [0, 10, 0],
			"to": [1, 16, 16],
			"rotation": {"angle": 0, "axis": "y", "origin": [8, 11.38889, 8]},
			"faces": {
				"north": {"uv": [0, 0, 1, 6], "texture": "#4"},
				"east": {"uv": [0, 0, 16, 6], "texture": "#4"},
				"south": {"uv": [0, 0, 1, 6], "texture": "#4"},
				"west": {"uv": [0, 0, 16, 6], "texture": "#4"},
				"up": {"uv": [0, 0, 1, 16], "texture": "#4"},
				"down": {"uv": [0, 0, 1, 16], "texture": "#4"}
			}
		},
		{
			"from": [1, 10, 15],
			"to": [15, 16, 16],
			"rotation": {"angle": 0, "axis": "y", "origin": [8, 11.38889, 8]},
			"faces": {
				"north": {"uv": [0, 0, 14, 6], "texture": "#4"},
				"east": {"uv": [0, 0, 1, 6], "texture": "#4"},
				"south": {"uv": [0, 0, 14, 6], "texture": "#4"},
				"west": {"uv": [0, 0, 1, 6], "texture": "#4"},
				"up": {"uv": [0, 0, 14, 1], "texture": "#4"},
				"down": {"uv": [0, 0, 14, 1], "texture": "#4"}
			}
		},
		{
			"from": [0, 1, 15],
			"to": [1, 9, 16],
			"rotation": {"angle": 0, "axis": "y", "origin": [8, 11.38889, 8]},
			"faces": {
				"north": {"uv": [0, 0, 1, 8], "texture": "#4"},
				"east": {"uv": [0, 0, 1, 8], "texture": "#4"},
				"south": {"uv": [0, 0, 1, 8], "texture": "#4"},
				"west": {"uv": [0, 0, 1, 8], "texture": "#4"},
				"up": {"uv": [0, 0, 1, 1], "texture": "#4"},
				"down": {"uv": [0, 0, 1, 1], "texture": "#4"}
			}
		},
		{
			"from": [0, 1, 0],
			"to": [1, 9, 1],
			"rotation": {"angle": 0, "axis": "y", "origin": [8, 11.38889, 8]},
			"faces": {
				"north": {"uv": [0, 0, 1, 8], "texture": "#4"},
				"east": {"uv": [0, 0, 1, 8], "texture": "#4"},
				"south": {"uv": [0, 0, 1, 8], "texture": "#4"},
				"west": {"uv": [0, 0, 1, 8], "texture": "#4"},
				"up": {"uv": [0, 0, 1, 1], "texture": "#4"},
				"down": {"uv": [0, 0, 1, 1], "texture": "#4"}
			}
		},
		{
			"from": [1, 1, 1],
			"to": [15, 9, 15],
			"rotation": {"angle": 0, "axis": "y", "origin": [8, 11.38889, 8]},
			"faces": {
				"north": {"uv": [1, 5, 15, 13], "texture": "#2"},
				"east": {"uv": [1, 6, 15, 13], "texture": "#2"},
				"south": {"uv": [1, 4, 15, 12], "texture": "#4"},
				"west": {"uv": [1, 5, 15, 13], "texture": "#3"},
				"up": {"uv": [0, 0, 14, 14], "texture": "#4"},
				"down": {"uv": [0, 0, 14, 14], "texture": "#1"}
			}
		}
	],
	"groups": [
		{
			"name": "miniarmorstand",
			"origin": [15, 28, 19],
			"children": [0, 1, 2, 3, 4, 5, 6, 7]
		},
		{
			"name": "stationbase",
			"origin": [9, 9, 9],
			"children": [8, 9, 10, 11, 12, 13, 14, 15, 16, 17]
		}
	]
}