{
	"credit": "Modelled by Arctic",
	"textures": {
		"0": "block/barrel_bottom",
		"1": "block/barrel_side",
		"2": "block/barrel_top",
		"particle": "block/barrel_bottom"
	},
	"elements": [
		{
			"from": [2, 3, 2.22857],
			"to": [11, 15, 11.22857],
			"rotation": {"angle": 0, "axis": "y", "origin": [7.88571, 3.42857, 6.61429]},
			"faces": {
				"north": {"uv": [0, 2, 9, 14], "texture": "#1"},
				"east": {"uv": [0, 2, 9, 14], "texture": "#1"},
				"south": {"uv": [0, 2, 9, 14], "texture": "#1"},
				"west": {"uv": [0, 2, 9, 14], "texture": "#1"},
				"up": {"uv": [3, 3, 12, 12], "rotation": 90, "texture": "#0"},
				"down": {"uv": [3, 3, 12, 12], "rotation": 270, "texture": "#0"}
			}
		},
		{
			"from": [11, 4, 6.22857],
			"to": [11.5, 5, 7.22857],
			"rotation": {"angle": 0, "axis": "y", "origin": [7.88571, 3.42857, 6.61429]},
			"faces": {
				"north": {"uv": [4, 9, 5, 10], "texture": "#2"},
				"east": {"uv": [4, 9, 5, 10], "texture": "#2"},
				"south": {"uv": [4, 9, 5, 10], "texture": "#2"},
				"west": {"uv": [4, 9, 5, 10], "texture": "#2"},
				"up": {"uv": [4, 9, 5, 10], "rotation": 90, "texture": "#2"},
				"down": {"uv": [4, 9, 5, 10], "rotation": 270, "texture": "#2"}
			}
		},
		{
			"from": [11.5, 4.2, 6.42857],
			"to": [13, 4.8, 7.02857],
			"rotation": {"angle": 0, "axis": "y", "origin": [7.88571, 3.42857, 6.61429]},
			"faces": {
				"north": {"uv": [4, 9, 5.5, 9.6], "texture": "#2"},
				"east": {"uv": [4, 9, 4.6, 9.6], "texture": "#2"},
				"south": {"uv": [4, 9, 5.5, 9.6], "texture": "#2"},
				"west": {"uv": [4, 9, 4.6, 9.6], "texture": "#2"},
				"up": {"uv": [4, 9, 4.6, 10.5], "rotation": 90, "texture": "#2"},
				"down": {"uv": [4, 9, 4.6, 10.5], "rotation": 270, "texture": "#2"}
			}
		},
		{
			"from": [8.3, 0, 3.02857],
			"to": [9.3, 3, 4.02857],
			"rotation": {"angle": 0, "axis": "y", "origin": [7.88571, 3.42857, 6.61429]},
			"faces": {
				"north": {"uv": [0, 0, 1, 3], "texture": "#0"},
				"east": {"uv": [0, 0, 1, 3], "texture": "#0"},
				"south": {"uv": [0, 0, 1, 3], "texture": "#0"},
				"west": {"uv": [0, 0, 1, 3], "texture": "#0"},
				"up": {"uv": [0, 0, 1, 1], "rotation": 90, "texture": "#0"},
				"down": {"uv": [0, 0, 1, 1], "rotation": 270, "texture": "#0"}
			}
		},
		{
			"from": [8.3, 0, 9.02857],
			"to": [9.3, 3, 10.02857],
			"rotation": {"angle": 0, "axis": "y", "origin": [7.88571, 3.42857, 6.61429]},
			"faces": {
				"north": {"uv": [0, 0, 1, 3], "texture": "#0"},
				"east": {"uv": [0, 0, 1, 3], "texture": "#0"},
				"south": {"uv": [0, 0, 1, 3], "texture": "#0"},
				"west": {"uv": [0, 0, 1, 3], "texture": "#0"},
				"up": {"uv": [0, 0, 1, 1], "rotation": 90, "texture": "#0"},
				"down": {"uv": [0, 0, 1, 1], "rotation": 270, "texture": "#0"}
			}
		},
		{
			"from": [3.3, 0, 9.02857],
			"to": [4.3, 3, 10.02857],
			"rotation": {"angle": 0, "axis": "y", "origin": [7.88571, 3.42857, 6.61429]},
			"faces": {
				"north": {"uv": [0, 0, 1, 3], "texture": "#0"},
				"east": {"uv": [0, 0, 1, 3], "texture": "#0"},
				"south": {"uv": [0, 0, 1, 3], "texture": "#0"},
				"west": {"uv": [0, 0, 1, 3], "texture": "#0"},
				"up": {"uv": [0, 0, 1, 1], "rotation": 90, "texture": "#0"},
				"down": {"uv": [0, 0, 1, 1], "rotation": 270, "texture": "#0"}
			}
		},
		{
			"from": [3.3, 0, 3.02857],
			"to": [4.3, 3, 4.02857],
			"rotation": {"angle": 0, "axis": "y", "origin": [7.88571, 3.42857, 6.61429]},
			"faces": {
				"north": {"uv": [0, 0, 1, 3], "texture": "#0"},
				"east": {"uv": [0, 0, 1, 3], "texture": "#0"},
				"south": {"uv": [0, 0, 1, 3], "texture": "#0"},
				"west": {"uv": [0, 0, 1, 3], "texture": "#0"},
				"up": {"uv": [0, 0, 1, 1], "rotation": 90, "texture": "#0"},
				"down": {"uv": [0, 0, 1, 1], "rotation": 270, "texture": "#0"}
			}
		}
	],
	"groups": [
		{
			"name": "BarrelAndSpigot",
			"origin": [15.5, 12, 10],
			"children": [0, 1, 2]
		},
		{
			"name": "feets",
			"origin": [15.5, 12, 10],
			"children": [3, 4, 5, 6]
		}
	]
}