{
	"credit": "Modelled by Arctic",
	"textures": {
		"0": "block/barrel_bottom",
		"1": "block/barrel_side",
		"2": "block/barrel_top",
		"particle": "block/barrel_bottom"
	},
	"elements": [
		{
			"from": [4.77143, 3, 2],
			"to": [13.77143, 15, 11],
			"rotation": {"angle": 0, "axis": "y", "origin": [7.88571, 3.42857, 6.61429]},
			"faces": {
				"north": {"uv": [0, 2, 9, 14], "texture": "#1"},
				"east": {"uv": [0, 2, 9, 14], "texture": "#1"},
				"south": {"uv": [0, 2, 9, 14], "texture": "#1"},
				"west": {"uv": [0, 2, 9, 14], "texture": "#1"},
				"up": {"uv": [3, 3, 12, 12], "rotation": 270, "texture": "#0"},
				"down": {"uv": [3, 3, 12, 12], "rotation": 90, "texture": "#0"}
			}
		},
		{
			"from": [4.27143, 4, 6],
			"to": [4.77143, 5, 7],
			"rotation": {"angle": 0, "axis": "y", "origin": [7.88571, 3.42857, 6.61429]},
			"faces": {
				"north": {"uv": [4, 9, 5, 10], "texture": "#2"},
				"east": {"uv": [4, 9, 5, 10], "texture": "#2"},
				"south": {"uv": [4, 9, 5, 10], "texture": "#2"},
				"west": {"uv": [4, 9, 5, 10], "texture": "#2"},
				"up": {"uv": [4, 9, 5, 10], "rotation": 270, "texture": "#2"},
				"down": {"uv": [4, 9, 5, 10], "rotation": 90, "texture": "#2"}
			}
		},
		{
			"from": [2.77143, 4.2, 6.2],
			"to": [4.27143, 4.8, 6.8],
			"rotation": {"angle": 0, "axis": "y", "origin": [7.88571, 3.42857, 6.61429]},
			"faces": {
				"north": {"uv": [4, 9, 5.5, 9.6], "texture": "#2"},
				"east": {"uv": [4, 9, 4.6, 9.6], "texture": "#2"},
				"south": {"uv": [4, 9, 5.5, 9.6], "texture": "#2"},
				"west": {"uv": [4, 9, 4.6, 9.6], "texture": "#2"},
				"up": {"uv": [4, 9, 4.6, 10.5], "rotation": 270, "texture": "#2"},
				"down": {"uv": [4, 9, 4.6, 10.5], "rotation": 90, "texture": "#2"}
			}
		},
		{
			"from": [6.47143, 0, 9.2],
			"to": [7.47143, 3, 10.2],
			"rotation": {"angle": 0, "axis": "y", "origin": [7.88571, 3.42857, 6.61429]},
			"faces": {
				"north": {"uv": [0, 0, 1, 3], "texture": "#0"},
				"east": {"uv": [0, 0, 1, 3], "texture": "#0"},
				"south": {"uv": [0, 0, 1, 3], "texture": "#0"},
				"west": {"uv": [0, 0, 1, 3], "texture": "#0"},
				"up": {"uv": [0, 0, 1, 1], "rotation": 270, "texture": "#0"},
				"down": {"uv": [0, 0, 1, 1], "rotation": 90, "texture": "#0"}
			}
		},
		{
			"from": [6.47143, 0, 3.2],
			"to": [7.47143, 3, 4.2],
			"rotation": {"angle": 0, "axis": "y", "origin": [7.88571, 3.42857, 6.61429]},
			"faces": {
				"north": {"uv": [0, 0, 1, 3], "texture": "#0"},
				"east": {"uv": [0, 0, 1, 3], "texture": "#0"},
				"south": {"uv": [0, 0, 1, 3], "texture": "#0"},
				"west": {"uv": [0, 0, 1, 3], "texture": "#0"},
				"up": {"uv": [0, 0, 1, 1], "rotation": 270, "texture": "#0"},
				"down": {"uv": [0, 0, 1, 1], "rotation": 90, "texture": "#0"}
			}
		},
		{
			"from": [11.47143, 0, 3.2],
			"to": [12.47143, 3, 4.2],
			"rotation": {"angle": 0, "axis": "y", "origin": [7.88571, 3.42857, 6.61429]},
			"faces": {
				"north": {"uv": [0, 0, 1, 3], "texture": "#0"},
				"east": {"uv": [0, 0, 1, 3], "texture": "#0"},
				"south": {"uv": [0, 0, 1, 3], "texture": "#0"},
				"west": {"uv": [0, 0, 1, 3], "texture": "#0"},
				"up": {"uv": [0, 0, 1, 1], "rotation": 270, "texture": "#0"},
				"down": {"uv": [0, 0, 1, 1], "rotation": 90, "texture": "#0"}
			}
		},
		{
			"from": [11.47143, 0, 9.2],
			"to": [12.47143, 3, 10.2],
			"rotation": {"angle": 0, "axis": "y", "origin": [7.88571, 3.42857, 6.61429]},
			"faces": {
				"north": {"uv": [0, 0, 1, 3], "texture": "#0"},
				"east": {"uv": [0, 0, 1, 3], "texture": "#0"},
				"south": {"uv": [0, 0, 1, 3], "texture": "#0"},
				"west": {"uv": [0, 0, 1, 3], "texture": "#0"},
				"up": {"uv": [0, 0, 1, 1], "rotation": 270, "texture": "#0"},
				"down": {"uv": [0, 0, 1, 1], "rotation": 90, "texture": "#0"}
			}
		}
	],
	"groups": [
		{
			"name": "BarrelAndSpigot",
			"origin": [15.5, 12, 10],
			"children": [0, 1, 2]
		},
		{
			"name": "feets",
			"origin": [15.5, 12, 10],
			"children": [3, 4, 5, 6]
		}
	]
}