{
	"credit": "Modelled by Arctic",
	"textures": {
		"0": "block/barrel_bottom",
		"1": "block/barrel_side",
		"2": "block/barrel_top",
		"particle": "block/barrel_bottom"
	},
	"elements": [
		{
			"from": [3.5, 3, 3.5],
			"to": [12.5, 15, 12.5],
			"rotation": {"angle": 0, "axis": "y", "origin": [7.88571, 3.42857, 6.61429]},
			"faces": {
				"north": {"uv": [0, 2, 9, 14], "texture": "#1"},
				"east": {"uv": [0, 2, 9, 14], "texture": "#1"},
				"south": {"uv": [0, 2, 9, 14], "texture": "#1"},
				"west": {"uv": [0, 2, 9, 14], "texture": "#1"},
				"up": {"uv": [3, 3, 12, 12], "texture": "#0"},
				"down": {"uv": [3, 3, 12, 12], "texture": "#0"}
			}
		},
		{
			"from": [7.5, 4, 3],
			"to": [8.5, 5, 3.5],
			"rotation": {"angle": 0, "axis": "y", "origin": [7.88571, 3.42857, 6.61429]},
			"faces": {
				"north": {"uv": [4, 9, 5, 10], "texture": "#2"},
				"east": {"uv": [4, 9, 5, 10], "texture": "#2"},
				"south": {"uv": [4, 9, 5, 10], "texture": "#2"},
				"west": {"uv": [4, 9, 5, 10], "texture": "#2"},
				"up": {"uv": [4, 9, 5, 10], "texture": "#2"},
				"down": {"uv": [4, 9, 5, 10], "texture": "#2"}
			}
		},
		{
			"from": [7.7, 4.2, 1.5],
			"to": [8.3, 4.8, 3],
			"rotation": {"angle": 0, "axis": "y", "origin": [7.88571, 3.42857, 6.61429]},
			"faces": {
				"north": {"uv": [4, 9, 4.6, 9.6], "texture": "#2"},
				"east": {"uv": [4, 9, 5.5, 9.6], "texture": "#2"},
				"south": {"uv": [4, 9, 4.6, 9.6], "texture": "#2"},
				"west": {"uv": [4, 9, 5.5, 9.6], "texture": "#2"},
				"up": {"uv": [4, 9, 4.6, 10.5], "texture": "#2"},
				"down": {"uv": [4, 9, 4.6, 10.5], "texture": "#2"}
			}
		},
		{
			"from": [4.3, 0, 5.2],
			"to": [5.3, 3, 6.2],
			"rotation": {"angle": 0, "axis": "y", "origin": [7.88571, 3.42857, 6.61429]},
			"faces": {
				"north": {"uv": [0, 0, 1, 3], "texture": "#0"},
				"east": {"uv": [0, 0, 1, 3], "texture": "#0"},
				"south": {"uv": [0, 0, 1, 3], "texture": "#0"},
				"west": {"uv": [0, 0, 1, 3], "texture": "#0"},
				"up": {"uv": [0, 0, 1, 1], "texture": "#0"},
				"down": {"uv": [0, 0, 1, 1], "texture": "#0"}
			}
		},
		{
			"from": [10.3, 0, 5.2],
			"to": [11.3, 3, 6.2],
			"rotation": {"angle": 0, "axis": "y", "origin": [7.88571, 3.42857, 6.61429]},
			"faces": {
				"north": {"uv": [0, 0, 1, 3], "texture": "#0"},
				"east": {"uv": [0, 0, 1, 3], "texture": "#0"},
				"south": {"uv": [0, 0, 1, 3], "texture": "#0"},
				"west": {"uv": [0, 0, 1, 3], "texture": "#0"},
				"up": {"uv": [0, 0, 1, 1], "texture": "#0"},
				"down": {"uv": [0, 0, 1, 1], "texture": "#0"}
			}
		},
		{
			"from": [10.3, 0, 10.2],
			"to": [11.3, 3, 11.2],
			"rotation": {"angle": 0, "axis": "y", "origin": [7.88571, 3.42857, 6.61429]},
			"faces": {
				"north": {"uv": [0, 0, 1, 3], "texture": "#0"},
				"east": {"uv": [0, 0, 1, 3], "texture": "#0"},
				"south": {"uv": [0, 0, 1, 3], "texture": "#0"},
				"west": {"uv": [0, 0, 1, 3], "texture": "#0"},
				"up": {"uv": [0, 0, 1, 1], "texture": "#0"},
				"down": {"uv": [0, 0, 1, 1], "texture": "#0"}
			}
		},
		{
			"from": [4.3, 0, 10.2],
			"to": [5.3, 3, 11.2],
			"rotation": {"angle": 0, "axis": "y", "origin": [7.88571, 3.42857, 6.61429]},
			"faces": {
				"north": {"uv": [0, 0, 1, 3], "texture": "#0"},
				"east": {"uv": [0, 0, 1, 3], "texture": "#0"},
				"south": {"uv": [0, 0, 1, 3], "texture": "#0"},
				"west": {"uv": [0, 0, 1, 3], "texture": "#0"},
				"up": {"uv": [0, 0, 1, 1], "texture": "#0"},
				"down": {"uv": [0, 0, 1, 1], "texture": "#0"}
			}
		}
	],
	"groups": [
		{
			"name": "BarrelAndSpigot",
			"origin": [15.5, 12, 10],
			"children": [0, 1, 2]
		},
		{
			"name": "feets",
			"origin": [15.5, 12, 10],
			"children": [3, 4, 5, 6]
		}
	]
}