{
	"credit": "Modelled by Arctic",
	"textures": {
		"0": "block/barrel_bottom",
		"1": "block/barrel_side",
		"2": "block/barrel_top",
		"particle": "block/barrel_bottom"
	},
	"elements": [
		{
			"from": [3.27143, 3, 0.72857],
			"to": [12.27143, 15, 9.72857],
			"rotation": {"angle": 0, "axis": "y", "origin": [7.88571, 3.42857, 6.61429]},
			"faces": {
				"north": {"uv": [0, 2, 9, 14], "texture": "#1"},
				"east": {"uv": [0, 2, 9, 14], "texture": "#1"},
				"south": {"uv": [0, 2, 9, 14], "texture": "#1"},
				"west": {"uv": [0, 2, 9, 14], "texture": "#1"},
				"up": {"uv": [3, 3, 12, 12], "rotation": 180, "texture": "#0"},
				"down": {"uv": [3, 3, 12, 12], "rotation": 180, "texture": "#0"}
			}
		},
		{
			"from": [7.27143, 4, 9.72857],
			"to": [8.27143, 5, 10.22857],
			"rotation": {"angle": 0, "axis": "y", "origin": [7.88571, 3.42857, 6.61429]},
			"faces": {
				"north": {"uv": [4, 9, 5, 10], "texture": "#2"},
				"east": {"uv": [4, 9, 5, 10], "texture": "#2"},
				"south": {"uv": [4, 9, 5, 10], "texture": "#2"},
				"west": {"uv": [4, 9, 5, 10], "texture": "#2"},
				"up": {"uv": [4, 9, 5, 10], "rotation": 180, "texture": "#2"},
				"down": {"uv": [4, 9, 5, 10], "rotation": 180, "texture": "#2"}
			}
		},
		{
			"from": [7.47143, 4.2, 10.22857],
			"to": [8.07143, 4.8, 11.72857],
			"rotation": {"angle": 0, "axis": "y", "origin": [7.88571, 3.42857, 6.61429]},
			"faces": {
				"north": {"uv": [4, 9, 4.6, 9.6], "texture": "#2"},
				"east": {"uv": [4, 9, 5.5, 9.6], "texture": "#2"},
				"south": {"uv": [4, 9, 4.6, 9.6], "texture": "#2"},
				"west": {"uv": [4, 9, 5.5, 9.6], "texture": "#2"},
				"up": {"uv": [4, 9, 4.6, 10.5], "rotation": 180, "texture": "#2"},
				"down": {"uv": [4, 9, 4.6, 10.5], "rotation": 180, "texture": "#2"}
			}
		},
		{
			"from": [10.47143, 0, 7.02857],
			"to": [11.47143, 3, 8.02857],
			"rotation": {"angle": 0, "axis": "y", "origin": [7.88571, 3.42857, 6.61429]},
			"faces": {
				"north": {"uv": [0, 0, 1, 3], "texture": "#0"},
				"east": {"uv": [0, 0, 1, 3], "texture": "#0"},
				"south": {"uv": [0, 0, 1, 3], "texture": "#0"},
				"west": {"uv": [0, 0, 1, 3], "texture": "#0"},
				"up": {"uv": [0, 0, 1, 1], "rotation": 180, "texture": "#0"},
				"down": {"uv": [0, 0, 1, 1], "rotation": 180, "texture": "#0"}
			}
		},
		{
			"from": [4.47143, 0, 7.02857],
			"to": [5.47143, 3, 8.02857],
			"rotation": {"angle": 0, "axis": "y", "origin": [7.88571, 3.42857, 6.61429]},
			"faces": {
				"north": {"uv": [0, 0, 1, 3], "texture": "#0"},
				"east": {"uv": [0, 0, 1, 3], "texture": "#0"},
				"south": {"uv": [0, 0, 1, 3], "texture": "#0"},
				"west": {"uv": [0, 0, 1, 3], "texture": "#0"},
				"up": {"uv": [0, 0, 1, 1], "rotation": 180, "texture": "#0"},
				"down": {"uv": [0, 0, 1, 1], "rotation": 180, "texture": "#0"}
			}
		},
		{
			"from": [4.47143, 0, 2.02857],
			"to": [5.47143, 3, 3.02857],
			"rotation": {"angle": 0, "axis": "y", "origin": [7.88571, 3.42857, 6.61429]},
			"faces": {
				"north": {"uv": [0, 0, 1, 3], "texture": "#0"},
				"east": {"uv": [0, 0, 1, 3], "texture": "#0"},
				"south": {"uv": [0, 0, 1, 3], "texture": "#0"},
				"west": {"uv": [0, 0, 1, 3], "texture": "#0"},
				"up": {"uv": [0, 0, 1, 1], "rotation": 180, "texture": "#0"},
				"down": {"uv": [0, 0, 1, 1], "rotation": 180, "texture": "#0"}
			}
		},
		{
			"from": [10.47143, 0, 2.02857],
			"to": [11.47143, 3, 3.02857],
			"rotation": {"angle": 0, "axis": "y", "origin": [7.88571, 3.42857, 6.61429]},
			"faces": {
				"north": {"uv": [0, 0, 1, 3], "texture": "#0"},
				"east": {"uv": [0, 0, 1, 3], "texture": "#0"},
				"south": {"uv": [0, 0, 1, 3], "texture": "#0"},
				"west": {"uv": [0, 0, 1, 3], "texture": "#0"},
				"up": {"uv": [0, 0, 1, 1], "rotation": 180, "texture": "#0"},
				"down": {"uv": [0, 0, 1, 1], "rotation": 180, "texture": "#0"}
			}
		}
	],
	"groups": [
		{
			"name": "BarrelAndSpigot",
			"origin": [15.5, 12, 10],
			"children": [0, 1, 2]
		},
		{
			"name": "feets",
			"origin": [15.5, 12, 10],
			"children": [3, 4, 5, 6]
		}
	]
}