{
	"credit": "Modelled by Arctic",
	"textures": {
		"0": "block/beehive_end",
		"1": "block/beehive_front",
		"2": "block/beehive_side",
		"particle": "block/beehive_end"
	},
	"elements": [
		{
			"from": [0, 0, 0],
			"to": [16, 1, 16],
			"rotation": {"angle": 0, "axis": "y", "origin": [8, 7.8, 8]},
			"faces": {
				"north": {"uv": [0, 0, 16, 1], "texture": "#0"},
				"east": {"uv": [0, 0, 16, 1], "texture": "#0"},
				"south": {"uv": [0, 0, 16, 1], "texture": "#0"},
				"west": {"uv": [0, 0, 16, 1], "texture": "#0"},
				"up": {"uv": [0, 0, 16, 16], "rotation": 180, "texture": "#0"},
				"down": {"uv": [0, 0, 16, 16], "rotation": 180, "texture": "#0"}
			}
		},
		{
			"from": [0, 15, 0],
			"to": [16, 16, 16],
			"rotation": {"angle": 0, "axis": "y", "origin": [8, 7.8, 8]},
			"faces": {
				"north": {"uv": [0, 0, 16, 1], "texture": "#0"},
				"east": {"uv": [0, 0, 16, 1], "texture": "#0"},
				"south": {"uv": [0, 0, 16, 1], "texture": "#0"},
				"west": {"uv": [0, 0, 16, 1], "texture": "#0"},
				"up": {"uv": [0, 0, 16, 16], "rotation": 180, "texture": "#0"},
				"down": {"uv": [0, 0, 16, 16], "rotation": 180, "texture": "#0"}
			}
		},
		{
			"from": [15, 1, 0],
			"to": [16, 15, 16],
			"rotation": {"angle": 0, "axis": "y", "origin": [8, 7.8, 8]},
			"faces": {
				"north": {"uv": [0, 0, 1, 13], "texture": "#2"},
				"east": {"uv": [0, 2, 16, 16], "texture": "#2"},
				"south": {"uv": [0, 0, 1, 13], "texture": "#2"},
				"west": {"uv": [0, 0, 16, 13], "texture": "#2"},
				"up": {"uv": [0, 0, 1, 16], "rotation": 180, "texture": "#2"},
				"down": {"uv": [0, 0, 1, 16], "rotation": 180, "texture": "#2"}
			}
		},
		{
			"from": [0, 1, 0],
			"to": [1, 15, 16],
			"rotation": {"angle": 0, "axis": "y", "origin": [8, 7.8, 8]},
			"faces": {
				"north": {"uv": [0, 0, 1, 13], "texture": "#2"},
				"east": {"uv": [0, 0, 16, 13], "texture": "#2"},
				"south": {"uv": [0, 0, 1, 13], "texture": "#2"},
				"west": {"uv": [0, 2, 16, 16], "texture": "#2"},
				"up": {"uv": [0, 0, 1, 16], "rotation": 180, "texture": "#2"},
				"down": {"uv": [0, 0, 1, 16], "rotation": 180, "texture": "#2"}
			}
		},
		{
			"from": [1, 1, 1],
			"to": [15, 15, 2],
			"rotation": {"angle": 0, "axis": "y", "origin": [8, 7.8, 8]},
			"faces": {
				"north": {"uv": [1, 2, 15, 16], "texture": "#1"},
				"east": {"uv": [0, 0, 1, 13], "texture": "#missing"},
				"south": {"uv": [0, 0, 14, 13], "texture": "#missing"},
				"west": {"uv": [0, 0, 1, 13], "texture": "#missing"},
				"up": {"uv": [0, 0, 14, 1], "rotation": 180, "texture": "#missing"},
				"down": {"uv": [0, 0, 14, 1], "rotation": 180, "texture": "#missing"}
			}
		},
		{
			"from": [1, 1, 14],
			"to": [15, 15, 15],
			"rotation": {"angle": 0, "axis": "y", "origin": [8, 7.8, 8]},
			"faces": {
				"north": {"uv": [0, 0, 14, 13], "texture": "#1"},
				"east": {"uv": [0, 0, 1, 13], "texture": "#1"},
				"south": {"uv": [1, 2, 15, 16], "texture": "#1"},
				"west": {"uv": [0, 0, 1, 13], "texture": "#1"},
				"up": {"uv": [0, 0, 14, 1], "rotation": 180, "texture": "#1"},
				"down": {"uv": [0, 0, 14, 1], "rotation": 180, "texture": "#1"}
			}
		},
		{
			"from": [6, 5, 15],
			"to": [7, 10, 16],
			"rotation": {"angle": 0, "axis": "y", "origin": [8, 7.8, 8]},
			"faces": {
				"north": {"uv": [0, 1, 1, 6], "texture": "#2"},
				"east": {"uv": [0, 1, 1, 6], "texture": "#2"},
				"south": {"uv": [0, 1, 1, 6], "texture": "#2"},
				"west": {"uv": [0, 1, 1, 6], "texture": "#2"},
				"up": {"uv": [0, 3, 1, 4], "rotation": 180, "texture": "#2"},
				"down": {"uv": [0, 3, 1, 4], "rotation": 180, "texture": "#2"}
			}
		},
		{
			"from": [6, 5, 0],
			"to": [7, 10, 1],
			"rotation": {"angle": 0, "axis": "y", "origin": [8, 7.8, 8]},
			"faces": {
				"north": {"uv": [0, 1, 1, 6], "texture": "#2"},
				"east": {"uv": [0, 1, 1, 6], "texture": "#2"},
				"south": {"uv": [0, 1, 1, 6], "texture": "#2"},
				"west": {"uv": [0, 1, 1, 6], "texture": "#2"},
				"up": {"uv": [0, 3, 1, 4], "rotation": 180, "texture": "#2"},
				"down": {"uv": [0, 3, 1, 4], "rotation": 180, "texture": "#2"}
			}
		},
		{
			"from": [9, 5, 15],
			"to": [10, 10, 16],
			"rotation": {"angle": 0, "axis": "y", "origin": [8, 7.8, 8]},
			"faces": {
				"north": {"uv": [0, 1, 1, 6], "texture": "#2"},
				"east": {"uv": [0, 1, 1, 6], "texture": "#2"},
				"south": {"uv": [0, 1, 1, 6], "texture": "#2"},
				"west": {"uv": [0, 1, 1, 6], "texture": "#2"},
				"up": {"uv": [0, 3, 1, 4], "rotation": 180, "texture": "#2"},
				"down": {"uv": [0, 3, 1, 4], "rotation": 180, "texture": "#2"}
			}
		},
		{
			"from": [9, 5, 0],
			"to": [10, 10, 1],
			"rotation": {"angle": 0, "axis": "y", "origin": [8, 7.8, 8]},
			"faces": {
				"north": {"uv": [0, 1, 1, 6], "texture": "#2"},
				"east": {"uv": [0, 1, 1, 6], "texture": "#2"},
				"south": {"uv": [0, 1, 1, 6], "texture": "#2"},
				"west": {"uv": [0, 1, 1, 6], "texture": "#2"},
				"up": {"uv": [0, 3, 1, 4], "rotation": 180, "texture": "#2"},
				"down": {"uv": [0, 3, 1, 4], "rotation": 180, "texture": "#2"}
			}
		}
	]
}