{
	"credit": "Modelled by Arctic",
	"parent": "block/block",
	"textures": {
		"5": "block/bookshelf",
		"bottom": "block/oak_planks",
		"base": "block/lectern_base",
		"front": "block/lectern_front",
		"sides": "block/lectern_sides",
		"top": "block/lectern_top"
	},
	"elements": [
		{
			"from": [0.06277, 11.05751, 0.01],
			"to": [13.06277, 15.05751, 15.99],
			"rotation": {"angle": -22.5, "axis": "z", "origin": [8, 7.68654, 8]},
			"faces": {
				"north": {"uv": [0, 4, 13, 8], "texture": "#sides"},
				"east": {"uv": [0, 0, 16, 4], "texture": "#sides"},
				"south": {"uv": [0, 4, 13, 8], "texture": "#sides"},
				"west": {"uv": [0, 4, 16, 8], "texture": "#sides"},
				"up": {"uv": [0, 1, 16, 14], "rotation": 270, "texture": "#top"},
				"down": {"uv": [0, 0, 16, 13], "rotation": 270, "texture": "#bottom"}
			}
		},
		{
			"from": [13, 0, 0],
			"to": [16, 1, 16],
			"rotation": {"angle": 0, "axis": "y", "origin": [8, 7.68654, 8]},
			"faces": {
				"north": {"uv": [0, 0, 3, 1], "texture": "#base"},
				"east": {"uv": [0, 0, 16, 1], "texture": "#base"},
				"south": {"uv": [0, 0, 3, 1], "texture": "#base"},
				"west": {"uv": [0, 0, 16, 1], "texture": "#base"},
				"up": {"uv": [0, 0, 16, 3], "rotation": 90, "texture": "#base"},
				"down": {"uv": [0, 0, 16, 3], "rotation": 270, "texture": "#base"}
			}
		},
		{
			"from": [13, 9.3, 0],
			"to": [16, 10.3, 16],
			"rotation": {"angle": 0, "axis": "y", "origin": [8, 7.68654, 8]},
			"faces": {
				"north": {"uv": [0, 0, 3, 1], "texture": "#base"},
				"east": {"uv": [0, 0, 16, 1], "texture": "#base"},
				"south": {"uv": [0, 0, 3, 1], "texture": "#base"},
				"west": {"uv": [0, 0, 16, 1], "texture": "#base"},
				"up": {"uv": [0, 0, 16, 3], "rotation": 90, "texture": "#base"},
				"down": {"uv": [0, 0, 16, 3], "rotation": 270, "texture": "#base"}
			}
		},
		{
			"from": [0, 0, 0],
			"to": [9, 15, 16],
			"rotation": {"angle": 0, "axis": "y", "origin": [8, 7.68654, 8]},
			"faces": {
				"north": {"uv": [0, 0, 9, 15], "texture": "#5"},
				"east": {"uv": [0, 0, 16, 15], "texture": "#missing"},
				"south": {"uv": [0, 0, 9, 15], "texture": "#5"},
				"west": {"uv": [0, 0, 16, 15], "texture": "#5"},
				"up": {"uv": [0, 0, 16, 9], "rotation": 90, "texture": "#bottom"},
				"down": {"uv": [0, 0, 16, 9], "rotation": 270, "texture": "#base"}
			}
		},
		{
			"from": [9, 0, 0],
			"to": [13, 12, 16],
			"rotation": {"angle": 0, "axis": "y", "origin": [8, 7.68654, 8]},
			"faces": {
				"north": {"uv": [0, 3, 4, 15], "texture": "#base"},
				"east": {"uv": [0, 5, 16, 14], "texture": "#5"},
				"south": {"uv": [0, 0, 4, 12], "texture": "#base"},
				"west": {"uv": [0, 0, 16, 12], "texture": "#base"},
				"up": {"uv": [0, 0, 16, 4], "rotation": 90, "texture": "#base"},
				"down": {"uv": [0, 0, 16, 4], "rotation": 270, "texture": "#base"}
			}
		},
		{
			"from": [0, 0, -16],
			"to": [16, 1, 0],
			"rotation": {"angle": 0, "axis": "y", "origin": [8, 7.68654, 8]},
			"faces": {
				"north": {"uv": [0, 0, 16, 1], "texture": "#base"},
				"east": {"uv": [0, 0, 16, 1], "texture": "#base"},
				"south": {"uv": [0, 0, 16, 1], "texture": "#base"},
				"west": {"uv": [0, 0, 16, 1], "texture": "#base"},
				"up": {"uv": [0, 0, 16, 16], "rotation": 90, "texture": "#base"},
				"down": {"uv": [0, 0, 16, 16], "rotation": 270, "texture": "#base"}
			}
		},
		{
			"from": [0, 14, -16],
			"to": [16, 15, 0],
			"rotation": {"angle": 0, "axis": "y", "origin": [8, 7.68654, 8]},
			"faces": {
				"north": {"uv": [0, 0, 16, 1], "texture": "#top"},
				"east": {"uv": [0, 0, 16, 1], "texture": "#top"},
				"south": {"uv": [0, 0, 16, 1], "texture": "#top"},
				"west": {"uv": [0, 0, 16, 1], "texture": "#top"},
				"up": {"uv": [0, 0, 16, 16], "rotation": 270, "texture": "#top"},
				"down": {"uv": [0, 0, 16, 16], "rotation": 270, "texture": "#top"}
			}
		},
		{
			"from": [12, 2, -4],
			"to": [14, 13, -2],
			"rotation": {"angle": 0, "axis": "y", "origin": [8, 7.68654, 8]},
			"faces": {
				"north": {"uv": [0, 0, 2, 12], "texture": "#top"},
				"east": {"uv": [1, 2, 3, 14], "texture": "#top"},
				"south": {"uv": [0, 0, 2, 12], "texture": "#top"},
				"west": {"uv": [0, 0, 2, 12], "texture": "#top"},
				"up": {"uv": [0, 0, 2, 2], "rotation": 90, "texture": "#top"},
				"down": {"uv": [0, 0, 2, 2], "rotation": 270, "texture": "#top"}
			}
		},
		{
			"from": [12, 2, -14],
			"to": [14, 13, -12],
			"rotation": {"angle": 0, "axis": "y", "origin": [8, 7.68654, 8]},
			"faces": {
				"north": {"uv": [0, 0, 2, 12], "texture": "#top"},
				"east": {"uv": [1, 2, 3, 14], "texture": "#top"},
				"south": {"uv": [0, 0, 2, 12], "texture": "#top"},
				"west": {"uv": [0, 0, 2, 12], "texture": "#top"},
				"up": {"uv": [0, 0, 2, 2], "rotation": 90, "texture": "#top"},
				"down": {"uv": [0, 0, 2, 2], "rotation": 270, "texture": "#top"}
			}
		},
		{
			"from": [12, 2, -9],
			"to": [14, 13, -7],
			"rotation": {"angle": 0, "axis": "y", "origin": [8, 7.68654, 8]},
			"faces": {
				"north": {"uv": [0, 0, 2, 12], "texture": "#top"},
				"east": {"uv": [1, 2, 3, 14], "texture": "#top"},
				"south": {"uv": [0, 0, 2, 12], "texture": "#top"},
				"west": {"uv": [0, 0, 2, 12], "texture": "#top"},
				"up": {"uv": [0, 0, 2, 2], "rotation": 90, "texture": "#top"},
				"down": {"uv": [0, 0, 2, 2], "rotation": 270, "texture": "#top"}
			}
		},
		{
			"from": [0, 1, -16],
			"to": [10, 14, 0],
			"rotation": {"angle": 0, "axis": "y", "origin": [8, 7.68654, 8]},
			"faces": {
				"north": {"uv": [0, 0, 10, 13], "texture": "#bottom"},
				"east": {"uv": [0, 0, 16, 13], "texture": "#5"},
				"south": {"uv": [0, 0, 10, 13], "texture": "#missing"},
				"west": {"uv": [0, 0, 16, 13], "texture": "#bottom"},
				"up": {"uv": [0, 0, 16, 10], "rotation": 90, "texture": "#missing"},
				"down": {"uv": [0, 0, 16, 10], "rotation": 270, "texture": "#missing"}
			}
		},
		{
			"from": [11, 1, -15],
			"to": [15, 2, -1],
			"rotation": {"angle": 0, "axis": "y", "origin": [8, 7.68654, 8]},
			"faces": {
				"north": {"uv": [0, 0, 4, 1], "texture": "#sides"},
				"east": {"uv": [0, 0, 14, 1], "texture": "#sides"},
				"south": {"uv": [0, 0, 4, 1], "texture": "#sides"},
				"west": {"uv": [0, 0, 14, 1], "texture": "#sides"},
				"up": {"uv": [0, 0, 14, 4], "rotation": 90, "texture": "#sides"},
				"down": {"uv": [0, 0, 14, 4], "rotation": 270, "texture": "#sides"}
			}
		},
		{
			"from": [11, 13, -15],
			"to": [15, 14, -1],
			"rotation": {"angle": 0, "axis": "y", "origin": [8, 7.68654, 8]},
			"faces": {
				"north": {"uv": [0, 0, 4, 1], "texture": "#sides"},
				"east": {"uv": [0, 0, 14, 1], "texture": "#sides"},
				"south": {"uv": [0, 0, 4, 1], "texture": "#sides"},
				"west": {"uv": [0, 0, 14, 1], "texture": "#sides"},
				"up": {"uv": [0, 0, 14, 4], "rotation": 90, "texture": "#sides"},
				"down": {"uv": [0, 0, 14, 4], "rotation": 270, "texture": "#sides"}
			}
		},
		{
			"from": [0, 0, 16],
			"to": [16, 1, 32],
			"rotation": {"angle": 0, "axis": "y", "origin": [8, 7.68654, 8]},
			"faces": {
				"north": {"uv": [0, 0, 16, 1], "texture": "#bottom"},
				"east": {"uv": [0, 0, 16, 1], "texture": "#bottom"},
				"south": {"uv": [0, 0, 16, 1], "texture": "#bottom"},
				"west": {"uv": [0, 0, 16, 1], "texture": "#bottom"},
				"up": {"uv": [0, 0, 16, 16], "rotation": 270, "texture": "#bottom"},
				"down": {"uv": [0, 0, 16, 16], "rotation": 90, "texture": "#bottom"}
			}
		},
		{
			"from": [0, 15, 16],
			"to": [16, 16, 32],
			"rotation": {"angle": 0, "axis": "y", "origin": [8, 7.68654, 8]},
			"faces": {
				"north": {"uv": [0, 0, 16, 1], "texture": "#top"},
				"east": {"uv": [0, 0, 16, 1], "texture": "#top"},
				"south": {"uv": [0, 0, 16, 1], "texture": "#top"},
				"west": {"uv": [0, 0, 16, 1], "texture": "#top"},
				"up": {"uv": [0, 0, 16, 16], "rotation": 270, "texture": "#top"},
				"down": {"uv": [0, 0, 16, 16], "rotation": 90, "texture": "#top"}
			}
		},
		{
			"from": [0, 1, 31],
			"to": [16, 15, 32],
			"rotation": {"angle": 0, "axis": "y", "origin": [8, 7.68654, 8]},
			"faces": {
				"north": {"uv": [0, 0, 16, 13], "texture": "#bottom"},
				"east": {"uv": [0, 3, 1, 16], "texture": "#bottom"},
				"south": {"uv": [0, 2, 16, 16], "texture": "#bottom"},
				"west": {"uv": [0, 0, 1, 13], "texture": "#bottom"},
				"up": {"uv": [0, 0, 1, 16], "rotation": 270, "texture": "#bottom"},
				"down": {"uv": [0, 0, 1, 16], "rotation": 90, "texture": "#bottom"}
			}
		},
		{
			"from": [0, 1, 16],
			"to": [16, 15, 17],
			"rotation": {"angle": 0, "axis": "y", "origin": [8, 7.68654, 8]},
			"faces": {
				"north": {"uv": [0, 0, 16, 14], "texture": "#bottom"},
				"east": {"uv": [0, 1, 1, 14], "texture": "#bottom"},
				"south": {"uv": [0, 0, 16, 13], "texture": "#bottom"},
				"west": {"uv": [0, 0, 1, 13], "texture": "#bottom"},
				"up": {"uv": [0, 0, 1, 16], "rotation": 270, "texture": "#bottom"},
				"down": {"uv": [0, 0, 1, 16], "rotation": 90, "texture": "#bottom"}
			}
		},
		{
			"from": [14, 1, 17],
			"to": [15, 15, 31],
			"rotation": {"angle": 0, "axis": "y", "origin": [8, 7.68654, 8]},
			"faces": {
				"north": {"uv": [0, 0, 1, 13], "texture": "#bottom"},
				"east": {"uv": [1, 2, 15, 16], "texture": "#top"},
				"south": {"uv": [0, 0, 1, 13], "texture": "#bottom"},
				"west": {"uv": [0, 0, 14, 13], "texture": "#bottom"},
				"up": {"uv": [0, 0, 14, 1], "rotation": 270, "texture": "#bottom"},
				"down": {"uv": [0, 0, 14, 1], "rotation": 90, "texture": "#bottom"}
			}
		},
		{
			"from": [1, 1, 17],
			"to": [2, 15, 31],
			"rotation": {"angle": 0, "axis": "y", "origin": [8, 7.68654, 8]},
			"faces": {
				"north": {"uv": [0, 0, 1, 13], "texture": "#top"},
				"east": {"uv": [0, 0, 14, 13], "texture": "#top"},
				"south": {"uv": [0, 0, 1, 13], "texture": "#top"},
				"west": {"uv": [1, 2, 15, 16], "texture": "#top"},
				"up": {"uv": [0, 0, 14, 1], "rotation": 270, "texture": "#top"},
				"down": {"uv": [0, 0, 14, 1], "rotation": 90, "texture": "#top"}
			}
		},
		{
			"from": [15, 5, 22],
			"to": [16, 10, 23],
			"rotation": {"angle": 0, "axis": "y", "origin": [8, 7.68654, 8]},
			"faces": {
				"north": {"uv": [0, 1, 1, 6], "texture": "#front"},
				"east": {"uv": [0, 1, 1, 6], "texture": "#front"},
				"south": {"uv": [0, 1, 1, 6], "texture": "#front"},
				"west": {"uv": [0, 1, 1, 6], "texture": "#front"},
				"up": {"uv": [0, 3, 1, 4], "rotation": 270, "texture": "#front"},
				"down": {"uv": [0, 3, 1, 4], "rotation": 90, "texture": "#front"}
			}
		},
		{
			"from": [15, 5, 25],
			"to": [16, 10, 26],
			"rotation": {"angle": 0, "axis": "y", "origin": [8, 7.68654, 8]},
			"faces": {
				"north": {"uv": [0, 1, 1, 6], "texture": "#front"},
				"east": {"uv": [7, 3, 8, 8], "texture": "#front"},
				"south": {"uv": [0, 1, 1, 6], "texture": "#front"},
				"west": {"uv": [0, 1, 1, 6], "texture": "#front"},
				"up": {"uv": [0, 3, 1, 4], "rotation": 270, "texture": "#front"},
				"down": {"uv": [0, 3, 1, 4], "rotation": 90, "texture": "#front"}
			}
		}
	],
	"display": {
		"firstperson_righthand": {
			"rotation": [0, 135, 0],
			"scale": [0.4, 0.4, 0.4]
		}
	},
	"groups": [
		{
			"name": "lectern",
			"origin": [8, 8, 8],
			"children": [0, 1, 2, 3, 4]
		},
		{
			"name": "StationRight",
			"origin": [8, 8, 8],
			"children": [5, 6, 7, 8, 9, 10, 11, 12]
		},
		{
			"name": "cabinet",
			"origin": [8, 8, 8],
			"children": [13, 14, 15, 16, 17, 18, 19, 20]
		}
	]
}