{
	"credit": "Modelled by Arctic",
	"parent": "block/block",
	"textures": {
		"5": "block/bookshelf",
		"bottom": "block/oak_planks",
		"base": "block/lectern_base",
		"front": "block/lectern_front",
		"sides": "block/lectern_sides",
		"top": "block/lectern_top"
	},
	"elements": [
		{
			"from": [2.93723, 11.05751, 0.01],
			"to": [15.93723, 15.05751, 15.99],
			"rotation": {"angle": 22.5, "axis": "z", "origin": [8, 7.68654, 8]},
			"faces": {
				"north": {"uv": [0, 4, 13, 8], "texture": "#sides"},
				"east": {"uv": [0, 4, 16, 8], "texture": "#sides"},
				"south": {"uv": [0, 4, 13, 8], "texture": "#sides"},
				"west": {"uv": [0, 0, 16, 4], "texture": "#sides"},
				"up": {"uv": [0, 1, 16, 14], "rotation": 90, "texture": "#top"},
				"down": {"uv": [0, 0, 16, 13], "rotation": 90, "texture": "#bottom"}
			}
		},
		{
			"from": [0, 0, 0],
			"to": [3, 1, 16],
			"rotation": {"angle": 0, "axis": "y", "origin": [8, 7.68654, 8]},
			"faces": {
				"north": {"uv": [0, 0, 3, 1], "texture": "#base"},
				"east": {"uv": [0, 0, 16, 1], "texture": "#base"},
				"south": {"uv": [0, 0, 3, 1], "texture": "#base"},
				"west": {"uv": [0, 0, 16, 1], "texture": "#base"},
				"up": {"uv": [0, 0, 16, 3], "rotation": 270, "texture": "#base"},
				"down": {"uv": [0, 0, 16, 3], "rotation": 90, "texture": "#base"}
			}
		},
		{
			"from": [0, 9.3, 0],
			"to": [3, 10.3, 16],
			"rotation": {"angle": 0, "axis": "y", "origin": [8, 7.68654, 8]},
			"faces": {
				"north": {"uv": [0, 0, 3, 1], "texture": "#base"},
				"east": {"uv": [0, 0, 16, 1], "texture": "#base"},
				"south": {"uv": [0, 0, 3, 1], "texture": "#base"},
				"west": {"uv": [0, 0, 16, 1], "texture": "#base"},
				"up": {"uv": [0, 0, 16, 3], "rotation": 270, "texture": "#base"},
				"down": {"uv": [0, 0, 16, 3], "rotation": 90, "texture": "#base"}
			}
		},
		{
			"from": [7, 0, 0],
			"to": [16, 15, 16],
			"rotation": {"angle": 0, "axis": "y", "origin": [8, 7.68654, 8]},
			"faces": {
				"north": {"uv": [0, 0, 9, 15], "texture": "#5"},
				"east": {"uv": [0, 0, 16, 15], "texture": "#5"},
				"south": {"uv": [0, 0, 9, 15], "texture": "#5"},
				"west": {"uv": [0, 0, 16, 15], "texture": "#missing"},
				"up": {"uv": [0, 0, 16, 9], "rotation": 270, "texture": "#bottom"},
				"down": {"uv": [0, 0, 16, 9], "rotation": 90, "texture": "#base"}
			}
		},
		{
			"from": [3, 0, 0],
			"to": [7, 12, 16],
			"rotation": {"angle": 0, "axis": "y", "origin": [8, 7.68654, 8]},
			"faces": {
				"north": {"uv": [0, 0, 4, 12], "texture": "#base"},
				"east": {"uv": [0, 0, 16, 12], "texture": "#base"},
				"south": {"uv": [0, 3, 4, 15], "texture": "#base"},
				"west": {"uv": [0, 5, 16, 14], "texture": "#5"},
				"up": {"uv": [0, 0, 16, 4], "rotation": 270, "texture": "#base"},
				"down": {"uv": [0, 0, 16, 4], "rotation": 90, "texture": "#base"}
			}
		},
		{
			"from": [0, 0, 16],
			"to": [16, 1, 32],
			"rotation": {"angle": 0, "axis": "y", "origin": [8, 7.68654, 8]},
			"faces": {
				"north": {"uv": [0, 0, 16, 1], "texture": "#base"},
				"east": {"uv": [0, 0, 16, 1], "texture": "#base"},
				"south": {"uv": [0, 0, 16, 1], "texture": "#base"},
				"west": {"uv": [0, 0, 16, 1], "texture": "#base"},
				"up": {"uv": [0, 0, 16, 16], "rotation": 270, "texture": "#base"},
				"down": {"uv": [0, 0, 16, 16], "rotation": 90, "texture": "#base"}
			}
		},
		{
			"from": [0, 14, 16],
			"to": [16, 15, 32],
			"rotation": {"angle": 0, "axis": "y", "origin": [8, 7.68654, 8]},
			"faces": {
				"north": {"uv": [0, 0, 16, 1], "texture": "#top"},
				"east": {"uv": [0, 0, 16, 1], "texture": "#top"},
				"south": {"uv": [0, 0, 16, 1], "texture": "#top"},
				"west": {"uv": [0, 0, 16, 1], "texture": "#top"},
				"up": {"uv": [0, 0, 16, 16], "rotation": 90, "texture": "#top"},
				"down": {"uv": [0, 0, 16, 16], "rotation": 90, "texture": "#top"}
			}
		},
		{
			"from": [2, 2, 18],
			"to": [4, 13, 20],
			"rotation": {"angle": 0, "axis": "y", "origin": [8, 7.68654, 8]},
			"faces": {
				"north": {"uv": [0, 0, 2, 12], "texture": "#top"},
				"east": {"uv": [0, 0, 2, 12], "texture": "#top"},
				"south": {"uv": [0, 0, 2, 12], "texture": "#top"},
				"west": {"uv": [1, 2, 3, 14], "texture": "#top"},
				"up": {"uv": [0, 0, 2, 2], "rotation": 270, "texture": "#top"},
				"down": {"uv": [0, 0, 2, 2], "rotation": 90, "texture": "#top"}
			}
		},
		{
			"from": [2, 2, 28],
			"to": [4, 13, 30],
			"rotation": {"angle": 0, "axis": "y", "origin": [8, 7.68654, 8]},
			"faces": {
				"north": {"uv": [0, 0, 2, 12], "texture": "#top"},
				"east": {"uv": [0, 0, 2, 12], "texture": "#top"},
				"south": {"uv": [0, 0, 2, 12], "texture": "#top"},
				"west": {"uv": [1, 2, 3, 14], "texture": "#top"},
				"up": {"uv": [0, 0, 2, 2], "rotation": 270, "texture": "#top"},
				"down": {"uv": [0, 0, 2, 2], "rotation": 90, "texture": "#top"}
			}
		},
		{
			"from": [2, 2, 23],
			"to": [4, 13, 25],
			"rotation": {"angle": 0, "axis": "y", "origin": [8, 7.68654, 8]},
			"faces": {
				"north": {"uv": [0, 0, 2, 12], "texture": "#top"},
				"east": {"uv": [0, 0, 2, 12], "texture": "#top"},
				"south": {"uv": [0, 0, 2, 12], "texture": "#top"},
				"west": {"uv": [1, 2, 3, 14], "texture": "#top"},
				"up": {"uv": [0, 0, 2, 2], "rotation": 270, "texture": "#top"},
				"down": {"uv": [0, 0, 2, 2], "rotation": 90, "texture": "#top"}
			}
		},
		{
			"from": [6, 1, 16],
			"to": [16, 14, 32],
			"rotation": {"angle": 0, "axis": "y", "origin": [8, 7.68654, 8]},
			"faces": {
				"north": {"uv": [0, 0, 10, 13], "texture": "#missing"},
				"east": {"uv": [0, 0, 16, 13], "texture": "#bottom"},
				"south": {"uv": [0, 0, 10, 13], "texture": "#bottom"},
				"west": {"uv": [0, 0, 16, 13], "texture": "#5"},
				"up": {"uv": [0, 0, 16, 10], "rotation": 270, "texture": "#missing"},
				"down": {"uv": [0, 0, 16, 10], "rotation": 90, "texture": "#missing"}
			}
		},
		{
			"from": [1, 1, 17],
			"to": [5, 2, 31],
			"rotation": {"angle": 0, "axis": "y", "origin": [8, 7.68654, 8]},
			"faces": {
				"north": {"uv": [0, 0, 4, 1], "texture": "#sides"},
				"east": {"uv": [0, 0, 14, 1], "texture": "#sides"},
				"south": {"uv": [0, 0, 4, 1], "texture": "#sides"},
				"west": {"uv": [0, 0, 14, 1], "texture": "#sides"},
				"up": {"uv": [0, 0, 14, 4], "rotation": 270, "texture": "#sides"},
				"down": {"uv": [0, 0, 14, 4], "rotation": 90, "texture": "#sides"}
			}
		},
		{
			"from": [1, 13, 17],
			"to": [5, 14, 31],
			"rotation": {"angle": 0, "axis": "y", "origin": [8, 7.68654, 8]},
			"faces": {
				"north": {"uv": [0, 0, 4, 1], "texture": "#sides"},
				"east": {"uv": [0, 0, 14, 1], "texture": "#sides"},
				"south": {"uv": [0, 0, 4, 1], "texture": "#sides"},
				"west": {"uv": [0, 0, 14, 1], "texture": "#sides"},
				"up": {"uv": [0, 0, 14, 4], "rotation": 270, "texture": "#sides"},
				"down": {"uv": [0, 0, 14, 4], "rotation": 90, "texture": "#sides"}
			}
		},
		{
			"from": [0, 0, -16],
			"to": [16, 1, 0],
			"rotation": {"angle": 0, "axis": "y", "origin": [8, 7.68654, 8]},
			"faces": {
				"north": {"uv": [0, 0, 16, 1], "texture": "#bottom"},
				"east": {"uv": [0, 0, 16, 1], "texture": "#bottom"},
				"south": {"uv": [0, 0, 16, 1], "texture": "#bottom"},
				"west": {"uv": [0, 0, 16, 1], "texture": "#bottom"},
				"up": {"uv": [0, 0, 16, 16], "rotation": 90, "texture": "#bottom"},
				"down": {"uv": [0, 0, 16, 16], "rotation": 270, "texture": "#bottom"}
			}
		},
		{
			"from": [0, 15, -16],
			"to": [16, 16, 0],
			"rotation": {"angle": 0, "axis": "y", "origin": [8, 7.68654, 8]},
			"faces": {
				"north": {"uv": [0, 0, 16, 1], "texture": "#top"},
				"east": {"uv": [0, 0, 16, 1], "texture": "#top"},
				"south": {"uv": [0, 0, 16, 1], "texture": "#top"},
				"west": {"uv": [0, 0, 16, 1], "texture": "#top"},
				"up": {"uv": [0, 0, 16, 16], "rotation": 90, "texture": "#top"},
				"down": {"uv": [0, 0, 16, 16], "rotation": 270, "texture": "#top"}
			}
		},
		{
			"from": [0, 1, -16],
			"to": [16, 15, -15],
			"rotation": {"angle": 0, "axis": "y", "origin": [8, 7.68654, 8]},
			"faces": {
				"north": {"uv": [0, 2, 16, 16], "texture": "#bottom"},
				"east": {"uv": [0, 0, 1, 13], "texture": "#bottom"},
				"south": {"uv": [0, 0, 16, 13], "texture": "#bottom"},
				"west": {"uv": [0, 3, 1, 16], "texture": "#bottom"},
				"up": {"uv": [0, 0, 1, 16], "rotation": 90, "texture": "#bottom"},
				"down": {"uv": [0, 0, 1, 16], "rotation": 270, "texture": "#bottom"}
			}
		},
		{
			"from": [0, 1, -1],
			"to": [16, 15, 0],
			"rotation": {"angle": 0, "axis": "y", "origin": [8, 7.68654, 8]},
			"faces": {
				"north": {"uv": [0, 0, 16, 13], "texture": "#bottom"},
				"east": {"uv": [0, 0, 1, 13], "texture": "#bottom"},
				"south": {"uv": [0, 0, 16, 14], "texture": "#bottom"},
				"west": {"uv": [0, 1, 1, 14], "texture": "#bottom"},
				"up": {"uv": [0, 0, 1, 16], "rotation": 90, "texture": "#bottom"},
				"down": {"uv": [0, 0, 1, 16], "rotation": 270, "texture": "#bottom"}
			}
		},
		{
			"from": [1, 1, -15],
			"to": [2, 15, -1],
			"rotation": {"angle": 0, "axis": "y", "origin": [8, 7.68654, 8]},
			"faces": {
				"north": {"uv": [0, 0, 1, 13], "texture": "#bottom"},
				"east": {"uv": [0, 0, 14, 13], "texture": "#bottom"},
				"south": {"uv": [0, 0, 1, 13], "texture": "#bottom"},
				"west": {"uv": [1, 2, 15, 16], "texture": "#top"},
				"up": {"uv": [0, 0, 14, 1], "rotation": 90, "texture": "#bottom"},
				"down": {"uv": [0, 0, 14, 1], "rotation": 270, "texture": "#bottom"}
			}
		},
		{
			"from": [14, 1, -15],
			"to": [15, 15, -1],
			"rotation": {"angle": 0, "axis": "y", "origin": [8, 7.68654, 8]},
			"faces": {
				"north": {"uv": [0, 0, 1, 13], "texture": "#top"},
				"east": {"uv": [1, 2, 15, 16], "texture": "#top"},
				"south": {"uv": [0, 0, 1, 13], "texture": "#top"},
				"west": {"uv": [0, 0, 14, 13], "texture": "#top"},
				"up": {"uv": [0, 0, 14, 1], "rotation": 90, "texture": "#top"},
				"down": {"uv": [0, 0, 14, 1], "rotation": 270, "texture": "#top"}
			}
		},
		{
			"from": [0, 5, -7],
			"to": [1, 10, -6],
			"rotation": {"angle": 0, "axis": "y", "origin": [8, 7.68654, 8]},
			"faces": {
				"north": {"uv": [0, 1, 1, 6], "texture": "#front"},
				"east": {"uv": [0, 1, 1, 6], "texture": "#front"},
				"south": {"uv": [0, 1, 1, 6], "texture": "#front"},
				"west": {"uv": [0, 1, 1, 6], "texture": "#front"},
				"up": {"uv": [0, 3, 1, 4], "rotation": 90, "texture": "#front"},
				"down": {"uv": [0, 3, 1, 4], "rotation": 270, "texture": "#front"}
			}
		},
		{
			"from": [0, 5, -10],
			"to": [1, 10, -9],
			"rotation": {"angle": 0, "axis": "y", "origin": [8, 7.68654, 8]},
			"faces": {
				"north": {"uv": [0, 1, 1, 6], "texture": "#front"},
				"east": {"uv": [0, 1, 1, 6], "texture": "#front"},
				"south": {"uv": [0, 1, 1, 6], "texture": "#front"},
				"west": {"uv": [7, 3, 8, 8], "texture": "#front"},
				"up": {"uv": [0, 3, 1, 4], "rotation": 90, "texture": "#front"},
				"down": {"uv": [0, 3, 1, 4], "rotation": 270, "texture": "#front"}
			}
		}
	],
	"display": {
		"firstperson_righthand": {
			"rotation": [0, 135, 0],
			"scale": [0.4, 0.4, 0.4]
		}
	},
	"groups": [
		{
			"name": "lectern",
			"origin": [8, 8, 8],
			"children": [0, 1, 2, 3, 4]
		},
		{
			"name": "StationRight",
			"origin": [8, 8, 8],
			"children": [5, 6, 7, 8, 9, 10, 11, 12]
		},
		{
			"name": "cabinet",
			"origin": [8, 8, 8],
			"children": [13, 14, 15, 16, 17, 18, 19, 20]
		}
	]
}