{
	"credit": "Modelled by Arctic",
	"parent": "block/block",
	"textures": {
		"5": "block/bookshelf",
		"bottom": "block/oak_planks",
		"base": "block/lectern_base",
		"front": "block/lectern_front",
		"sides": "block/lectern_sides",
		"top": "block/lectern_top"
	},
	"elements": [
		{
			"from": [0.01, 11.05751, 0.06277],
			"to": [15.99, 15.05751, 13.06277],
			"rotation": {"angle": 22.5, "axis": "x", "origin": [8, 7.68654, 8]},
			"faces": {
				"north": {"uv": [0, 4, 16, 8], "texture": "#sides"},
				"east": {"uv": [0, 4, 13, 8], "texture": "#sides"},
				"south": {"uv": [0, 0, 16, 4], "texture": "#sides"},
				"west": {"uv": [0, 4, 13, 8], "texture": "#sides"},
				"up": {"uv": [0, 1, 16, 14], "texture": "#top"},
				"down": {"uv": [0, 0, 16, 13], "rotation": 180, "texture": "#bottom"}
			}
		},
		{
			"from": [0, 0, 13],
			"to": [16, 1, 16],
			"rotation": {"angle": 0, "axis": "y", "origin": [8, 7.68654, 8]},
			"faces": {
				"north": {"uv": [0, 0, 16, 1], "texture": "#base"},
				"east": {"uv": [0, 0, 3, 1], "texture": "#base"},
				"south": {"uv": [0, 0, 16, 1], "texture": "#base"},
				"west": {"uv": [0, 0, 3, 1], "texture": "#base"},
				"up": {"uv": [0, 0, 16, 3], "rotation": 180, "texture": "#base"},
				"down": {"uv": [0, 0, 16, 3], "rotation": 180, "texture": "#base"}
			}
		},
		{
			"from": [0, 9.3, 13],
			"to": [16, 10.3, 16],
			"rotation": {"angle": 0, "axis": "y", "origin": [8, 7.68654, 8]},
			"faces": {
				"north": {"uv": [0, 0, 16, 1], "texture": "#base"},
				"east": {"uv": [0, 0, 3, 1], "texture": "#base"},
				"south": {"uv": [0, 0, 16, 1], "texture": "#base"},
				"west": {"uv": [0, 0, 3, 1], "texture": "#base"},
				"up": {"uv": [0, 0, 16, 3], "rotation": 180, "texture": "#base"},
				"down": {"uv": [0, 0, 16, 3], "rotation": 180, "texture": "#base"}
			}
		},
		{
			"from": [0, 0, 0],
			"to": [16, 15, 9],
			"rotation": {"angle": 0, "axis": "y", "origin": [8, 7.68654, 8]},
			"faces": {
				"north": {"uv": [0, 0, 16, 15], "texture": "#5"},
				"east": {"uv": [0, 0, 9, 15], "texture": "#5"},
				"south": {"uv": [0, 0, 16, 15], "texture": "#missing"},
				"west": {"uv": [0, 0, 9, 15], "texture": "#5"},
				"up": {"uv": [0, 0, 16, 9], "rotation": 180, "texture": "#bottom"},
				"down": {"uv": [0, 0, 16, 9], "rotation": 180, "texture": "#base"}
			}
		},
		{
			"from": [0, 0, 9],
			"to": [16, 12, 13],
			"rotation": {"angle": 0, "axis": "y", "origin": [8, 7.68654, 8]},
			"faces": {
				"north": {"uv": [0, 0, 16, 12], "texture": "#base"},
				"east": {"uv": [0, 3, 4, 15], "texture": "#base"},
				"south": {"uv": [0, 5, 16, 14], "texture": "#5"},
				"west": {"uv": [0, 0, 4, 12], "texture": "#base"},
				"up": {"uv": [0, 0, 16, 4], "rotation": 180, "texture": "#base"},
				"down": {"uv": [0, 0, 16, 4], "rotation": 180, "texture": "#base"}
			}
		},
		{
			"from": [16, 0, 0],
			"to": [32, 1, 16],
			"rotation": {"angle": 0, "axis": "y", "origin": [8, 7.68654, 8]},
			"faces": {
				"north": {"uv": [0, 0, 16, 1], "texture": "#base"},
				"east": {"uv": [0, 0, 16, 1], "texture": "#base"},
				"south": {"uv": [0, 0, 16, 1], "texture": "#base"},
				"west": {"uv": [0, 0, 16, 1], "texture": "#base"},
				"up": {"uv": [0, 0, 16, 16], "rotation": 180, "texture": "#base"},
				"down": {"uv": [0, 0, 16, 16], "rotation": 180, "texture": "#base"}
			}
		},
		{
			"from": [16, 14, 0],
			"to": [32, 15, 16],
			"rotation": {"angle": 0, "axis": "y", "origin": [8, 7.68654, 8]},
			"faces": {
				"north": {"uv": [0, 0, 16, 1], "texture": "#top"},
				"east": {"uv": [0, 0, 16, 1], "texture": "#top"},
				"south": {"uv": [0, 0, 16, 1], "texture": "#top"},
				"west": {"uv": [0, 0, 16, 1], "texture": "#top"},
				"up": {"uv": [0, 0, 16, 16], "texture": "#top"},
				"down": {"uv": [0, 0, 16, 16], "rotation": 180, "texture": "#top"}
			}
		},
		{
			"from": [18, 2, 12],
			"to": [20, 13, 14],
			"rotation": {"angle": 0, "axis": "y", "origin": [8, 7.68654, 8]},
			"faces": {
				"north": {"uv": [0, 0, 2, 12], "texture": "#top"},
				"east": {"uv": [0, 0, 2, 12], "texture": "#top"},
				"south": {"uv": [1, 2, 3, 14], "texture": "#top"},
				"west": {"uv": [0, 0, 2, 12], "texture": "#top"},
				"up": {"uv": [0, 0, 2, 2], "rotation": 180, "texture": "#top"},
				"down": {"uv": [0, 0, 2, 2], "rotation": 180, "texture": "#top"}
			}
		},
		{
			"from": [28, 2, 12],
			"to": [30, 13, 14],
			"rotation": {"angle": 0, "axis": "y", "origin": [8, 7.68654, 8]},
			"faces": {
				"north": {"uv": [0, 0, 2, 12], "texture": "#top"},
				"east": {"uv": [0, 0, 2, 12], "texture": "#top"},
				"south": {"uv": [1, 2, 3, 14], "texture": "#top"},
				"west": {"uv": [0, 0, 2, 12], "texture": "#top"},
				"up": {"uv": [0, 0, 2, 2], "rotation": 180, "texture": "#top"},
				"down": {"uv": [0, 0, 2, 2], "rotation": 180, "texture": "#top"}
			}
		},
		{
			"from": [23, 2, 12],
			"to": [25, 13, 14],
			"rotation": {"angle": 0, "axis": "y", "origin": [8, 7.68654, 8]},
			"faces": {
				"north": {"uv": [0, 0, 2, 12], "texture": "#top"},
				"east": {"uv": [0, 0, 2, 12], "texture": "#top"},
				"south": {"uv": [1, 2, 3, 14], "texture": "#top"},
				"west": {"uv": [0, 0, 2, 12], "texture": "#top"},
				"up": {"uv": [0, 0, 2, 2], "rotation": 180, "texture": "#top"},
				"down": {"uv": [0, 0, 2, 2], "rotation": 180, "texture": "#top"}
			}
		},
		{
			"from": [16, 1, 0],
			"to": [32, 14, 10],
			"rotation": {"angle": 0, "axis": "y", "origin": [8, 7.68654, 8]},
			"faces": {
				"north": {"uv": [0, 0, 16, 13], "texture": "#bottom"},
				"east": {"uv": [0, 0, 10, 13], "texture": "#bottom"},
				"south": {"uv": [0, 0, 16, 13], "texture": "#5"},
				"west": {"uv": [0, 0, 10, 13], "texture": "#missing"},
				"up": {"uv": [0, 0, 16, 10], "rotation": 180, "texture": "#missing"},
				"down": {"uv": [0, 0, 16, 10], "rotation": 180, "texture": "#missing"}
			}
		},
		{
			"from": [17, 1, 11],
			"to": [31, 2, 15],
			"rotation": {"angle": 0, "axis": "y", "origin": [8, 7.68654, 8]},
			"faces": {
				"north": {"uv": [0, 0, 14, 1], "texture": "#sides"},
				"east": {"uv": [0, 0, 4, 1], "texture": "#sides"},
				"south": {"uv": [0, 0, 14, 1], "texture": "#sides"},
				"west": {"uv": [0, 0, 4, 1], "texture": "#sides"},
				"up": {"uv": [0, 0, 14, 4], "rotation": 180, "texture": "#sides"},
				"down": {"uv": [0, 0, 14, 4], "rotation": 180, "texture": "#sides"}
			}
		},
		{
			"from": [17, 13, 11],
			"to": [31, 14, 15],
			"rotation": {"angle": 0, "axis": "y", "origin": [8, 7.68654, 8]},
			"faces": {
				"north": {"uv": [0, 0, 14, 1], "texture": "#sides"},
				"east": {"uv": [0, 0, 4, 1], "texture": "#sides"},
				"south": {"uv": [0, 0, 14, 1], "texture": "#sides"},
				"west": {"uv": [0, 0, 4, 1], "texture": "#sides"},
				"up": {"uv": [0, 0, 14, 4], "rotation": 180, "texture": "#sides"},
				"down": {"uv": [0, 0, 14, 4], "rotation": 180, "texture": "#sides"}
			}
		},
		{
			"from": [-16, 0, 0],
			"to": [0, 1, 16],
			"rotation": {"angle": 0, "axis": "y", "origin": [8, 7.68654, 8]},
			"faces": {
				"north": {"uv": [0, 0, 16, 1], "texture": "#bottom"},
				"east": {"uv": [0, 0, 16, 1], "texture": "#bottom"},
				"south": {"uv": [0, 0, 16, 1], "texture": "#bottom"},
				"west": {"uv": [0, 0, 16, 1], "texture": "#bottom"},
				"up": {"uv": [0, 0, 16, 16], "texture": "#bottom"},
				"down": {"uv": [0, 0, 16, 16], "texture": "#bottom"}
			}
		},
		{
			"from": [-16, 15, 0],
			"to": [0, 16, 16],
			"rotation": {"angle": 0, "axis": "y", "origin": [8, 7.68654, 8]},
			"faces": {
				"north": {"uv": [0, 0, 16, 1], "texture": "#top"},
				"east": {"uv": [0, 0, 16, 1], "texture": "#top"},
				"south": {"uv": [0, 0, 16, 1], "texture": "#top"},
				"west": {"uv": [0, 0, 16, 1], "texture": "#top"},
				"up": {"uv": [0, 0, 16, 16], "texture": "#top"},
				"down": {"uv": [0, 0, 16, 16], "texture": "#top"}
			}
		},
		{
			"from": [-16, 1, 0],
			"to": [-15, 15, 16],
			"rotation": {"angle": 0, "axis": "y", "origin": [8, 7.68654, 8]},
			"faces": {
				"north": {"uv": [0, 0, 1, 13], "texture": "#bottom"},
				"east": {"uv": [0, 0, 16, 13], "texture": "#bottom"},
				"south": {"uv": [0, 3, 1, 16], "texture": "#bottom"},
				"west": {"uv": [0, 2, 16, 16], "texture": "#bottom"},
				"up": {"uv": [0, 0, 1, 16], "texture": "#bottom"},
				"down": {"uv": [0, 0, 1, 16], "texture": "#bottom"}
			}
		},
		{
			"from": [-1, 1, 0],
			"to": [0, 15, 16],
			"rotation": {"angle": 0, "axis": "y", "origin": [8, 7.68654, 8]},
			"faces": {
				"north": {"uv": [0, 0, 1, 13], "texture": "#bottom"},
				"east": {"uv": [0, 0, 16, 14], "texture": "#bottom"},
				"south": {"uv": [0, 1, 1, 14], "texture": "#bottom"},
				"west": {"uv": [0, 0, 16, 13], "texture": "#bottom"},
				"up": {"uv": [0, 0, 1, 16], "texture": "#bottom"},
				"down": {"uv": [0, 0, 1, 16], "texture": "#bottom"}
			}
		},
		{
			"from": [-15, 1, 14],
			"to": [-1, 15, 15],
			"rotation": {"angle": 0, "axis": "y", "origin": [8, 7.68654, 8]},
			"faces": {
				"north": {"uv": [0, 0, 14, 13], "texture": "#bottom"},
				"east": {"uv": [0, 0, 1, 13], "texture": "#bottom"},
				"south": {"uv": [1, 2, 15, 16], "texture": "#top"},
				"west": {"uv": [0, 0, 1, 13], "texture": "#bottom"},
				"up": {"uv": [0, 0, 14, 1], "texture": "#bottom"},
				"down": {"uv": [0, 0, 14, 1], "texture": "#bottom"}
			}
		},
		{
			"from": [-15, 1, 1],
			"to": [-1, 15, 2],
			"rotation": {"angle": 0, "axis": "y", "origin": [8, 7.68654, 8]},
			"faces": {
				"north": {"uv": [1, 2, 15, 16], "texture": "#top"},
				"east": {"uv": [0, 0, 1, 13], "texture": "#top"},
				"south": {"uv": [0, 0, 14, 13], "texture": "#top"},
				"west": {"uv": [0, 0, 1, 13], "texture": "#top"},
				"up": {"uv": [0, 0, 14, 1], "texture": "#top"},
				"down": {"uv": [0, 0, 14, 1], "texture": "#top"}
			}
		},
		{
			"from": [-7, 5, 15],
			"to": [-6, 10, 16],
			"rotation": {"angle": 0, "axis": "y", "origin": [8, 7.68654, 8]},
			"faces": {
				"north": {"uv": [0, 1, 1, 6], "texture": "#front"},
				"east": {"uv": [0, 1, 1, 6], "texture": "#front"},
				"south": {"uv": [0, 1, 1, 6], "texture": "#front"},
				"west": {"uv": [0, 1, 1, 6], "texture": "#front"},
				"up": {"uv": [0, 3, 1, 4], "texture": "#front"},
				"down": {"uv": [0, 3, 1, 4], "texture": "#front"}
			}
		},
		{
			"from": [-10, 5, 15],
			"to": [-9, 10, 16],
			"rotation": {"angle": 0, "axis": "y", "origin": [8, 7.68654, 8]},
			"faces": {
				"north": {"uv": [0, 1, 1, 6], "texture": "#front"},
				"east": {"uv": [0, 1, 1, 6], "texture": "#front"},
				"south": {"uv": [7, 3, 8, 8], "texture": "#front"},
				"west": {"uv": [0, 1, 1, 6], "texture": "#front"},
				"up": {"uv": [0, 3, 1, 4], "texture": "#front"},
				"down": {"uv": [0, 3, 1, 4], "texture": "#front"}
			}
		}
	],
	"display": {
		"firstperson_righthand": {
			"rotation": [0, 135, 0],
			"scale": [0.4, 0.4, 0.4]
		}
	},
	"groups": [
		{
			"name": "lectern",
			"origin": [8, 8, 8],
			"children": [0, 1, 2, 3, 4]
		},
		{
			"name": "StationRight",
			"origin": [8, 8, 8],
			"children": [5, 6, 7, 8, 9, 10, 11, 12]
		},
		{
			"name": "cabinet",
			"origin": [8, 8, 8],
			"children": [13, 14, 15, 16, 17, 18, 19, 20]
		}
	]
}