{
	"credit": "Modelled by Arctic",
	"textures": {
		"0": "block/beehive_end",
		"1": "block/beehive_front",
		"3": "block/cake_bottom",
		"4": "block/flower_pot",
		"5": "block/loom_bottom",
		"6": "block/iron_block",
		"particle": "block/beehive_end"
	},
	"elements": [
		{
			"from": [0, 0, 15],
			"to": [16, 16, 16],
			"rotation": {"angle": 0, "axis": "y", "origin": [8, 0, 8]},
			"faces": {
				"north": {"uv": [16, 0, 0, 16], "texture": "#5"},
				"east": {"uv": [0, 0, 1, 16], "texture": "#0"},
				"south": {"uv": [0, 0, 16, 16], "texture": "#0"},
				"west": {"uv": [0, 0, 1, 16], "texture": "#0"},
				"up": {"uv": [0, 0, 1, 16], "rotation": 270, "texture": "#0"},
				"down": {"uv": [0, 0, 1, 16], "rotation": 90, "texture": "#0"}
			}
		},
		{
			"from": [0, 0, 1],
			"to": [15, 1, 15],
			"rotation": {"angle": 0, "axis": "y", "origin": [8, 0, 8]},
			"faces": {
				"north": {"uv": [0, 0, 15, 1], "texture": "#missing"},
				"east": {"uv": [0, 0, 14, 1], "texture": "#missing"},
				"south": {"uv": [0, 0, 15, 1], "texture": "#missing"},
				"west": {"uv": [0, 0, 14, 1], "texture": "#0"},
				"up": {"uv": [1, 0, 15, 15], "rotation": 270, "texture": "#5"},
				"down": {"uv": [0, 0, 14, 15], "rotation": 90, "texture": "#0"}
			}
		},
		{
			"from": [0, 0, 0],
			"to": [16, 16, 1],
			"rotation": {"angle": 0, "axis": "y", "origin": [8, 0, 8]},
			"faces": {
				"north": {"uv": [0, 0, 16, 16], "texture": "#0"},
				"east": {"uv": [0, 0, 1, 16], "texture": "#0"},
				"south": {"uv": [0, 0, 16, 16], "texture": "#5"},
				"west": {"uv": [0, 0, 1, 16], "texture": "#0"},
				"up": {"uv": [0, 0, 1, 16], "rotation": 270, "texture": "#0"},
				"down": {"uv": [0, 0, 1, 16], "rotation": 90, "texture": "#0"}
			}
		},
		{
			"from": [1, 1, 1],
			"to": [15, 10, 15],
			"rotation": {"angle": 0, "axis": "y", "origin": [8, 0, 8]},
			"faces": {
				"north": {"uv": [0, 0, 14, 9], "texture": "#missing"},
				"east": {"uv": [0, 0, 14, 9], "texture": "#missing"},
				"south": {"uv": [0, 0, 14, 9], "texture": "#missing"},
				"west": {"uv": [1, 6, 15, 15], "texture": "#1"},
				"up": {"uv": [0, 0, 14, 14], "rotation": 270, "texture": "#missing"},
				"down": {"uv": [0, 0, 14, 14], "rotation": 90, "texture": "#missing"}
			}
		},
		{
			"from": [0, 3, 6],
			"to": [1, 7, 7],
			"rotation": {"angle": 0, "axis": "y", "origin": [8, 0, 8]},
			"faces": {
				"north": {"uv": [0, 0, 1, 4], "texture": "#5"},
				"east": {"uv": [0, 0, 1, 4], "texture": "#5"},
				"south": {"uv": [0, 0, 1, 4], "texture": "#5"},
				"west": {"uv": [0, 0, 1, 4], "texture": "#5"},
				"up": {"uv": [0, 0, 1, 1], "rotation": 270, "texture": "#5"},
				"down": {"uv": [0, 0, 1, 1], "rotation": 90, "texture": "#5"}
			}
		},
		{
			"from": [0, 3, 9],
			"to": [1, 7, 10],
			"rotation": {"angle": 0, "axis": "y", "origin": [8, 0, 8]},
			"faces": {
				"north": {"uv": [0, 0, 1, 4], "texture": "#5"},
				"east": {"uv": [0, 0, 1, 4], "texture": "#5"},
				"south": {"uv": [0, 0, 1, 4], "texture": "#5"},
				"west": {"uv": [0, 0, 1, 4], "texture": "#5"},
				"up": {"uv": [0, 0, 1, 1], "rotation": 270, "texture": "#5"},
				"down": {"uv": [0, 0, 1, 1], "rotation": 90, "texture": "#5"}
			}
		},
		{
			"from": [0, 10, 1],
			"to": [15, 11, 15],
			"rotation": {"angle": 0, "axis": "y", "origin": [8, 0, 8]},
			"faces": {
				"north": {"uv": [0, 0, 15, 1], "texture": "#missing"},
				"east": {"uv": [0, 0, 14, 1], "texture": "#missing"},
				"south": {"uv": [0, 0, 15, 1], "texture": "#missing"},
				"west": {"uv": [0, 0, 14, 1], "texture": "#0"},
				"up": {"uv": [1, 0, 15, 15], "rotation": 270, "texture": "#5"},
				"down": {"uv": [1, 0, 15, 15], "rotation": 90, "texture": "#5"}
			}
		},
		{
			"from": [15, 0, 1],
			"to": [16, 16, 15],
			"rotation": {"angle": 0, "axis": "y", "origin": [8, 0, 8]},
			"faces": {
				"north": {"uv": [0, 0, 1, 16], "texture": "#missing"},
				"east": {"uv": [1, 0, 15, 16], "texture": "#0"},
				"south": {"uv": [0, 0, 1, 16], "texture": "#missing"},
				"west": {"uv": [1, 0, 15, 16], "texture": "#5"},
				"up": {"uv": [1, 0, 15, 1], "rotation": 270, "texture": "#0"},
				"down": {"uv": [0, 0, 14, 1], "rotation": 90, "texture": "#0"}
			}
		},
		{
			"from": [0, 15, 1],
			"to": [15, 16, 15],
			"rotation": {"angle": 0, "axis": "y", "origin": [8, 0, 8]},
			"faces": {
				"north": {"uv": [0, 0, 15, 1], "texture": "#missing"},
				"east": {"uv": [0, 0, 14, 1], "texture": "#missing"},
				"south": {"uv": [0, 0, 15, 1], "texture": "#missing"},
				"west": {"uv": [0, 0, 14, 1], "texture": "#0"},
				"up": {"uv": [1, 0, 15, 15], "rotation": 270, "texture": "#0"},
				"down": {"uv": [1, 0, 15, 15], "rotation": 90, "texture": "#5"}
			}
		},
		{
			"from": [4, 16.1, 14],
			"to": [8, 16.4, 15],
			"rotation": {"angle": 0, "axis": "y", "origin": [8, 0, 8]},
			"faces": {
				"north": {"uv": [1, 1, 5, 2], "texture": "#6"},
				"east": {"uv": [3, 1, 4, 1], "texture": "#6"},
				"south": {"uv": [1, 1, 5, 1], "texture": "#6"},
				"west": {"uv": [3, 1, 4, 1], "texture": "#6"},
				"up": {"uv": [6, 5, 7, 9], "rotation": 270, "texture": "#6"},
				"down": {"uv": [4, 4, 5, 8], "rotation": 90, "texture": "#6"}
			}
		},
		{
			"from": [2, 16, 14],
			"to": [4, 16.5, 15],
			"rotation": {"angle": 0, "axis": "y", "origin": [8, 0, 8]},
			"faces": {
				"north": {"uv": [4, 1, 6, 2], "texture": "#5"},
				"east": {"uv": [3, 1, 4, 2], "texture": "#5"},
				"south": {"uv": [3, 1, 5, 2], "texture": "#5"},
				"west": {"uv": [1, 2, 2, 3], "texture": "#5"},
				"up": {"uv": [1, 2, 2, 4], "rotation": 270, "texture": "#5"},
				"down": {"uv": [1, 1, 2, 3], "rotation": 90, "texture": "#5"}
			}
		},
		{
			"from": [1, 16, 1],
			"to": [9, 16.5, 13],
			"rotation": {"angle": 0, "axis": "y", "origin": [8, 0, 8]},
			"faces": {
				"north": {"uv": [4, 9, 12, 10], "texture": "#3"},
				"east": {"uv": [2, 5, 14, 6], "texture": "#3"},
				"south": {"uv": [5, 11, 13, 12], "texture": "#3"},
				"west": {"uv": [2, 4, 14, 5], "texture": "#3"},
				"up": {"uv": [2, 3, 14, 11], "rotation": 270, "texture": "#3"},
				"down": {"uv": [2, 3, 14, 11], "rotation": 90, "texture": "#3"}
			}
		},
		{
			"from": [10, 16, 3],
			"to": [11, 21, 6],
			"rotation": {"angle": 0, "axis": "y", "origin": [8, 0, 8]},
			"faces": {
				"north": {"uv": [9, 10, 10, 15], "texture": "#4"},
				"east": {"uv": [6, 10, 9, 15], "texture": "#4"},
				"south": {"uv": [8, 10, 9, 15], "texture": "#4"},
				"west": {"uv": [5, 10, 8, 15], "texture": "#4"},
				"up": {"uv": [7, 5, 10, 6], "rotation": 270, "texture": "#4"},
				"down": {"uv": [5, 5, 8, 6], "rotation": 90, "texture": "#4"}
			}
		},
		{
			"from": [10, 16, 2],
			"to": [15, 21, 3],
			"rotation": {"angle": 0, "axis": "y", "origin": [8, 0, 8]},
			"faces": {
				"north": {"uv": [6, 11, 11, 16], "texture": "#4"},
				"east": {"uv": [10, 10, 11, 15], "texture": "#4"},
				"south": {"uv": [6, 10, 11, 15], "texture": "#4"},
				"west": {"uv": [10, 5, 11, 10], "texture": "#4"},
				"up": {"uv": [5, 6, 6, 11], "rotation": 270, "texture": "#4"},
				"down": {"uv": [5, 5, 6, 10], "rotation": 90, "texture": "#4"}
			}
		},
		{
			"from": [14, 16, 3],
			"to": [15, 21, 6],
			"rotation": {"angle": 0, "axis": "y", "origin": [8, 0, 8]},
			"faces": {
				"north": {"uv": [9, 11, 10, 16], "texture": "#4"},
				"east": {"uv": [6, 10, 9, 15], "texture": "#4"},
				"south": {"uv": [7, 11, 8, 16], "texture": "#4"},
				"west": {"uv": [7, 10, 10, 15], "texture": "#4"},
				"up": {"uv": [8, 5, 11, 6], "rotation": 270, "texture": "#4"},
				"down": {"uv": [7, 5, 10, 6], "rotation": 90, "texture": "#4"}
			}
		},
		{
			"from": [10, 16, 6],
			"to": [15, 21, 7],
			"rotation": {"angle": 0, "axis": "y", "origin": [8, 0, 8]},
			"faces": {
				"north": {"uv": [6, 10, 11, 15], "texture": "#4"},
				"east": {"uv": [5, 9, 6, 14], "texture": "#4"},
				"south": {"uv": [5, 11, 10, 16], "texture": "#4"},
				"west": {"uv": [7, 10, 8, 15], "texture": "#4"},
				"up": {"uv": [10, 7, 11, 12], "rotation": 270, "texture": "#4"},
				"down": {"uv": [6, 10, 7, 15], "rotation": 90, "texture": "#4"}
			}
		},
		{
			"from": [11, 16, 3],
			"to": [14, 17, 6],
			"rotation": {"angle": 0, "axis": "y", "origin": [8, 0, 8]},
			"faces": {
				"north": {"uv": [6, 5, 9, 6], "texture": "#4"},
				"east": {"uv": [6, 11, 9, 12], "texture": "#4"},
				"south": {"uv": [7, 13, 10, 14], "texture": "#4"},
				"west": {"uv": [7, 5, 10, 6], "texture": "#4"},
				"up": {"uv": [6, 12, 9, 15], "rotation": 270, "texture": "#4"},
				"down": {"uv": [7, 11, 10, 14], "rotation": 90, "texture": "#4"}
			}
		},
		{
			"from": [10, 16, 11],
			"to": [11, 18, 14],
			"rotation": {"angle": 0, "axis": "y", "origin": [8, 0, 8]},
			"faces": {
				"north": {"uv": [9, 12, 10, 14], "texture": "#4"},
				"east": {"uv": [7, 11, 10, 13], "texture": "#4"},
				"south": {"uv": [6, 11, 7, 13], "texture": "#4"},
				"west": {"uv": [7, 11, 10, 13], "texture": "#4"},
				"up": {"uv": [7, 5, 10, 6], "rotation": 270, "texture": "#4"},
				"down": {"uv": [7, 5, 10, 6], "rotation": 90, "texture": "#4"}
			}
		},
		{
			"from": [10, 16, 10],
			"to": [15, 18, 11],
			"rotation": {"angle": 0, "axis": "y", "origin": [8, 0, 8]},
			"faces": {
				"north": {"uv": [9, 12, 10, 14], "texture": "#4"},
				"east": {"uv": [7, 11, 10, 13], "texture": "#4"},
				"south": {"uv": [6, 11, 7, 13], "texture": "#4"},
				"west": {"uv": [7, 11, 10, 13], "texture": "#4"},
				"up": {"uv": [7, 5, 10, 6], "rotation": 270, "texture": "#4"},
				"down": {"uv": [7, 5, 10, 6], "rotation": 90, "texture": "#4"}
			}
		},
		{
			"from": [11, 16, 11],
			"to": [14, 17, 14],
			"rotation": {"angle": 0, "axis": "y", "origin": [8, 0, 8]},
			"faces": {
				"north": {"uv": [9, 12, 10, 14], "texture": "#4"},
				"east": {"uv": [7, 11, 10, 13], "texture": "#4"},
				"south": {"uv": [6, 11, 7, 13], "texture": "#4"},
				"west": {"uv": [7, 11, 10, 13], "texture": "#4"},
				"up": {"uv": [7, 5, 10, 6], "rotation": 270, "texture": "#4"},
				"down": {"uv": [7, 5, 10, 6], "rotation": 90, "texture": "#4"}
			}
		},
		{
			"from": [10, 16, 14],
			"to": [15, 18, 15],
			"rotation": {"angle": 0, "axis": "y", "origin": [8, 0, 8]},
			"faces": {
				"north": {"uv": [9, 12, 10, 14], "texture": "#4"},
				"east": {"uv": [7, 11, 10, 13], "texture": "#4"},
				"south": {"uv": [6, 11, 7, 13], "texture": "#4"},
				"west": {"uv": [7, 11, 10, 13], "texture": "#4"},
				"up": {"uv": [7, 5, 10, 6], "rotation": 270, "texture": "#4"},
				"down": {"uv": [7, 5, 10, 6], "rotation": 90, "texture": "#4"}
			}
		},
		{
			"from": [14, 16, 11],
			"to": [15, 18, 14],
			"rotation": {"angle": 0, "axis": "y", "origin": [8, 0, 8]},
			"faces": {
				"north": {"uv": [9, 12, 10, 14], "texture": "#4"},
				"east": {"uv": [7, 11, 10, 13], "texture": "#4"},
				"south": {"uv": [6, 11, 7, 13], "texture": "#4"},
				"west": {"uv": [7, 11, 10, 13], "texture": "#4"},
				"up": {"uv": [7, 5, 10, 6], "rotation": 270, "texture": "#4"},
				"down": {"uv": [7, 5, 10, 6], "rotation": 90, "texture": "#4"}
			}
		}
	],
	"groups": [
		{
			"name": "blockMain",
			"origin": [-6, 8, 7],
			"children": [0, 1, 2, 3, 4, 5, 6, 7, 8]
		},
		{
			"name": "TopDecorations",
			"origin": [9, 24, 9],
			"children": [9, 10, 11,
				{
					"name": "Pot",
					"origin": [17, 24, 18],
					"children": [12, 13, 14, 15, 16]
				},
				{
					"name": "bowl",
					"origin": [12, 24, 22],
					"children": [17, 18, 19, 20, 21]
				}
			]
		}
	]
}