{
	"credit": "Made with Blockbench",
	"textures": {
		"0": "block/grass_var1_1",
		"particle": "block/grass_var1_1"
	},
	"elements": [
		{
			"from": [-1.26642, 1.66061, 0],
			"to": [7.73358, 1.66061, 16],
			"rotation": {"angle": -22.5, "axis": "z", "origin": [3.23358, -1.33939, 8]},
			"faces": {
				"up": {"uv": [0, 0, 16, 9], "rotation": 270, "texture": "#0"}
			}
		},
		{
			"from": [6.04849, 1.78354, 0],
			"to": [15.04849, 1.78354, 16],
			"rotation": {"angle": 22.5, "axis": "z", "origin": [11.54849, 4.78354, 8]},
			"faces": {
				"up": {"uv": [0, 0, 16, 9], "rotation": 90, "texture": "#0"}
			}
		},
		{
			"from": [0.07715, 0.02553, 6.87652],
			"to": [16.07715, 0.02553, 15.87652],
			"rotation": {"angle": -22.5, "axis": "x", "origin": [8.07715, 1.53073, 8]},
			"faces": {
				"up": {"uv": [0, 0, 16, 9], "rotation": 180, "texture": "#0"}
			}
		},
		{
			"from": [0.07715, 0.20751, 0.0481],
			"to": [16.07715, 0.20751, 9.0481],
			"rotation": {"angle": 22.5, "axis": "x", "origin": [8.07715, 1.53073, 8]},
			"faces": {
				"up": {"uv": [0, 0, 16, 9], "texture": "#0"}
			}
		}
	]
}