{
	"credit": "Made with Blockbench",
	"textures": {
		"1": "block/flower5",
		"2": "block/flower4",
		"3": "block/flower2",
		"particle": "block/flower5"
	},
	"elements": [
		{
			"from": [5.16667, -16, 12],
			"to": [5.16667, 4, 15],
			"rotation": {"angle": 45, "axis": "y", "origin": [8.83333, -4.66667, 9.5]},
			"faces": {
				"north": {"uv": [0, 0, 0, 16], "texture": "#2"},
				"east": {"uv": [0, 0, 3, 16], "texture": "#2"},
				"south": {"uv": [0, 0, 0, 16], "texture": "#2"},
				"west": {"uv": [0, 0, 3, 16], "texture": "#2"},
				"up": {"uv": [0, 0, 0, 3], "texture": "#2"},
				"down": {"uv": [0, 0, 0, 3], "texture": "#2"}
			}
		},
		{
			"from": [3.66667, -16, 13.5],
			"to": [6.66667, 4, 13.5],
			"rotation": {"angle": 45, "axis": "y", "origin": [8.83333, -4.66667, 9.5]},
			"faces": {
				"north": {"uv": [0, 0, 3, 16], "texture": "#2"},
				"east": {"uv": [0, 0, 0, 16], "texture": "#2"},
				"south": {"uv": [0, 0, 3, 16], "texture": "#2"},
				"west": {"uv": [0, 0, 0, 16], "texture": "#2"},
				"up": {"uv": [0, 0, 0, 3], "rotation": 270, "texture": "#2"},
				"down": {"uv": [0, 0, 0, 3], "rotation": 90, "texture": "#2"}
			}
		},
		{
			"from": [7.16667, -12, 5],
			"to": [7.16667, 8, 8],
			"rotation": {"angle": 45, "axis": "y", "origin": [8.83333, -4.66667, 9.5]},
			"faces": {
				"north": {"uv": [0, 0, 0, 16], "texture": "#3"},
				"east": {"uv": [0, 0, 3, 16], "texture": "#3"},
				"south": {"uv": [0, 0, 0, 16], "texture": "#3"},
				"west": {"uv": [0, 0, 3, 16], "texture": "#3"},
				"up": {"uv": [0, 0, 0, 3], "texture": "#3"},
				"down": {"uv": [0, 0, 0, 3], "texture": "#3"}
			}
		},
		{
			"from": [5.66667, -12, 6.5],
			"to": [8.66667, 8, 6.5],
			"rotation": {"angle": 45, "axis": "y", "origin": [8.83333, -4.66667, 9.5]},
			"faces": {
				"north": {"uv": [0, 0, 3, 16], "texture": "#3"},
				"east": {"uv": [0, 0, 0, 16], "texture": "#3"},
				"south": {"uv": [0, 0, 3, 16], "texture": "#3"},
				"west": {"uv": [0, 0, 0, 16], "texture": "#3"},
				"up": {"uv": [0, 0, 0, 3], "rotation": 270, "texture": "#3"},
				"down": {"uv": [0, 0, 0, 3], "rotation": 90, "texture": "#3"}
			}
		},
		{
			"from": [14.16667, -16, 7],
			"to": [14.16667, 4, 10],
			"rotation": {"angle": 45, "axis": "y", "origin": [8.83333, -4.66667, 9.5]},
			"faces": {
				"north": {"uv": [0, 0, 0, 16], "texture": "#1"},
				"east": {"uv": [0, 0, 3, 16], "texture": "#1"},
				"south": {"uv": [0, 0, 0, 16], "texture": "#1"},
				"west": {"uv": [0, 0, 3, 16], "texture": "#1"},
				"up": {"uv": [0, 0, 0, 3], "texture": "#1"},
				"down": {"uv": [0, 0, 0, 3], "texture": "#1"}
			}
		},
		{
			"from": [12.66667, -16, 8.5],
			"to": [15.66667, 4, 8.5],
			"rotation": {"angle": 45, "axis": "y", "origin": [8.83333, -4.66667, 9.5]},
			"faces": {
				"north": {"uv": [0, 0, 3, 16], "texture": "#1"},
				"east": {"uv": [0, 0, 0, 16], "texture": "#1"},
				"south": {"uv": [0, 0, 3, 16], "texture": "#1"},
				"west": {"uv": [0, 0, 0, 16], "texture": "#1"},
				"up": {"uv": [0, 0, 0, 3], "rotation": 270, "texture": "#1"},
				"down": {"uv": [0, 0, 0, 3], "rotation": 90, "texture": "#1"}
			}
		}
	],
	"display": {
		"fixed": {
			"rotation": [-90, 0, 0],
			"translation": [0, 0, 8]
		}
	},
	"groups": [
		{
			"name": "lily_4",
			"origin": [4, 11, 9.5],
			"children": [
				{
					"name": "group",
					"origin": [4, 11, 9.5],
					"children": [0, 1]
				},
				{
					"name": "group",
					"origin": [4, 11, 9.5],
					"children": [2, 3]
				},
				{
					"name": "group",
					"origin": [4, 11, 9.5],
					"children": [4, 5]
				}
			]
		}
	]
}