{
	"credit": "Made with Blockbench",
	"textures": {
		"0": "block/lily_pad",
		"1": "block/lily_b1",
		"3": "block/flower2",
		"4": "block/lily_pad10",
		"particle": "block/lily_pad"
	},
	"elements": [
		{
			"from": [0, 4, -2],
			"to": [8, 4, 6],
			"rotation": {"angle": 0, "axis": "y", "origin": [4, 4, 2]},
			"faces": {
				"north": {"uv": [0, 0, 8, 0], "texture": "#4"},
				"east": {"uv": [0, 0, 8, 0], "texture": "#4"},
				"south": {"uv": [0, 0, 8, 0], "texture": "#4"},
				"west": {"uv": [0, 0, 8, 0], "texture": "#4"},
				"up": {"uv": [0, 0, 8, 8], "texture": "#4"},
				"down": {"uv": [0, 0, 8, 8], "texture": "#4"}
			}
		},
		{
			"from": [3, -8, 2],
			"to": [5, 4, 2],
			"rotation": {"angle": 0, "axis": "y", "origin": [4, -2, 2]},
			"faces": {
				"north": {"uv": [0, 3, 2, 15], "texture": "#3"},
				"east": {"uv": [0, 3, 2, 15], "texture": "#3"},
				"south": {"uv": [0, 3, 2, 15], "texture": "#3"},
				"west": {"uv": [0, 3, 2, 15], "texture": "#3"},
				"up": {"uv": [0, 3, 2, 15], "texture": "#3"},
				"down": {"uv": [0, 3, 2, 15], "texture": "#3"}
			}
		},
		{
			"from": [4, -8, 1],
			"to": [4, 4, 3],
			"rotation": {"angle": 0, "axis": "y", "origin": [4, -2, 2]},
			"faces": {
				"north": {"uv": [0, 3, 2, 15], "texture": "#3"},
				"east": {"uv": [0, 3, 2, 15], "texture": "#3"},
				"south": {"uv": [0, 3, 2, 15], "texture": "#3"},
				"west": {"uv": [0, 3, 2, 15], "texture": "#3"},
				"up": {"uv": [0, 3, 2, 15], "texture": "#3"},
				"down": {"uv": [0, 3, 2, 15], "texture": "#3"}
			}
		},
		{
			"from": [-1, -16, 8],
			"to": [17, 0, 8],
			"rotation": {"angle": -45, "axis": "y", "origin": [8, -8, 8]},
			"faces": {
				"north": {"uv": [0, 0, 16, 16], "rotation": 180, "texture": "#1"},
				"east": {"uv": [0, 0, 16, 0], "rotation": 270, "texture": "#1"},
				"south": {"uv": [0, 0, 16, 16], "rotation": 180, "texture": "#1"},
				"west": {"uv": [0, 0, 16, 0], "rotation": 90, "texture": "#1"},
				"up": {"uv": [0, 0, 16, 0], "rotation": 180, "texture": "#1"},
				"down": {"uv": [0, 0, 16, 0], "texture": "#1"}
			}
		},
		{
			"from": [8, -16, -1],
			"to": [8, 0, 17],
			"rotation": {"angle": -45, "axis": "y", "origin": [8, -8, 8]},
			"faces": {
				"north": {"uv": [0, 0, 16, 0], "rotation": 90, "texture": "#1"},
				"east": {"uv": [0, 0, 16, 16], "rotation": 180, "texture": "#1"},
				"south": {"uv": [0, 0, 16, 0], "rotation": 270, "texture": "#1"},
				"west": {"uv": [0, 0, 16, 16], "rotation": 180, "texture": "#1"},
				"up": {"uv": [0, 0, 16, 0], "rotation": 270, "texture": "#1"},
				"down": {"uv": [0, 0, 16, 0], "rotation": 270, "texture": "#1"}
			}
		},
		{
			"from": [0, 0, 0],
			"to": [16, 0, 16],
			"rotation": {"angle": 0, "axis": "y", "origin": [8, 0, 8]},
			"faces": {
				"north": {"uv": [0, 0, 16, 0], "texture": "#0"},
				"east": {"uv": [0, 0, 16, 0], "texture": "#0"},
				"south": {"uv": [0, 0, 16, 0], "texture": "#0"},
				"west": {"uv": [0, 0, 16, 0], "texture": "#0"},
				"up": {"uv": [0, 0, 16, 16], "rotation": 90, "texture": "#0"},
				"down": {"uv": [0, 0, 16, 16], "rotation": 270, "texture": "#0"}
			}
		},
		{
			"from": [12, 1, 6],
			"to": [20, 1, 14],
			"rotation": {"angle": 0, "axis": "y", "origin": [16, 1, 10]},
			"faces": {
				"north": {"uv": [0, 0, 8, 0], "texture": "#4"},
				"east": {"uv": [0, 0, 8, 0], "texture": "#4"},
				"south": {"uv": [0, 0, 8, 0], "texture": "#4"},
				"west": {"uv": [0, 0, 8, 0], "texture": "#4"},
				"up": {"uv": [0, 0, 8, 8], "rotation": 270, "texture": "#4"},
				"down": {"uv": [0, 0, 8, 8], "rotation": 90, "texture": "#4"}
			}
		},
		{
			"from": [16, -11, 9],
			"to": [16, 1, 11],
			"rotation": {"angle": 0, "axis": "y", "origin": [16, -5, 10]},
			"faces": {
				"north": {"uv": [0, 3, 2, 15], "texture": "#3"},
				"east": {"uv": [0, 3, 2, 15], "texture": "#3"},
				"south": {"uv": [0, 3, 2, 15], "texture": "#3"},
				"west": {"uv": [0, 3, 2, 15], "texture": "#3"},
				"up": {"uv": [0, 3, 2, 15], "rotation": 270, "texture": "#3"},
				"down": {"uv": [0, 3, 2, 15], "rotation": 90, "texture": "#3"}
			}
		},
		{
			"from": [15, -11, 10],
			"to": [17, 1, 10],
			"rotation": {"angle": 0, "axis": "y", "origin": [16, -5, 10]},
			"faces": {
				"north": {"uv": [0, 3, 2, 15], "texture": "#3"},
				"east": {"uv": [0, 3, 2, 15], "texture": "#3"},
				"south": {"uv": [0, 3, 2, 15], "texture": "#3"},
				"west": {"uv": [0, 3, 2, 15], "texture": "#3"},
				"up": {"uv": [0, 3, 2, 15], "rotation": 270, "texture": "#3"},
				"down": {"uv": [0, 3, 2, 15], "rotation": 90, "texture": "#3"}
			}
		}
	],
	"display": {
		"fixed": {
			"rotation": [-90, 0, 0],
			"translation": [0, 0, 8]
		}
	},
	"groups": [
		{
			"name": "group",
			"origin": [8, 8, 14],
			"children": [0, 1, 2]
		},
		{
			"name": "lily_1",
			"origin": [8, 16, 8],
			"children": [
				{
					"name": "group",
					"origin": [8, 8, 8],
					"children": [3, 4]
				}, 5]
		},
		{
			"name": "group",
			"origin": [8, 8, 14],
			"children": [6, 7, 8]
		}
	]
}