{
	"credit": "Made with Blockbench",
	"textures": {
		"3": "block/flower2",
		"4": "block/lily_pad10",
		"particle": "block/lily_pad1"
	},
	"elements": [
		{
			"from": [4, 0, 5],
			"to": [12, 0, 13],
			"rotation": {"angle": 0, "axis": "y", "origin": [8, -4, 9]},
			"faces": {
				"north": {"uv": [0, 0, 8, 0], "texture": "#4"},
				"east": {"uv": [0, 0, 8, 0], "texture": "#4"},
				"south": {"uv": [0, 0, 8, 0], "texture": "#4"},
				"west": {"uv": [0, 0, 8, 0], "texture": "#4"},
				"up": {"uv": [0, 0, 8, 8], "rotation": 90, "texture": "#4"},
				"down": {"uv": [0, 0, 8, 8], "rotation": 270, "texture": "#4"}
			}
		},
		{
			"from": [8, -12, 8],
			"to": [8, 0, 10],
			"rotation": {"angle": 0, "axis": "y", "origin": [8, -4, 9]},
			"faces": {
				"north": {"uv": [0, 3, 2, 15], "texture": "#3"},
				"east": {"uv": [0, 3, 2, 15], "texture": "#3"},
				"south": {"uv": [0, 3, 2, 15], "texture": "#3"},
				"west": {"uv": [0, 3, 2, 15], "texture": "#3"},
				"up": {"uv": [0, 3, 2, 15], "rotation": 90, "texture": "#3"},
				"down": {"uv": [0, 3, 2, 15], "rotation": 270, "texture": "#3"}
			}
		},
		{
			"from": [7, -12, 9],
			"to": [9, 0, 9],
			"rotation": {"angle": 0, "axis": "y", "origin": [8, -4, 9]},
			"faces": {
				"north": {"uv": [0, 3, 2, 15], "texture": "#3"},
				"east": {"uv": [0, 3, 2, 15], "texture": "#3"},
				"south": {"uv": [0, 3, 2, 15], "texture": "#3"},
				"west": {"uv": [0, 3, 2, 15], "texture": "#3"},
				"up": {"uv": [0, 3, 2, 15], "rotation": 90, "texture": "#3"},
				"down": {"uv": [0, 3, 2, 15], "rotation": 270, "texture": "#3"}
			}
		}
	],
	"display": {
		"fixed": {
			"rotation": [-90, 0, 0],
			"translation": [0, 0, 8]
		}
	},
	"groups": [
		{
			"name": "group",
			"origin": [8, 8, 14],
			"children": [0, 1, 2]
		}
	]
}