{
	"credit": "Made with Blockbench",
	"textures": {
		"2": "block/flower",
		"6": "block/lily_pad3",
		"7": "block/lily_b3",
		"particle": "block/texture"
	},
	"elements": [
		{
			"from": [4, 0, 4],
			"to": [8, 5, 4],
			"rotation": {"angle": -45, "axis": "y", "origin": [6, 2.5, 4]},
			"faces": {
				"north": {"uv": [0, 0, 4, 5], "texture": "#2"},
				"east": {"uv": [0, 0, 0, 5], "texture": "#2"},
				"south": {"uv": [0, 0, 4, 5], "texture": "#2"},
				"west": {"uv": [0, 0, 0, 5], "texture": "#2"},
				"up": {"uv": [0, 0, 4, 0], "texture": "#2"},
				"down": {"uv": [0, 0, 4, 0], "texture": "#2"}
			}
		},
		{
			"from": [6, 0, 2],
			"to": [6, 5, 6],
			"rotation": {"angle": -45, "axis": "y", "origin": [6, 2.5, 4]},
			"faces": {
				"north": {"uv": [0, 0, 0, 5], "texture": "#2"},
				"east": {"uv": [0, 0, 4, 5], "texture": "#2"},
				"south": {"uv": [0, 0, 0, 5], "texture": "#2"},
				"west": {"uv": [0, 0, 4, 5], "texture": "#2"},
				"up": {"uv": [0, 0, 4, 0], "rotation": 90, "texture": "#2"},
				"down": {"uv": [0, 0, 4, 0], "rotation": 270, "texture": "#2"}
			}
		},
		{
			"from": [-1, -16, 8],
			"to": [17, 0, 8],
			"rotation": {"angle": -45, "axis": "y", "origin": [8, -8, 8]},
			"faces": {
				"north": {"uv": [0, 0, 16, 16], "rotation": 180, "texture": "#7"},
				"east": {"uv": [0, 0, 16, 0], "rotation": 270, "texture": "#7"},
				"south": {"uv": [0, 0, 16, 16], "rotation": 180, "texture": "#7"},
				"west": {"uv": [0, 0, 16, 0], "rotation": 90, "texture": "#7"},
				"up": {"uv": [0, 0, 16, 0], "rotation": 180, "texture": "#7"},
				"down": {"uv": [0, 0, 16, 0], "texture": "#7"}
			}
		},
		{
			"from": [8, -16, -1],
			"to": [8, 0, 17],
			"rotation": {"angle": -45, "axis": "y", "origin": [8, -8, 8]},
			"faces": {
				"north": {"uv": [0, 0, 16, 0], "rotation": 90, "texture": "#7"},
				"east": {"uv": [0, 0, 16, 16], "rotation": 180, "texture": "#7"},
				"south": {"uv": [0, 0, 16, 0], "rotation": 270, "texture": "#7"},
				"west": {"uv": [0, 0, 16, 16], "rotation": 180, "texture": "#7"},
				"up": {"uv": [0, 0, 16, 0], "rotation": 270, "texture": "#7"},
				"down": {"uv": [0, 0, 16, 0], "rotation": 270, "texture": "#7"}
			}
		},
		{
			"from": [0, 0, 0],
			"to": [16, 0, 16],
			"rotation": {"angle": 0, "axis": "y", "origin": [8, 0, 8]},
			"faces": {
				"north": {"uv": [0, 0, 16, 0], "texture": "#6"},
				"east": {"uv": [0, 0, 16, 0], "texture": "#6"},
				"south": {"uv": [0, 0, 16, 0], "texture": "#6"},
				"west": {"uv": [0, 0, 16, 0], "texture": "#6"},
				"up": {"uv": [0, 0, 16, 16], "texture": "#6"},
				"down": {"uv": [0, 0, 16, 16], "texture": "#6"}
			}
		}
	],
	"display": {
		"fixed": {
			"rotation": [-90, 0, 0],
			"translation": [0, 0, 8]
		}
	},
	"groups": [
		{
			"name": "lily_3",
			"origin": [8, 16, 8],
			"children": [
				{
					"name": "group",
					"origin": [7, 18.5, 7],
					"children": [0, 1]
				},
				{
					"name": "group",
					"origin": [8, 8, 8],
					"children": [2, 3]
				}, 4]
		}
	]
}