{
	"credit": "Made with Blockbench",
	"textures": {
		"0": "block/flower6",
		"particle": "block/flower6"
	},
	"elements": [
		{
			"from": [0, -10, 8],
			"to": [16, 6, 8],
			"rotation": {"angle": 45, "axis": "y", "origin": [8, -2, 9]},
			"faces": {
				"north": {"uv": [0, 0, 16, 16], "texture": "#0"},
				"east": {"uv": [0, 0, 0, 16], "texture": "#0"},
				"south": {"uv": [0, 0, 16, 16], "texture": "#0"},
				"west": {"uv": [0, 0, 0, 16], "texture": "#0"},
				"up": {"uv": [0, 0, 16, 0], "texture": "#0"},
				"down": {"uv": [0, 0, 16, 0], "texture": "#0"}
			}
		},
		{
			"from": [9, -10, 1],
			"to": [9, 6, 17],
			"rotation": {"angle": 45, "axis": "y", "origin": [8, -2, 9]},
			"faces": {
				"north": {"uv": [0, 0, 0, 16], "texture": "#0"},
				"east": {"uv": [0, 0, 16, 16], "texture": "#0"},
				"south": {"uv": [0, 0, 0, 16], "texture": "#0"},
				"west": {"uv": [0, 0, 16, 16], "texture": "#0"},
				"up": {"uv": [0, 0, 16, 0], "rotation": 90, "texture": "#0"},
				"down": {"uv": [0, 0, 16, 0], "rotation": 270, "texture": "#0"}
			}
		}
	],
	"groups": [
		{
			"name": "group",
			"origin": [8, -4, 9],
			"children": [0, 1]
		}
	]
}