{
	"credit": "Made with Blockbench",
	"textures": {
		"4": "block/lily_pad1",
		"5": "block/lily_b1",
		"particle": "block/texture"
	},
	"elements": [
		{
			"from": [-1, -16, 8],
			"to": [17, 0, 8],
			"rotation": {"angle": -45, "axis": "y", "origin": [8, -1, 8]},
			"faces": {
				"north": {"uv": [0, 0, 16, 16], "rotation": 180, "texture": "#5"},
				"east": {"uv": [0, 0, 16, 0], "rotation": 270, "texture": "#5"},
				"south": {"uv": [0, 0, 16, 16], "rotation": 180, "texture": "#5"},
				"west": {"uv": [0, 0, 16, 0], "rotation": 90, "texture": "#5"},
				"up": {"uv": [0, 0, 16, 0], "rotation": 180, "texture": "#5"},
				"down": {"uv": [0, 0, 16, 0], "texture": "#5"}
			}
		},
		{
			"from": [8, -16, -1],
			"to": [8, 0, 17],
			"rotation": {"angle": -45, "axis": "y", "origin": [8, -1, 8]},
			"faces": {
				"north": {"uv": [0, 0, 16, 0], "rotation": 90, "texture": "#5"},
				"east": {"uv": [0, 0, 16, 16], "rotation": 180, "texture": "#5"},
				"south": {"uv": [0, 0, 16, 0], "rotation": 270, "texture": "#5"},
				"west": {"uv": [0, 0, 16, 16], "rotation": 180, "texture": "#5"},
				"up": {"uv": [0, 0, 16, 0], "rotation": 270, "texture": "#5"},
				"down": {"uv": [0, 0, 16, 0], "rotation": 270, "texture": "#5"}
			}
		},
		{
			"from": [0, 0, 0],
			"to": [16, 0, 16],
			"rotation": {"angle": 0, "axis": "y", "origin": [8, 7, 8]},
			"faces": {
				"north": {"uv": [0, 0, 16, 0], "texture": "#4"},
				"east": {"uv": [0, 0, 16, 0], "texture": "#4"},
				"south": {"uv": [0, 0, 16, 0], "texture": "#4"},
				"west": {"uv": [0, 0, 16, 0], "texture": "#4"},
				"up": {"uv": [0, 0, 16, 16], "texture": "#4"},
				"down": {"uv": [0, 0, 16, 16], "texture": "#4"}
			}
		}
	],
	"display": {
		"fixed": {
			"rotation": [-90, 0, 0],
			"translation": [0, 0, 8]
		}
	},
	"groups": [
		{
			"name": "lily_2",
			"origin": [8, 16, 8],
			"children": [
				{
					"name": "group",
					"origin": [8, 8, 8],
					"children": [0, 1]
				}, 2]
		}
	]
}