{
	"credit": "Modelled by Arctic",
	"textures": {
		"0": "block/barrel_bottom",
		"1": "block/barrel_side",
		"2": "block/barrel_top_open",
		"3": "block/bone_block_side",
		"4": "block/dried_kelp_side",
		"5": "block/flower_pot",
		"particle": "block/barrel_bottom"
	},
	"elements": [
		{
			"from": [10.97143, 0, 10.57143],
			"to": [14.97143, 5, 11.57143],
			"rotation": {"angle": 0, "axis": "y", "origin": [7.98571, 4.5, 7.28571]},
			"faces": {
				"north": {"uv": [0, 0, 4, 5], "texture": "#1"},
				"east": {"uv": [1, 2, 2, 7], "texture": "#1"},
				"south": {"uv": [4, 2, 8, 7], "texture": "#1"},
				"west": {"uv": [0, 2, 1, 7], "texture": "#1"},
				"up": {"uv": [0, 0, 4, 1], "rotation": 180, "texture": "#1"},
				"down": {"uv": [0, 0, 4, 1], "rotation": 180, "texture": "#1"}
			}
		},
		{
			"from": [10.97143, 0, 7.57143],
			"to": [14.97143, 5, 8.57143],
			"rotation": {"angle": 0, "axis": "y", "origin": [7.98571, 4.5, 7.28571]},
			"faces": {
				"north": {"uv": [0, 2, 4, 7], "texture": "#1"},
				"east": {"uv": [4, 2, 5, 7], "texture": "#1"},
				"south": {"uv": [0, 0, 4, 5], "texture": "#1"},
				"west": {"uv": [0, 2, 1, 7], "texture": "#1"},
				"up": {"uv": [0, 0, 4, 1], "rotation": 180, "texture": "#1"},
				"down": {"uv": [0, 0, 4, 1], "rotation": 180, "texture": "#0"}
			}
		},
		{
			"from": [13.97143, 0, 8.57143],
			"to": [14.97143, 5, 10.57143],
			"rotation": {"angle": 0, "axis": "y", "origin": [7.98571, 4.5, 7.28571]},
			"faces": {
				"north": {"uv": [0, 0, 1, 5], "texture": "#missing"},
				"east": {"uv": [2, 2, 4, 7], "texture": "#1"},
				"south": {"uv": [0, 0, 1, 5], "texture": "#missing"},
				"west": {"uv": [0, 0, 2, 5], "texture": "#1"},
				"up": {"uv": [0, 0, 1, 2], "rotation": 180, "texture": "#2"},
				"down": {"uv": [0, 0, 1, 2], "rotation": 180, "texture": "#0"}
			}
		},
		{
			"from": [10.97143, 0, 8.57143],
			"to": [11.97143, 5, 10.57143],
			"rotation": {"angle": 0, "axis": "y", "origin": [7.98571, 4.5, 7.28571]},
			"faces": {
				"north": {"uv": [0, 0, 1, 5], "texture": "#missing"},
				"east": {"uv": [0, 0, 2, 5], "texture": "#1"},
				"south": {"uv": [0, 0, 1, 5], "texture": "#missing"},
				"west": {"uv": [2, 2, 4, 7], "texture": "#1"},
				"up": {"uv": [0, 0, 1, 2], "rotation": 180, "texture": "#2"},
				"down": {"uv": [0, 0, 1, 2], "rotation": 180, "texture": "#0"}
			}
		},
		{
			"from": [12.97143, 0, 11.57143],
			"to": [13.97143, 1, 12.57143],
			"rotation": {"angle": 0, "axis": "y", "origin": [7.98571, 4.5, 7.28571]},
			"faces": {
				"north": {"uv": [0, 0, 1, 1], "texture": "#1"},
				"east": {"uv": [0, 0, 1, 1], "texture": "#1"},
				"south": {"uv": [0, 0, 1, 1], "texture": "#1"},
				"west": {"uv": [0, 0, 1, 1], "texture": "#1"},
				"up": {"uv": [0, 0, 1, 1], "rotation": 180, "texture": "#1"},
				"down": {"uv": [0, 0, 1, 1], "rotation": 180, "texture": "#1"}
			}
		},
		{
			"from": [12.97143, 4, 11.57143],
			"to": [13.97143, 5, 12.57143],
			"rotation": {"angle": 0, "axis": "y", "origin": [7.98571, 4.5, 7.28571]},
			"faces": {
				"north": {"uv": [0, 0, 1, 1], "texture": "#1"},
				"east": {"uv": [0, 0, 1, 1], "texture": "#1"},
				"south": {"uv": [0, 0, 1, 1], "texture": "#1"},
				"west": {"uv": [0, 0, 1, 1], "texture": "#1"},
				"up": {"uv": [0, 0, 1, 1], "rotation": 180, "texture": "#1"},
				"down": {"uv": [0, 0, 1, 1], "rotation": 180, "texture": "#1"}
			}
		},
		{
			"from": [12.97143, 0, 12.57143],
			"to": [13.97143, 5, 13.57143],
			"rotation": {"angle": 0, "axis": "y", "origin": [7.98571, 4.5, 7.28571]},
			"faces": {
				"north": {"uv": [2, 6, 3, 11], "texture": "#1"},
				"east": {"uv": [0, 5, 1, 10], "texture": "#1"},
				"south": {"uv": [1, 6, 2, 11], "texture": "#1"},
				"west": {"uv": [0, 6, 1, 11], "texture": "#1"},
				"up": {"uv": [0, 0, 1, 1], "rotation": 180, "texture": "#1"},
				"down": {"uv": [0, 0, 1, 1], "rotation": 180, "texture": "#1"}
			}
		},
		{
			"from": [5.97143, 0, 3.57143],
			"to": [9.97143, 5, 4.57143],
			"rotation": {"angle": 0, "axis": "y", "origin": [7.98571, 4.5, 7.28571]},
			"faces": {
				"north": {"uv": [0, 0, 4, 5], "texture": "#1"},
				"east": {"uv": [1, 2, 2, 7], "texture": "#1"},
				"south": {"uv": [4, 2, 8, 7], "texture": "#1"},
				"west": {"uv": [0, 2, 1, 7], "texture": "#1"},
				"up": {"uv": [0, 0, 4, 1], "rotation": 180, "texture": "#1"},
				"down": {"uv": [0, 0, 4, 1], "rotation": 180, "texture": "#1"}
			}
		},
		{
			"from": [5.97143, 0, 0.57143],
			"to": [9.97143, 5, 1.57143],
			"rotation": {"angle": 0, "axis": "y", "origin": [7.98571, 4.5, 7.28571]},
			"faces": {
				"north": {"uv": [0, 2, 4, 7], "texture": "#1"},
				"east": {"uv": [4, 2, 5, 7], "texture": "#1"},
				"south": {"uv": [0, 0, 4, 5], "texture": "#1"},
				"west": {"uv": [0, 2, 1, 7], "texture": "#1"},
				"up": {"uv": [0, 0, 4, 1], "rotation": 180, "texture": "#1"},
				"down": {"uv": [0, 0, 4, 1], "rotation": 180, "texture": "#0"}
			}
		},
		{
			"from": [8.97143, 0, 1.57143],
			"to": [9.97143, 5, 3.57143],
			"rotation": {"angle": 0, "axis": "y", "origin": [7.98571, 4.5, 7.28571]},
			"faces": {
				"north": {"uv": [0, 0, 1, 5], "texture": "#missing"},
				"east": {"uv": [2, 2, 4, 7], "texture": "#1"},
				"south": {"uv": [0, 0, 1, 5], "texture": "#missing"},
				"west": {"uv": [0, 0, 2, 5], "texture": "#1"},
				"up": {"uv": [0, 0, 1, 2], "rotation": 180, "texture": "#2"},
				"down": {"uv": [0, 0, 1, 2], "rotation": 180, "texture": "#0"}
			}
		},
		{
			"from": [5.97143, 0, 1.57143],
			"to": [6.97143, 5, 3.57143],
			"rotation": {"angle": 0, "axis": "y", "origin": [7.98571, 4.5, 7.28571]},
			"faces": {
				"north": {"uv": [0, 0, 1, 5], "texture": "#missing"},
				"east": {"uv": [0, 0, 2, 5], "texture": "#1"},
				"south": {"uv": [0, 0, 1, 5], "texture": "#missing"},
				"west": {"uv": [2, 2, 4, 7], "texture": "#1"},
				"up": {"uv": [0, 0, 1, 2], "rotation": 180, "texture": "#2"},
				"down": {"uv": [0, 0, 1, 2], "rotation": 180, "texture": "#0"}
			}
		},
		{
			"from": [7.97143, 0, 4.57143],
			"to": [8.97143, 1, 5.57143],
			"rotation": {"angle": 0, "axis": "y", "origin": [7.98571, 4.5, 7.28571]},
			"faces": {
				"north": {"uv": [0, 0, 1, 1], "texture": "#1"},
				"east": {"uv": [0, 0, 1, 1], "texture": "#1"},
				"south": {"uv": [0, 0, 1, 1], "texture": "#1"},
				"west": {"uv": [0, 0, 1, 1], "texture": "#1"},
				"up": {"uv": [0, 0, 1, 1], "rotation": 180, "texture": "#1"},
				"down": {"uv": [0, 0, 1, 1], "rotation": 180, "texture": "#1"}
			}
		},
		{
			"from": [7.97143, 4, 4.57143],
			"to": [8.97143, 5, 5.57143],
			"rotation": {"angle": 0, "axis": "y", "origin": [7.98571, 4.5, 7.28571]},
			"faces": {
				"north": {"uv": [0, 0, 1, 1], "texture": "#1"},
				"east": {"uv": [0, 0, 1, 1], "texture": "#1"},
				"south": {"uv": [0, 0, 1, 1], "texture": "#1"},
				"west": {"uv": [0, 0, 1, 1], "texture": "#1"},
				"up": {"uv": [0, 0, 1, 1], "rotation": 180, "texture": "#1"},
				"down": {"uv": [0, 0, 1, 1], "rotation": 180, "texture": "#1"}
			}
		},
		{
			"from": [7.97143, 0, 5.57143],
			"to": [8.97143, 5, 6.57143],
			"rotation": {"angle": 0, "axis": "y", "origin": [7.98571, 4.5, 7.28571]},
			"faces": {
				"north": {"uv": [2, 6, 3, 11], "texture": "#1"},
				"east": {"uv": [0, 5, 1, 10], "texture": "#1"},
				"south": {"uv": [1, 6, 2, 11], "texture": "#1"},
				"west": {"uv": [0, 6, 1, 11], "texture": "#1"},
				"up": {"uv": [0, 0, 1, 1], "rotation": 180, "texture": "#1"},
				"down": {"uv": [0, 0, 1, 1], "rotation": 180, "texture": "#1"}
			}
		},
		{
			"from": [0.97143, 0, 10.57143],
			"to": [4.97143, 5, 11.57143],
			"rotation": {"angle": 0, "axis": "y", "origin": [7.98571, 4.5, 7.28571]},
			"faces": {
				"north": {"uv": [0, 0, 4, 5], "texture": "#1"},
				"east": {"uv": [1, 2, 2, 7], "texture": "#1"},
				"south": {"uv": [4, 2, 8, 7], "texture": "#1"},
				"west": {"uv": [0, 2, 1, 7], "texture": "#1"},
				"up": {"uv": [0, 0, 4, 1], "rotation": 180, "texture": "#1"},
				"down": {"uv": [0, 0, 4, 1], "rotation": 180, "texture": "#1"}
			}
		},
		{
			"from": [0.97143, 0, 7.57143],
			"to": [4.97143, 5, 8.57143],
			"rotation": {"angle": 0, "axis": "y", "origin": [7.98571, 4.5, 7.28571]},
			"faces": {
				"north": {"uv": [0, 2, 4, 7], "texture": "#1"},
				"east": {"uv": [4, 2, 5, 7], "texture": "#1"},
				"south": {"uv": [0, 0, 4, 5], "texture": "#1"},
				"west": {"uv": [0, 2, 1, 7], "texture": "#1"},
				"up": {"uv": [0, 0, 4, 1], "rotation": 180, "texture": "#1"},
				"down": {"uv": [0, 0, 4, 1], "rotation": 180, "texture": "#0"}
			}
		},
		{
			"from": [3.97143, 0, 8.57143],
			"to": [4.97143, 5, 10.57143],
			"rotation": {"angle": 0, "axis": "y", "origin": [7.98571, 4.5, 7.28571]},
			"faces": {
				"north": {"uv": [0, 0, 1, 5], "texture": "#missing"},
				"east": {"uv": [2, 2, 4, 7], "texture": "#1"},
				"south": {"uv": [0, 0, 1, 5], "texture": "#missing"},
				"west": {"uv": [0, 0, 2, 5], "texture": "#1"},
				"up": {"uv": [0, 0, 1, 2], "rotation": 180, "texture": "#2"},
				"down": {"uv": [0, 0, 1, 2], "rotation": 180, "texture": "#0"}
			}
		},
		{
			"from": [0.97143, 0, 8.57143],
			"to": [1.97143, 5, 10.57143],
			"rotation": {"angle": 0, "axis": "y", "origin": [7.98571, 4.5, 7.28571]},
			"faces": {
				"north": {"uv": [0, 0, 1, 5], "texture": "#missing"},
				"east": {"uv": [0, 0, 2, 5], "texture": "#1"},
				"south": {"uv": [0, 0, 1, 5], "texture": "#missing"},
				"west": {"uv": [2, 2, 4, 7], "texture": "#1"},
				"up": {"uv": [0, 0, 1, 2], "rotation": 180, "texture": "#2"},
				"down": {"uv": [0, 0, 1, 2], "rotation": 180, "texture": "#0"}
			}
		},
		{
			"from": [2.97143, 0, 11.57143],
			"to": [3.97143, 1, 12.57143],
			"rotation": {"angle": 0, "axis": "y", "origin": [7.98571, 4.5, 7.28571]},
			"faces": {
				"north": {"uv": [0, 0, 1, 1], "texture": "#1"},
				"east": {"uv": [0, 0, 1, 1], "texture": "#1"},
				"south": {"uv": [0, 0, 1, 1], "texture": "#1"},
				"west": {"uv": [0, 0, 1, 1], "texture": "#1"},
				"up": {"uv": [0, 0, 1, 1], "rotation": 180, "texture": "#1"},
				"down": {"uv": [0, 0, 1, 1], "rotation": 180, "texture": "#1"}
			}
		},
		{
			"from": [2.97143, 4, 11.57143],
			"to": [3.97143, 5, 12.57143],
			"rotation": {"angle": 0, "axis": "y", "origin": [7.98571, 4.5, 7.28571]},
			"faces": {
				"north": {"uv": [0, 0, 1, 1], "texture": "#1"},
				"east": {"uv": [0, 0, 1, 1], "texture": "#1"},
				"south": {"uv": [0, 0, 1, 1], "texture": "#1"},
				"west": {"uv": [0, 0, 1, 1], "texture": "#1"},
				"up": {"uv": [0, 0, 1, 1], "rotation": 180, "texture": "#1"},
				"down": {"uv": [0, 0, 1, 1], "rotation": 180, "texture": "#1"}
			}
		},
		{
			"from": [2.97143, 0, 12.57143],
			"to": [3.97143, 5, 13.57143],
			"rotation": {"angle": 0, "axis": "y", "origin": [7.98571, 4.5, 7.28571]},
			"faces": {
				"north": {"uv": [2, 6, 3, 11], "texture": "#1"},
				"east": {"uv": [0, 5, 1, 10], "texture": "#1"},
				"south": {"uv": [1, 6, 2, 11], "texture": "#1"},
				"west": {"uv": [0, 6, 1, 11], "texture": "#1"},
				"up": {"uv": [0, 0, 1, 1], "rotation": 180, "texture": "#1"},
				"down": {"uv": [0, 0, 1, 1], "rotation": 180, "texture": "#1"}
			}
		},
		{
			"from": [2.97143, 5, 3.57143],
			"to": [6.97143, 10, 4.57143],
			"rotation": {"angle": 0, "axis": "y", "origin": [7.98571, 4.5, 7.28571]},
			"faces": {
				"north": {"uv": [0, 0, 4, 5], "texture": "#1"},
				"east": {"uv": [1, 2, 2, 7], "texture": "#1"},
				"south": {"uv": [4, 2, 8, 7], "texture": "#1"},
				"west": {"uv": [0, 2, 1, 7], "texture": "#1"},
				"up": {"uv": [0, 0, 4, 1], "rotation": 180, "texture": "#1"},
				"down": {"uv": [0, 0, 4, 1], "rotation": 180, "texture": "#1"}
			}
		},
		{
			"from": [2.97143, 5, 0.57143],
			"to": [6.97143, 10, 1.57143],
			"rotation": {"angle": 0, "axis": "y", "origin": [7.98571, 4.5, 7.28571]},
			"faces": {
				"north": {"uv": [0, 2, 4, 7], "texture": "#1"},
				"east": {"uv": [4, 2, 5, 7], "texture": "#1"},
				"south": {"uv": [0, 0, 4, 5], "texture": "#1"},
				"west": {"uv": [0, 2, 1, 7], "texture": "#1"},
				"up": {"uv": [0, 0, 4, 1], "rotation": 180, "texture": "#1"},
				"down": {"uv": [0, 0, 4, 1], "rotation": 180, "texture": "#0"}
			}
		},
		{
			"from": [5.97143, 5, 1.57143],
			"to": [6.97143, 10, 3.57143],
			"rotation": {"angle": 0, "axis": "y", "origin": [7.98571, 4.5, 7.28571]},
			"faces": {
				"north": {"uv": [0, 0, 1, 5], "texture": "#missing"},
				"east": {"uv": [2, 2, 4, 7], "texture": "#1"},
				"south": {"uv": [0, 0, 1, 5], "texture": "#missing"},
				"west": {"uv": [0, 0, 2, 5], "texture": "#1"},
				"up": {"uv": [0, 0, 1, 2], "rotation": 180, "texture": "#2"},
				"down": {"uv": [0, 0, 1, 2], "rotation": 180, "texture": "#0"}
			}
		},
		{
			"from": [2.97143, 5, 1.57143],
			"to": [3.97143, 10, 3.57143],
			"rotation": {"angle": 0, "axis": "y", "origin": [7.98571, 4.5, 7.28571]},
			"faces": {
				"north": {"uv": [0, 0, 1, 5], "texture": "#missing"},
				"east": {"uv": [0, 0, 2, 5], "texture": "#1"},
				"south": {"uv": [0, 0, 1, 5], "texture": "#missing"},
				"west": {"uv": [2, 2, 4, 7], "texture": "#1"},
				"up": {"uv": [0, 0, 1, 2], "rotation": 180, "texture": "#2"},
				"down": {"uv": [0, 0, 1, 2], "rotation": 180, "texture": "#0"}
			}
		},
		{
			"from": [4.97143, 5, 4.57143],
			"to": [5.97143, 6, 5.57143],
			"rotation": {"angle": 0, "axis": "y", "origin": [7.98571, 4.5, 7.28571]},
			"faces": {
				"north": {"uv": [0, 0, 1, 1], "texture": "#1"},
				"east": {"uv": [0, 0, 1, 1], "texture": "#1"},
				"south": {"uv": [0, 0, 1, 1], "texture": "#1"},
				"west": {"uv": [0, 0, 1, 1], "texture": "#1"},
				"up": {"uv": [0, 0, 1, 1], "rotation": 180, "texture": "#1"},
				"down": {"uv": [0, 0, 1, 1], "rotation": 180, "texture": "#1"}
			}
		},
		{
			"from": [4.97143, 9, 4.57143],
			"to": [5.97143, 10, 5.57143],
			"rotation": {"angle": 0, "axis": "y", "origin": [7.98571, 4.5, 7.28571]},
			"faces": {
				"north": {"uv": [0, 0, 1, 1], "texture": "#1"},
				"east": {"uv": [0, 0, 1, 1], "texture": "#1"},
				"south": {"uv": [0, 0, 1, 1], "texture": "#1"},
				"west": {"uv": [0, 0, 1, 1], "texture": "#1"},
				"up": {"uv": [0, 0, 1, 1], "rotation": 180, "texture": "#1"},
				"down": {"uv": [0, 0, 1, 1], "rotation": 180, "texture": "#1"}
			}
		},
		{
			"from": [4.97143, 5, 5.57143],
			"to": [5.97143, 10, 6.57143],
			"rotation": {"angle": 0, "axis": "y", "origin": [7.98571, 4.5, 7.28571]},
			"faces": {
				"north": {"uv": [2, 6, 3, 11], "texture": "#1"},
				"east": {"uv": [0, 5, 1, 10], "texture": "#1"},
				"south": {"uv": [1, 6, 2, 11], "texture": "#1"},
				"west": {"uv": [0, 6, 1, 11], "texture": "#1"},
				"up": {"uv": [0, 0, 1, 1], "rotation": 180, "texture": "#1"},
				"down": {"uv": [0, 0, 1, 1], "rotation": 180, "texture": "#1"}
			}
		},
		{
			"from": [7.97143, 5, 10.57143],
			"to": [11.97143, 10, 11.57143],
			"rotation": {"angle": 0, "axis": "y", "origin": [7.98571, 4.5, 7.28571]},
			"faces": {
				"north": {"uv": [0, 0, 4, 5], "texture": "#1"},
				"east": {"uv": [1, 2, 2, 7], "texture": "#1"},
				"south": {"uv": [4, 2, 8, 7], "texture": "#1"},
				"west": {"uv": [0, 2, 1, 7], "texture": "#1"},
				"up": {"uv": [0, 0, 4, 1], "rotation": 180, "texture": "#1"},
				"down": {"uv": [0, 0, 4, 1], "rotation": 180, "texture": "#1"}
			}
		},
		{
			"from": [7.97143, 5, 7.57143],
			"to": [11.97143, 10, 8.57143],
			"rotation": {"angle": 0, "axis": "y", "origin": [7.98571, 4.5, 7.28571]},
			"faces": {
				"north": {"uv": [0, 2, 4, 7], "texture": "#1"},
				"east": {"uv": [4, 2, 5, 7], "texture": "#1"},
				"south": {"uv": [0, 0, 4, 5], "texture": "#1"},
				"west": {"uv": [0, 2, 1, 7], "texture": "#1"},
				"up": {"uv": [0, 0, 4, 1], "rotation": 180, "texture": "#1"},
				"down": {"uv": [0, 0, 4, 1], "rotation": 180, "texture": "#0"}
			}
		},
		{
			"from": [10.97143, 5, 8.57143],
			"to": [11.97143, 10, 10.57143],
			"rotation": {"angle": 0, "axis": "y", "origin": [7.98571, 4.5, 7.28571]},
			"faces": {
				"north": {"uv": [0, 0, 1, 5], "texture": "#missing"},
				"east": {"uv": [2, 2, 4, 7], "texture": "#1"},
				"south": {"uv": [0, 0, 1, 5], "texture": "#missing"},
				"west": {"uv": [0, 0, 2, 5], "texture": "#1"},
				"up": {"uv": [0, 0, 1, 2], "rotation": 180, "texture": "#2"},
				"down": {"uv": [0, 0, 1, 2], "rotation": 180, "texture": "#0"}
			}
		},
		{
			"from": [7.97143, 5, 8.57143],
			"to": [8.97143, 10, 10.57143],
			"rotation": {"angle": 0, "axis": "y", "origin": [7.98571, 4.5, 7.28571]},
			"faces": {
				"north": {"uv": [0, 0, 1, 5], "texture": "#missing"},
				"east": {"uv": [0, 0, 2, 5], "texture": "#1"},
				"south": {"uv": [0, 0, 1, 5], "texture": "#missing"},
				"west": {"uv": [2, 2, 4, 7], "texture": "#1"},
				"up": {"uv": [0, 0, 1, 2], "rotation": 180, "texture": "#2"},
				"down": {"uv": [0, 0, 1, 2], "rotation": 180, "texture": "#0"}
			}
		},
		{
			"from": [9.97143, 5, 11.57143],
			"to": [10.97143, 6, 12.57143],
			"rotation": {"angle": 0, "axis": "y", "origin": [7.98571, 4.5, 7.28571]},
			"faces": {
				"north": {"uv": [0, 0, 1, 1], "texture": "#1"},
				"east": {"uv": [0, 0, 1, 1], "texture": "#1"},
				"south": {"uv": [0, 0, 1, 1], "texture": "#1"},
				"west": {"uv": [0, 0, 1, 1], "texture": "#1"},
				"up": {"uv": [0, 0, 1, 1], "rotation": 180, "texture": "#1"},
				"down": {"uv": [0, 0, 1, 1], "rotation": 180, "texture": "#1"}
			}
		},
		{
			"from": [9.97143, 9, 11.57143],
			"to": [10.97143, 10, 12.57143],
			"rotation": {"angle": 0, "axis": "y", "origin": [7.98571, 4.5, 7.28571]},
			"faces": {
				"north": {"uv": [0, 0, 1, 1], "texture": "#1"},
				"east": {"uv": [0, 0, 1, 1], "texture": "#1"},
				"south": {"uv": [0, 0, 1, 1], "texture": "#1"},
				"west": {"uv": [0, 0, 1, 1], "texture": "#1"},
				"up": {"uv": [0, 0, 1, 1], "rotation": 180, "texture": "#1"},
				"down": {"uv": [0, 0, 1, 1], "rotation": 180, "texture": "#1"}
			}
		},
		{
			"from": [9.97143, 5, 12.57143],
			"to": [10.97143, 10, 13.57143],
			"rotation": {"angle": 0, "axis": "y", "origin": [7.98571, 4.5, 7.28571]},
			"faces": {
				"north": {"uv": [2, 6, 3, 11], "texture": "#1"},
				"east": {"uv": [0, 5, 1, 10], "texture": "#1"},
				"south": {"uv": [1, 6, 2, 11], "texture": "#1"},
				"west": {"uv": [0, 6, 1, 11], "texture": "#1"},
				"up": {"uv": [0, 0, 1, 1], "rotation": 180, "texture": "#1"},
				"down": {"uv": [0, 0, 1, 1], "rotation": 180, "texture": "#1"}
			}
		},
		{
			"from": [2.97143, 5, 10.57143],
			"to": [6.97143, 10, 11.57143],
			"rotation": {"angle": 0, "axis": "y", "origin": [7.98571, 4.5, 7.28571]},
			"faces": {
				"north": {"uv": [6, 11, 10, 16], "texture": "#5"},
				"east": {"uv": [7, 10, 8, 15], "texture": "#5"},
				"south": {"uv": [6, 10, 10, 15], "texture": "#5"},
				"west": {"uv": [7, 11, 8, 16], "texture": "#5"},
				"up": {"uv": [6, 10, 10, 11], "rotation": 180, "texture": "#5"},
				"down": {"uv": [6, 10, 10, 11], "rotation": 180, "texture": "#5"}
			}
		},
		{
			"from": [2.97143, 5, 7.57143],
			"to": [6.97143, 10, 8.57143],
			"rotation": {"angle": 0, "axis": "y", "origin": [7.98571, 4.5, 7.28571]},
			"faces": {
				"north": {"uv": [6, 11, 10, 16], "texture": "#5"},
				"east": {"uv": [7, 10, 8, 15], "texture": "#5"},
				"south": {"uv": [6, 10, 10, 15], "texture": "#5"},
				"west": {"uv": [7, 11, 8, 16], "texture": "#5"},
				"up": {"uv": [6, 10, 10, 11], "rotation": 180, "texture": "#5"},
				"down": {"uv": [6, 10, 10, 11], "rotation": 180, "texture": "#5"}
			}
		},
		{
			"from": [5.97143, 5, 8.57143],
			"to": [6.97143, 10, 10.57143],
			"rotation": {"angle": 0, "axis": "y", "origin": [7.98571, 4.5, 7.28571]},
			"faces": {
				"north": {"uv": [6, 11, 10, 16], "texture": "#5"},
				"east": {"uv": [7, 10, 8, 15], "texture": "#5"},
				"south": {"uv": [6, 10, 10, 15], "texture": "#5"},
				"west": {"uv": [7, 11, 8, 16], "texture": "#5"},
				"up": {"uv": [6, 10, 10, 11], "rotation": 180, "texture": "#5"},
				"down": {"uv": [6, 10, 10, 11], "rotation": 180, "texture": "#5"}
			}
		},
		{
			"from": [2.97143, 5, 8.57143],
			"to": [3.97143, 10, 10.57143],
			"rotation": {"angle": 0, "axis": "y", "origin": [7.98571, 4.5, 7.28571]},
			"faces": {
				"north": {"uv": [6, 11, 10, 16], "texture": "#5"},
				"east": {"uv": [7, 10, 8, 15], "texture": "#5"},
				"south": {"uv": [6, 10, 10, 15], "texture": "#5"},
				"west": {"uv": [7, 11, 8, 16], "texture": "#5"},
				"up": {"uv": [6, 10, 10, 11], "rotation": 180, "texture": "#5"},
				"down": {"uv": [6, 10, 10, 11], "rotation": 180, "texture": "#5"}
			}
		},
		{
			"from": [4.97143, 5, 11.57143],
			"to": [5.97143, 6, 12.57143],
			"rotation": {"angle": 0, "axis": "y", "origin": [7.98571, 4.5, 7.28571]},
			"faces": {
				"north": {"uv": [6, 11, 10, 16], "texture": "#5"},
				"east": {"uv": [7, 10, 8, 15], "texture": "#5"},
				"south": {"uv": [6, 10, 10, 15], "texture": "#5"},
				"west": {"uv": [7, 11, 8, 16], "texture": "#5"},
				"up": {"uv": [6, 10, 10, 11], "rotation": 180, "texture": "#5"},
				"down": {"uv": [6, 10, 10, 11], "rotation": 180, "texture": "#5"}
			}
		},
		{
			"from": [4.97143, 9, 11.57143],
			"to": [5.97143, 10, 12.57143],
			"rotation": {"angle": 0, "axis": "y", "origin": [7.98571, 4.5, 7.28571]},
			"faces": {
				"north": {"uv": [6, 11, 10, 16], "texture": "#5"},
				"east": {"uv": [7, 10, 8, 15], "texture": "#5"},
				"south": {"uv": [6, 10, 10, 15], "texture": "#5"},
				"west": {"uv": [7, 11, 8, 16], "texture": "#5"},
				"up": {"uv": [6, 10, 10, 11], "rotation": 180, "texture": "#5"},
				"down": {"uv": [6, 10, 10, 11], "rotation": 180, "texture": "#5"}
			}
		},
		{
			"from": [4.97143, 5, 12.57143],
			"to": [5.97143, 10, 13.57143],
			"rotation": {"angle": 0, "axis": "y", "origin": [7.98571, 4.5, 7.28571]},
			"faces": {
				"north": {"uv": [6, 11, 10, 16], "texture": "#5"},
				"east": {"uv": [7, 10, 8, 15], "texture": "#5"},
				"south": {"uv": [6, 10, 10, 15], "texture": "#5"},
				"west": {"uv": [7, 11, 8, 16], "texture": "#5"},
				"up": {"uv": [6, 10, 10, 11], "rotation": 180, "texture": "#5"},
				"down": {"uv": [6, 10, 10, 11], "rotation": 180, "texture": "#5"}
			}
		},
		{
			"from": [12.97143, 0, 5.57143],
			"to": [13.97143, 5, 6.57143],
			"rotation": {"angle": 0, "axis": "y", "origin": [7.98571, 4.5, 7.28571]},
			"faces": {
				"north": {"uv": [8, 11, 9, 16], "texture": "#5"},
				"east": {"uv": [9, 10, 10, 15], "texture": "#5"},
				"south": {"uv": [7, 10, 8, 15], "texture": "#5"},
				"west": {"uv": [6, 10, 7, 15], "texture": "#5"},
				"up": {"uv": [7, 12, 8, 13], "rotation": 180, "texture": "#5"},
				"down": {"uv": [10, 11, 11, 12], "rotation": 180, "texture": "#5"}
			}
		},
		{
			"from": [12.97143, 0, 4.57143],
			"to": [13.97143, 1, 5.57143],
			"rotation": {"angle": 0, "axis": "y", "origin": [7.98571, 4.5, 7.28571]},
			"faces": {
				"north": {"uv": [8, 11, 9, 16], "texture": "#5"},
				"east": {"uv": [9, 10, 10, 15], "texture": "#5"},
				"south": {"uv": [7, 10, 8, 15], "texture": "#5"},
				"west": {"uv": [6, 10, 7, 15], "texture": "#5"},
				"up": {"uv": [7, 12, 8, 13], "rotation": 180, "texture": "#5"},
				"down": {"uv": [10, 11, 11, 12], "rotation": 180, "texture": "#5"}
			}
		},
		{
			"from": [12.97143, 4, 4.57143],
			"to": [13.97143, 5, 5.57143],
			"rotation": {"angle": 0, "axis": "y", "origin": [7.98571, 4.5, 7.28571]},
			"faces": {
				"north": {"uv": [8, 11, 9, 16], "texture": "#5"},
				"east": {"uv": [9, 10, 10, 15], "texture": "#5"},
				"south": {"uv": [7, 10, 8, 15], "texture": "#5"},
				"west": {"uv": [6, 10, 7, 15], "texture": "#5"},
				"up": {"uv": [7, 12, 8, 13], "rotation": 180, "texture": "#5"},
				"down": {"uv": [10, 11, 11, 12], "rotation": 180, "texture": "#5"}
			}
		},
		{
			"from": [10.97143, 0, 3.57143],
			"to": [14.97143, 5, 4.57143],
			"rotation": {"angle": 0, "axis": "y", "origin": [7.98571, 4.5, 7.28571]},
			"faces": {
				"north": {"uv": [8, 11, 9, 16], "texture": "#5"},
				"east": {"uv": [9, 10, 10, 15], "texture": "#5"},
				"south": {"uv": [7, 10, 8, 15], "texture": "#5"},
				"west": {"uv": [6, 10, 7, 15], "texture": "#5"},
				"up": {"uv": [7, 12, 8, 13], "rotation": 180, "texture": "#5"},
				"down": {"uv": [10, 11, 11, 12], "rotation": 180, "texture": "#5"}
			}
		},
		{
			"from": [13.97143, 0, 1.57143],
			"to": [14.97143, 5, 3.57143],
			"rotation": {"angle": 0, "axis": "y", "origin": [7.98571, 4.5, 7.28571]},
			"faces": {
				"north": {"uv": [8, 11, 9, 16], "texture": "#5"},
				"east": {"uv": [9, 10, 10, 15], "texture": "#5"},
				"south": {"uv": [7, 10, 8, 15], "texture": "#5"},
				"west": {"uv": [6, 10, 7, 15], "texture": "#5"},
				"up": {"uv": [7, 12, 8, 13], "rotation": 180, "texture": "#5"},
				"down": {"uv": [10, 11, 11, 12], "rotation": 180, "texture": "#5"}
			}
		},
		{
			"from": [10.97143, 0, 0.57143],
			"to": [14.97143, 5, 1.57143],
			"rotation": {"angle": 0, "axis": "y", "origin": [7.98571, 4.5, 7.28571]},
			"faces": {
				"north": {"uv": [8, 11, 9, 16], "texture": "#5"},
				"east": {"uv": [9, 10, 10, 15], "texture": "#5"},
				"south": {"uv": [7, 10, 8, 15], "texture": "#5"},
				"west": {"uv": [6, 10, 7, 15], "texture": "#5"},
				"up": {"uv": [7, 12, 8, 13], "rotation": 180, "texture": "#5"},
				"down": {"uv": [10, 11, 11, 12], "rotation": 180, "texture": "#5"}
			}
		},
		{
			"from": [10.97143, 0, 1.57143],
			"to": [11.97143, 5, 3.57143],
			"rotation": {"angle": 0, "axis": "y", "origin": [7.98571, 4.5, 7.28571]},
			"faces": {
				"north": {"uv": [8, 11, 9, 16], "texture": "#5"},
				"east": {"uv": [9, 10, 10, 15], "texture": "#5"},
				"south": {"uv": [7, 10, 8, 15], "texture": "#5"},
				"west": {"uv": [6, 10, 7, 15], "texture": "#5"},
				"up": {"uv": [7, 12, 8, 13], "rotation": 180, "texture": "#5"},
				"down": {"uv": [10, 11, 11, 12], "rotation": 180, "texture": "#5"}
			}
		},
		{
			"from": [7.97143, 5, 3.57143],
			"to": [11.97143, 10, 4.57143],
			"rotation": {"angle": 0, "axis": "y", "origin": [7.98571, 4.5, 7.28571]},
			"faces": {
				"north": {"uv": [0, 0, 4, 5], "texture": "#3"},
				"east": {"uv": [1, 2, 2, 7], "texture": "#3"},
				"south": {"uv": [4, 2, 8, 7], "texture": "#3"},
				"west": {"uv": [0, 2, 1, 7], "texture": "#3"},
				"up": {"uv": [0, 0, 4, 1], "rotation": 180, "texture": "#3"},
				"down": {"uv": [0, 0, 4, 1], "rotation": 180, "texture": "#3"}
			}
		},
		{
			"from": [7.97143, 5, 0.57143],
			"to": [11.97143, 10, 1.57143],
			"rotation": {"angle": 0, "axis": "y", "origin": [7.98571, 4.5, 7.28571]},
			"faces": {
				"north": {"uv": [0, 2, 4, 7], "texture": "#3"},
				"east": {"uv": [4, 2, 5, 7], "texture": "#3"},
				"south": {"uv": [0, 0, 4, 5], "texture": "#3"},
				"west": {"uv": [0, 2, 1, 7], "texture": "#3"},
				"up": {"uv": [0, 0, 4, 1], "rotation": 180, "texture": "#3"},
				"down": {"uv": [0, 0, 4, 1], "rotation": 180, "texture": "#3"}
			}
		},
		{
			"from": [10.97143, 5, 1.57143],
			"to": [11.97143, 10, 3.57143],
			"rotation": {"angle": 0, "axis": "y", "origin": [7.98571, 4.5, 7.28571]},
			"faces": {
				"north": {"uv": [0, 0, 1, 5], "texture": "#3"},
				"east": {"uv": [2, 2, 4, 7], "texture": "#3"},
				"south": {"uv": [0, 0, 1, 5], "texture": "#3"},
				"west": {"uv": [0, 0, 2, 5], "texture": "#3"},
				"up": {"uv": [0, 0, 1, 2], "rotation": 180, "texture": "#3"},
				"down": {"uv": [0, 0, 1, 2], "rotation": 180, "texture": "#3"}
			}
		},
		{
			"from": [7.97143, 5, 1.57143],
			"to": [8.97143, 10, 3.57143],
			"rotation": {"angle": 0, "axis": "y", "origin": [7.98571, 4.5, 7.28571]},
			"faces": {
				"north": {"uv": [0, 0, 1, 5], "texture": "#3"},
				"east": {"uv": [0, 0, 2, 5], "texture": "#3"},
				"south": {"uv": [0, 0, 1, 5], "texture": "#3"},
				"west": {"uv": [2, 2, 4, 7], "texture": "#3"},
				"up": {"uv": [0, 0, 1, 2], "rotation": 180, "texture": "#3"},
				"down": {"uv": [0, 0, 1, 2], "rotation": 180, "texture": "#3"}
			}
		},
		{
			"from": [9.97143, 5, 4.57143],
			"to": [10.97143, 6, 5.57143],
			"rotation": {"angle": 0, "axis": "y", "origin": [7.98571, 4.5, 7.28571]},
			"faces": {
				"north": {"uv": [0, 0, 1, 1], "texture": "#3"},
				"east": {"uv": [0, 0, 1, 1], "texture": "#3"},
				"south": {"uv": [0, 0, 1, 1], "texture": "#3"},
				"west": {"uv": [0, 0, 1, 1], "texture": "#3"},
				"up": {"uv": [0, 0, 1, 1], "rotation": 180, "texture": "#3"},
				"down": {"uv": [0, 0, 1, 1], "rotation": 180, "texture": "#3"}
			}
		},
		{
			"from": [9.97143, 9, 4.57143],
			"to": [10.97143, 10, 5.57143],
			"rotation": {"angle": 0, "axis": "y", "origin": [7.98571, 4.5, 7.28571]},
			"faces": {
				"north": {"uv": [0, 0, 1, 1], "texture": "#3"},
				"east": {"uv": [0, 0, 1, 1], "texture": "#3"},
				"south": {"uv": [0, 0, 1, 1], "texture": "#3"},
				"west": {"uv": [0, 0, 1, 1], "texture": "#3"},
				"up": {"uv": [0, 0, 1, 1], "rotation": 180, "texture": "#3"},
				"down": {"uv": [0, 0, 1, 1], "rotation": 180, "texture": "#3"}
			}
		},
		{
			"from": [9.97143, 5, 5.57143],
			"to": [10.97143, 10, 6.57143],
			"rotation": {"angle": 0, "axis": "y", "origin": [7.98571, 4.5, 7.28571]},
			"faces": {
				"north": {"uv": [2, 6, 3, 11], "texture": "#3"},
				"east": {"uv": [0, 5, 1, 10], "texture": "#3"},
				"south": {"uv": [1, 6, 2, 11], "texture": "#3"},
				"west": {"uv": [0, 6, 1, 11], "texture": "#3"},
				"up": {"uv": [0, 0, 1, 1], "rotation": 180, "texture": "#3"},
				"down": {"uv": [0, 0, 1, 1], "rotation": 180, "texture": "#3"}
			}
		},
		{
			"from": [0.97143, 0, 0.57143],
			"to": [4.97143, 5, 1.57143],
			"rotation": {"angle": 0, "axis": "y", "origin": [7.98571, 4.5, 7.28571]},
			"faces": {
				"north": {"uv": [0, 2, 4, 7], "texture": "#4"},
				"east": {"uv": [4, 2, 5, 7], "texture": "#4"},
				"south": {"uv": [0, 0, 4, 5], "texture": "#4"},
				"west": {"uv": [0, 2, 1, 7], "texture": "#4"},
				"up": {"uv": [0, 0, 4, 1], "rotation": 180, "texture": "#4"},
				"down": {"uv": [0, 0, 4, 1], "rotation": 180, "texture": "#4"}
			}
		},
		{
			"from": [0.97143, 0, 1.57143],
			"to": [1.97143, 5, 3.57143],
			"rotation": {"angle": 0, "axis": "y", "origin": [7.98571, 4.5, 7.28571]},
			"faces": {
				"north": {"uv": [0, 0, 1, 5], "texture": "#4"},
				"east": {"uv": [0, 0, 2, 5], "texture": "#4"},
				"south": {"uv": [0, 0, 1, 5], "texture": "#4"},
				"west": {"uv": [2, 2, 4, 7], "texture": "#4"},
				"up": {"uv": [0, 0, 1, 2], "rotation": 180, "texture": "#4"},
				"down": {"uv": [0, 0, 1, 2], "rotation": 180, "texture": "#4"}
			}
		},
		{
			"from": [0.97143, 0, 3.57143],
			"to": [4.97143, 5, 4.57143],
			"rotation": {"angle": 0, "axis": "y", "origin": [7.98571, 4.5, 7.28571]},
			"faces": {
				"north": {"uv": [0, 0, 4, 5], "texture": "#4"},
				"east": {"uv": [1, 2, 2, 7], "texture": "#4"},
				"south": {"uv": [8, 3, 12, 8], "texture": "#4"},
				"west": {"uv": [0, 2, 1, 7], "texture": "#4"},
				"up": {"uv": [0, 0, 4, 1], "rotation": 180, "texture": "#4"},
				"down": {"uv": [0, 0, 4, 1], "rotation": 180, "texture": "#4"}
			}
		},
		{
			"from": [2.97143, 4, 4.57143],
			"to": [3.97143, 5, 5.57143],
			"rotation": {"angle": 0, "axis": "y", "origin": [7.98571, 4.5, 7.28571]},
			"faces": {
				"north": {"uv": [0, 0, 1, 1], "texture": "#4"},
				"east": {"uv": [0, 0, 1, 1], "texture": "#4"},
				"south": {"uv": [0, 0, 1, 1], "texture": "#4"},
				"west": {"uv": [0, 0, 1, 1], "texture": "#4"},
				"up": {"uv": [0, 0, 1, 1], "rotation": 180, "texture": "#4"},
				"down": {"uv": [0, 0, 1, 1], "rotation": 180, "texture": "#4"}
			}
		},
		{
			"from": [2.97143, 0, 5.57143],
			"to": [3.97143, 5, 6.57143],
			"rotation": {"angle": 0, "axis": "y", "origin": [7.98571, 4.5, 7.28571]},
			"faces": {
				"north": {"uv": [2, 6, 3, 11], "texture": "#4"},
				"east": {"uv": [0, 5, 1, 10], "texture": "#4"},
				"south": {"uv": [1, 6, 2, 11], "texture": "#4"},
				"west": {"uv": [0, 6, 1, 11], "texture": "#4"},
				"up": {"uv": [0, 0, 1, 1], "rotation": 180, "texture": "#4"},
				"down": {"uv": [0, 0, 1, 1], "rotation": 180, "texture": "#4"}
			}
		},
		{
			"from": [2.97143, 0, 4.57143],
			"to": [3.97143, 1, 5.57143],
			"rotation": {"angle": 0, "axis": "y", "origin": [7.98571, 4.5, 7.28571]},
			"faces": {
				"north": {"uv": [0, 0, 1, 1], "texture": "#4"},
				"east": {"uv": [0, 0, 1, 1], "texture": "#4"},
				"south": {"uv": [0, 0, 1, 1], "texture": "#4"},
				"west": {"uv": [0, 0, 1, 1], "texture": "#4"},
				"up": {"uv": [0, 0, 1, 1], "rotation": 180, "texture": "#4"},
				"down": {"uv": [0, 0, 1, 1], "rotation": 180, "texture": "#4"}
			}
		},
		{
			"from": [3.97143, 0, 1.57143],
			"to": [4.97143, 5, 3.57143],
			"rotation": {"angle": 0, "axis": "y", "origin": [7.98571, 4.5, 7.28571]},
			"faces": {
				"north": {"uv": [0, 0, 1, 5], "texture": "#4"},
				"east": {"uv": [2, 2, 4, 7], "texture": "#4"},
				"south": {"uv": [0, 0, 1, 5], "texture": "#4"},
				"west": {"uv": [0, 0, 2, 5], "texture": "#4"},
				"up": {"uv": [0, 0, 1, 2], "rotation": 180, "texture": "#4"},
				"down": {"uv": [0, 0, 1, 2], "rotation": 180, "texture": "#4"}
			}
		},
		{
			"from": [7.97143, 0, 12.57143],
			"to": [8.97143, 5, 13.57143],
			"rotation": {"angle": 0, "axis": "y", "origin": [7.98571, 4.5, 7.28571]},
			"faces": {
				"north": {"uv": [2, 6, 3, 11], "texture": "#4"},
				"east": {"uv": [0, 5, 1, 10], "texture": "#4"},
				"south": {"uv": [1, 6, 2, 11], "texture": "#4"},
				"west": {"uv": [0, 6, 1, 11], "texture": "#4"},
				"up": {"uv": [0, 0, 1, 1], "rotation": 180, "texture": "#4"},
				"down": {"uv": [0, 0, 1, 1], "rotation": 180, "texture": "#4"}
			}
		},
		{
			"from": [7.97143, 4, 11.57143],
			"to": [8.97143, 5, 12.57143],
			"rotation": {"angle": 0, "axis": "y", "origin": [7.98571, 4.5, 7.28571]},
			"faces": {
				"north": {"uv": [0, 0, 1, 1], "texture": "#4"},
				"east": {"uv": [0, 0, 1, 1], "texture": "#4"},
				"south": {"uv": [0, 0, 1, 1], "texture": "#4"},
				"west": {"uv": [0, 0, 1, 1], "texture": "#4"},
				"up": {"uv": [0, 0, 1, 1], "rotation": 180, "texture": "#4"},
				"down": {"uv": [0, 0, 1, 1], "rotation": 180, "texture": "#4"}
			}
		},
		{
			"from": [7.97143, 0, 11.57143],
			"to": [8.97143, 1, 12.57143],
			"rotation": {"angle": 0, "axis": "y", "origin": [7.98571, 4.5, 7.28571]},
			"faces": {
				"north": {"uv": [0, 0, 1, 1], "texture": "#4"},
				"east": {"uv": [0, 0, 1, 1], "texture": "#4"},
				"south": {"uv": [0, 0, 1, 1], "texture": "#4"},
				"west": {"uv": [0, 0, 1, 1], "texture": "#4"},
				"up": {"uv": [0, 0, 1, 1], "rotation": 180, "texture": "#4"},
				"down": {"uv": [0, 0, 1, 1], "rotation": 180, "texture": "#4"}
			}
		},
		{
			"from": [5.97143, 0, 8.57143],
			"to": [6.97143, 5, 10.57143],
			"rotation": {"angle": 0, "axis": "y", "origin": [7.98571, 4.5, 7.28571]},
			"faces": {
				"north": {"uv": [0, 0, 1, 5], "texture": "#4"},
				"east": {"uv": [0, 0, 2, 5], "texture": "#4"},
				"south": {"uv": [0, 0, 1, 5], "texture": "#4"},
				"west": {"uv": [2, 2, 4, 7], "texture": "#4"},
				"up": {"uv": [0, 0, 1, 2], "rotation": 180, "texture": "#4"},
				"down": {"uv": [0, 0, 1, 2], "rotation": 180, "texture": "#4"}
			}
		},
		{
			"from": [8.97143, 0, 8.57143],
			"to": [9.97143, 5, 10.57143],
			"rotation": {"angle": 0, "axis": "y", "origin": [7.98571, 4.5, 7.28571]},
			"faces": {
				"north": {"uv": [0, 0, 1, 5], "texture": "#4"},
				"east": {"uv": [2, 2, 4, 7], "texture": "#4"},
				"south": {"uv": [0, 0, 1, 5], "texture": "#4"},
				"west": {"uv": [0, 0, 2, 5], "texture": "#4"},
				"up": {"uv": [0, 0, 1, 2], "rotation": 180, "texture": "#4"},
				"down": {"uv": [0, 0, 1, 2], "rotation": 180, "texture": "#4"}
			}
		},
		{
			"from": [5.97143, 0, 7.57143],
			"to": [9.97143, 5, 8.57143],
			"rotation": {"angle": 0, "axis": "y", "origin": [7.98571, 4.5, 7.28571]},
			"faces": {
				"north": {"uv": [0, 2, 4, 7], "texture": "#4"},
				"east": {"uv": [4, 2, 5, 7], "texture": "#4"},
				"south": {"uv": [0, 0, 4, 5], "texture": "#4"},
				"west": {"uv": [0, 2, 1, 7], "texture": "#4"},
				"up": {"uv": [0, 0, 4, 1], "rotation": 180, "texture": "#4"},
				"down": {"uv": [0, 0, 4, 1], "rotation": 180, "texture": "#4"}
			}
		},
		{
			"from": [5.97143, 0, 10.57143],
			"to": [9.97143, 5, 11.57143],
			"rotation": {"angle": 0, "axis": "y", "origin": [7.98571, 4.5, 7.28571]},
			"faces": {
				"north": {"uv": [0, 0, 4, 5], "texture": "#4"},
				"east": {"uv": [1, 2, 2, 7], "texture": "#4"},
				"south": {"uv": [3, 2, 7, 7], "texture": "#4"},
				"west": {"uv": [0, 2, 1, 7], "texture": "#4"},
				"up": {"uv": [0, 0, 4, 1], "rotation": 180, "texture": "#4"},
				"down": {"uv": [0, 0, 4, 1], "rotation": 180, "texture": "#4"}
			}
		}
	],
	"groups": [
		{
			"name": "Mug",
			"origin": [11, 8, 9],
			"children": [0, 1, 2, 3, 4, 5, 6]
		},
		{
			"name": "Mug",
			"origin": [11, 8, 9],
			"children": [7, 8, 9, 10, 11, 12, 13]
		},
		{
			"name": "Mug",
			"origin": [11, 8, 9],
			"children": [14, 15, 16, 17, 18, 19, 20]
		},
		{
			"name": "Mug",
			"origin": [11, 8, 9],
			"children": [21, 22, 23, 24, 25, 26, 27]
		},
		{
			"name": "Mug",
			"origin": [11, 8, 9],
			"children": [28, 29, 30, 31, 32, 33, 34]
		},
		{
			"name": "Mug",
			"origin": [7.98571, 4.5, 7.28571],
			"children": [35, 36, 37, 38, 39, 40, 41]
		},
		{
			"name": "Mug",
			"origin": [7.98571, 4.5, 7.28571],
			"children": [42, 43, 44, 45, 46, 47, 48]
		},
		{
			"name": "Mug",
			"origin": [7.98571, 4.5, 7.28571],
			"children": [49, 50, 51, 52, 53, 54, 55]
		},
		{
			"name": "Mug",
			"origin": [7.98571, 4.5, 7.28571],
			"children": [56, 57, 58, 59, 60, 61, 62]
		},
		{
			"name": "Mug",
			"origin": [7.98571, 4.5, 7.28571],
			"children": [63, 64, 65, 66, 67, 68, 69]
		}
	]
}