{
	"credit": "Modelled by Arctic",
	"textures": {
		"0": "block/oak_log_top",
		"1": "block/oak_log",
		"particle": "block/oak_log_top"
	},
	"elements": [{
			"from": [0, 14, 0],
			"to": [16, 16, 16],
			"rotation": {
				"angle": 0,
				"axis": "y",
				"origin": [8, 23, 8]
			},
			"faces": {
				"north": {
					"uv": [0, 0, 16, 2],
					"texture": "#1"
				},
				"east": {
					"uv": [0, 0, 16, 2],
					"texture": "#1"
				},
				"south": {
					"uv": [0, 0, 16, 2],
					"texture": "#1"
				},
				"west": {
					"uv": [0, 0, 16, 2],
					"texture": "#1"
				},
				"up": {
					"uv": [0, 0, 16, 16],
					"texture": "#0"
				},
				"down": {
					"uv": [0, 0, 16, 16],
					"texture": "#0"
				}
			}
		},
		{
			"from": [0, 14, 16],
			"to": [16, 16, 32],
			"rotation": {
				"angle": 0,
				"axis": "y",
				"origin": [8, 23, 24]
			},
			"faces": {
				"north": {
					"uv": [0, 0, 16, 2],
					"texture": "#1"
				},
				"east": {
					"uv": [0, 0, 16, 2],
					"texture": "#1"
				},
				"south": {
					"uv": [0, 0, 16, 2],
					"texture": "#1"
				},
				"west": {
					"uv": [0, 0, 16, 2],
					"texture": "#1"
				},
				"up": {
					"uv": [0, 0, 16, 16],
					"texture": "#0"
				},
				"down": {
					"uv": [0, 0, 16, 16],
					"texture": "#0"
				}
			}
		},
		{
			"from": [0, 14, -16],
			"to": [16, 16, 0],
			"rotation": {
				"angle": 0,
				"axis": "y",
				"origin": [8, 23, -8]
			},
			"faces": {
				"north": {
					"uv": [0, 0, 16, 2],
					"texture": "#1"
				},
				"east": {
					"uv": [0, 0, 16, 2],
					"texture": "#1"
				},
				"south": {
					"uv": [0, 0, 16, 2],
					"texture": "#1"
				},
				"west": {
					"uv": [0, 0, 16, 2],
					"texture": "#1"
				},
				"up": {
					"uv": [0, 0, 16, 16],
					"texture": "#0"
				},
				"down": {
					"uv": [0, 0, 16, 16],
					"texture": "#0"
				}
			}
		},
		{
			"from": [1, 0, -14],
			"to": [4, 14, -11],
			"rotation": {
				"angle": 0,
				"axis": "y",
				"origin": [9, 8, -4]
			},
			"faces": {
				"north": {
					"uv": [0, 0, 3, 14],
					"texture": "#1"
				},
				"east": {
					"uv": [0, 0, 3, 14],
					"texture": "#1"
				},
				"south": {
					"uv": [0, 0, 3, 14],
					"texture": "#1"
				},
				"west": {
					"uv": [0, 0, 3, 14],
					"texture": "#1"
				},
				"up": {
					"uv": [0, 0, 3, 3],
					"texture": "#1"
				},
				"down": {
					"uv": [0, 0, 3, 3],
					"texture": "#1"
				}
			}
		},
		{
			"from": [12, 0, -14],
			"to": [15, 14, -11],
			"rotation": {
				"angle": 0,
				"axis": "y",
				"origin": [20, 8, -4]
			},
			"faces": {
				"north": {
					"uv": [0, 0, 3, 14],
					"texture": "#1"
				},
				"east": {
					"uv": [0, 0, 3, 14],
					"texture": "#1"
				},
				"south": {
					"uv": [0, 0, 3, 14],
					"texture": "#1"
				},
				"west": {
					"uv": [0, 0, 3, 14],
					"texture": "#1"
				},
				"up": {
					"uv": [0, 0, 3, 3],
					"texture": "#1"
				},
				"down": {
					"uv": [0, 0, 3, 3],
					"texture": "#1"
				}
			}
		},
		{
			"from": [12, 0, 27],
			"to": [15, 14, 30],
			"rotation": {
				"angle": 0,
				"axis": "y",
				"origin": [20, 8, 37]
			},
			"faces": {
				"north": {
					"uv": [0, 0, 3, 14],
					"texture": "#1"
				},
				"east": {
					"uv": [0, 0, 3, 14],
					"texture": "#1"
				},
				"south": {
					"uv": [0, 0, 3, 14],
					"texture": "#1"
				},
				"west": {
					"uv": [0, 0, 3, 14],
					"texture": "#1"
				},
				"up": {
					"uv": [0, 0, 3, 3],
					"texture": "#1"
				},
				"down": {
					"uv": [0, 0, 3, 3],
					"texture": "#1"
				}
			}
		},
		{
			"from": [1, 0, 27],
			"to": [4, 14, 30],
			"rotation": {
				"angle": 0,
				"axis": "y",
				"origin": [9, 8, 37]
			},
			"faces": {
				"north": {
					"uv": [0, 0, 3, 14],
					"texture": "#1"
				},
				"east": {
					"uv": [0, 0, 3, 14],
					"texture": "#1"
				},
				"south": {
					"uv": [0, 0, 3, 14],
					"texture": "#1"
				},
				"west": {
					"uv": [0, 0, 3, 14],
					"texture": "#1"
				},
				"up": {
					"uv": [0, 0, 3, 3],
					"texture": "#1"
				},
				"down": {
					"uv": [0, 0, 3, 3],
					"texture": "#1"
				}
			}
		}
	],
	"groups": [{
			"name": "TableTop",
			"origin": [24, 8, -8],
			"children": [0, 1, 2]
		},
		{
			"name": "Legs",
			"origin": [8, 8, 8],
			"children": []
		},
		3, 4, 5, 6
	]
}