{
	"credit": "Modelled by Arctic",
	"textures": {
		"0": "block/oak_log_top",
		"1": "block/oak_log",
		"particle": "block/oak_log_top"
	},
	"elements": [{
			"from": [0, 14, 0],
			"to": [16, 16, 16],
			"rotation": {
				"angle": 0,
				"axis": "y",
				"origin": [8, 10.42857, 8]
			},
			"faces": {
				"north": {
					"uv": [0, 0, 16, 2],
					"texture": "#1"
				},
				"east": {
					"uv": [0, 0, 16, 2],
					"texture": "#1"
				},
				"south": {
					"uv": [0, 0, 16, 2],
					"texture": "#1"
				},
				"west": {
					"uv": [0, 0, 16, 2],
					"texture": "#1"
				},
				"up": {
					"uv": [0, 0, 16, 16],
					"rotation": 270,
					"texture": "#0"
				},
				"down": {
					"uv": [0, 0, 16, 16],
					"rotation": 90,
					"texture": "#0"
				}
			}
		},
		{
			"from": [16, 14, 0],
			"to": [32, 16, 16],
			"rotation": {
				"angle": 0,
				"axis": "y",
				"origin": [8, 10.42857, 8]
			},
			"faces": {
				"north": {
					"uv": [0, 0, 16, 2],
					"texture": "#1"
				},
				"east": {
					"uv": [0, 0, 16, 2],
					"texture": "#1"
				},
				"south": {
					"uv": [0, 0, 16, 2],
					"texture": "#1"
				},
				"west": {
					"uv": [0, 0, 16, 2],
					"texture": "#1"
				},
				"up": {
					"uv": [0, 0, 16, 16],
					"rotation": 270,
					"texture": "#0"
				},
				"down": {
					"uv": [0, 0, 16, 16],
					"rotation": 90,
					"texture": "#0"
				}
			}
		},
		{
			"from": [-16, 14, 0],
			"to": [0, 16, 16],
			"rotation": {
				"angle": 0,
				"axis": "y",
				"origin": [8, 10.42857, 8]
			},
			"faces": {
				"north": {
					"uv": [0, 0, 16, 2],
					"texture": "#1"
				},
				"east": {
					"uv": [0, 0, 16, 2],
					"texture": "#1"
				},
				"south": {
					"uv": [0, 0, 16, 2],
					"texture": "#1"
				},
				"west": {
					"uv": [0, 0, 16, 2],
					"texture": "#1"
				},
				"up": {
					"uv": [0, 0, 16, 16],
					"rotation": 270,
					"texture": "#0"
				},
				"down": {
					"uv": [0, 0, 16, 16],
					"rotation": 90,
					"texture": "#0"
				}
			}
		},
		{
			"from": [-14, 0, 12],
			"to": [-11, 14, 15],
			"rotation": {
				"angle": 0,
				"axis": "y",
				"origin": [8, 10.42857, 8]
			},
			"faces": {
				"north": {
					"uv": [0, 0, 3, 14],
					"texture": "#1"
				},
				"east": {
					"uv": [0, 0, 3, 14],
					"texture": "#1"
				},
				"south": {
					"uv": [0, 0, 3, 14],
					"texture": "#1"
				},
				"west": {
					"uv": [0, 0, 3, 14],
					"texture": "#1"
				},
				"up": {
					"uv": [0, 0, 3, 3],
					"rotation": 270,
					"texture": "#1"
				},
				"down": {
					"uv": [0, 0, 3, 3],
					"rotation": 90,
					"texture": "#1"
				}
			}
		},
		{
			"from": [-14, 0, 1],
			"to": [-11, 14, 4],
			"rotation": {
				"angle": 0,
				"axis": "y",
				"origin": [8, 10.42857, 8]
			},
			"faces": {
				"north": {
					"uv": [0, 0, 3, 14],
					"texture": "#1"
				},
				"east": {
					"uv": [0, 0, 3, 14],
					"texture": "#1"
				},
				"south": {
					"uv": [0, 0, 3, 14],
					"texture": "#1"
				},
				"west": {
					"uv": [0, 0, 3, 14],
					"texture": "#1"
				},
				"up": {
					"uv": [0, 0, 3, 3],
					"rotation": 270,
					"texture": "#1"
				},
				"down": {
					"uv": [0, 0, 3, 3],
					"rotation": 90,
					"texture": "#1"
				}
			}
		},
		{
			"from": [27, 0, 1],
			"to": [30, 14, 4],
			"rotation": {
				"angle": 0,
				"axis": "y",
				"origin": [8, 10.42857, 8]
			},
			"faces": {
				"north": {
					"uv": [0, 0, 3, 14],
					"texture": "#1"
				},
				"east": {
					"uv": [0, 0, 3, 14],
					"texture": "#1"
				},
				"south": {
					"uv": [0, 0, 3, 14],
					"texture": "#1"
				},
				"west": {
					"uv": [0, 0, 3, 14],
					"texture": "#1"
				},
				"up": {
					"uv": [0, 0, 3, 3],
					"rotation": 270,
					"texture": "#1"
				},
				"down": {
					"uv": [0, 0, 3, 3],
					"rotation": 90,
					"texture": "#1"
				}
			}
		},
		{
			"from": [27, 0, 12],
			"to": [30, 14, 15],
			"rotation": {
				"angle": 0,
				"axis": "y",
				"origin": [8, 10.42857, 8]
			},
			"faces": {
				"north": {
					"uv": [0, 0, 3, 14],
					"texture": "#1"
				},
				"east": {
					"uv": [0, 0, 3, 14],
					"texture": "#1"
				},
				"south": {
					"uv": [0, 0, 3, 14],
					"texture": "#1"
				},
				"west": {
					"uv": [0, 0, 3, 14],
					"texture": "#1"
				},
				"up": {
					"uv": [0, 0, 3, 3],
					"rotation": 270,
					"texture": "#1"
				},
				"down": {
					"uv": [0, 0, 3, 3],
					"rotation": 90,
					"texture": "#1"
				}
			}
		}
	],
	"groups": [{
			"name": "TableTop",
			"origin": [24, 8, -8],
			"children": [0, 1, 2]
		},
		{
			"name": "Legs",
			"origin": [8, 8, 8],
			"children": [3, 4, 5, 6]
		}
	]
}