{
	"credit": "Made with Blockbench",
	"textures": {
		"0": "block/smoker_bottom",
		"1": "block/smoker_front",
		"2": "block/smoker_side",
		"3": "block/smoker_top",
		"4": "block/smooth_stone",
		"particle": "block/smoker_bottom"
	},
	"elements": [
		{
			"from": [1, 5, 2.00185],
			"to": [15, 6, 18.00185],
			"rotation": {"angle": 0, "axis": "y", "origin": [8, 8.05556, 14.07593]},
			"faces": {
				"north": {"uv": [0, 0, 14, 1], "texture": "#4"},
				"east": {"uv": [0, 0, 1, 16], "rotation": 270, "texture": "#4"},
				"south": {"uv": [0, 0, 14, 1], "rotation": 180, "texture": "#4"},
				"west": {"uv": [0, 0, 1, 16], "rotation": 90, "texture": "#4"},
				"up": {"uv": [1, 0, 15, 16], "rotation": 180, "texture": "#4"},
				"down": {"uv": [1, 0, 15, 16], "texture": "#4"}
			}
		},
		{
			"from": [1, 6, 14.00185],
			"to": [2, 9, 18.00185],
			"rotation": {"angle": 0, "axis": "y", "origin": [8, 8.05556, 14.07593]},
			"faces": {
				"north": {"uv": [0, 0, 1, 3], "texture": "#4"},
				"east": {"uv": [3, 0, 6, 4], "rotation": 270, "texture": "#4"},
				"south": {"uv": [0, 0, 1, 3], "rotation": 180, "texture": "#4"},
				"west": {"uv": [3, 0, 6, 4], "rotation": 90, "texture": "#4"},
				"up": {"uv": [0, 0, 1, 4], "rotation": 180, "texture": "#4"},
				"down": {"uv": [0, 0, 1, 4], "texture": "#4"}
			}
		},
		{
			"from": [14, 6, 14.00185],
			"to": [15, 9, 18.00185],
			"rotation": {"angle": 0, "axis": "y", "origin": [8, 8.05556, 14.07593]},
			"faces": {
				"north": {"uv": [1, 0, 0, 3], "texture": "#4"},
				"east": {"uv": [3, 4, 6, 0], "rotation": 90, "texture": "#4"},
				"south": {"uv": [1, 0, 0, 3], "rotation": 180, "texture": "#4"},
				"west": {"uv": [3, 4, 6, 0], "rotation": 270, "texture": "#4"},
				"up": {"uv": [1, 0, 0, 4], "rotation": 180, "texture": "#4"},
				"down": {"uv": [1, 0, 0, 4], "texture": "#4"}
			}
		},
		{
			"from": [1, 9, 15.00185],
			"to": [2, 10, 16.00185],
			"rotation": {"angle": 0, "axis": "y", "origin": [8, 8.05556, 14.07593]},
			"faces": {
				"north": {"uv": [1, 0, 2, 1], "texture": "#missing"},
				"east": {"uv": [3, 0, 4, 1], "rotation": 270, "texture": "#missing"},
				"south": {"uv": [1, 0, 2, 1], "rotation": 180, "texture": "#1"},
				"west": {"uv": [3, 0, 4, 1], "rotation": 90, "texture": "#missing"},
				"up": {"uv": [1, 0, 2, 1], "rotation": 180, "texture": "#missing"},
				"down": {"uv": [1, 0, 2, 1], "texture": "#missing"}
			}
		},
		{
			"from": [6, 12, 16.00185],
			"to": [10, 13, 18.00185],
			"rotation": {"angle": 0, "axis": "y", "origin": [8, 8.05556, 14.07593]},
			"faces": {
				"north": {"uv": [0, 0, 4, 1], "texture": "#4"},
				"east": {"uv": [1, 0, 2, 2], "rotation": 270, "texture": "#4"},
				"south": {"uv": [0, 0, 4, 1], "rotation": 180, "texture": "#4"},
				"west": {"uv": [1, 0, 2, 2], "rotation": 90, "texture": "#4"},
				"up": {"uv": [1, 0, 5, 2], "rotation": 180, "texture": "#4"},
				"down": {"uv": [1, 0, 5, 2], "texture": "#4"}
			}
		},
		{
			"from": [4, 11, 14.00185],
			"to": [6, 12, 18.00185],
			"rotation": {"angle": 0, "axis": "y", "origin": [8, 8.05556, 14.07593]},
			"faces": {
				"north": {"uv": [2, 0, 4, 1], "texture": "#4"},
				"east": {"uv": [1, 0, 2, 4], "rotation": 270, "texture": "#4"},
				"south": {"uv": [2, 0, 4, 1], "rotation": 180, "texture": "#4"},
				"west": {"uv": [1, 0, 2, 4], "rotation": 90, "texture": "#4"},
				"up": {"uv": [2, 0, 4, 4], "rotation": 180, "texture": "#4"},
				"down": {"uv": [2, 0, 4, 4], "texture": "#4"}
			}
		},
		{
			"from": [10, 11, 14.00185],
			"to": [12, 12, 18.00185],
			"rotation": {"angle": 0, "axis": "y", "origin": [8, 8.05556, 14.07593]},
			"faces": {
				"north": {"uv": [4, 0, 6, 1], "texture": "#4"},
				"east": {"uv": [1, 4, 2, 8], "rotation": 90, "texture": "#4"},
				"south": {"uv": [4, 0, 6, 1], "rotation": 180, "texture": "#4"},
				"west": {"uv": [1, 4, 2, 8], "rotation": 270, "texture": "#4"},
				"up": {"uv": [4, 0, 6, 4], "rotation": 180, "texture": "#4"},
				"down": {"uv": [4, 0, 6, 4], "texture": "#4"}
			}
		},
		{
			"from": [3, 10, 14.00185],
			"to": [4, 11, 18.00185],
			"rotation": {"angle": 0, "axis": "y", "origin": [8, 8.05556, 14.07593]},
			"faces": {
				"north": {"uv": [1, 0, 2, 1], "texture": "#4"},
				"east": {"uv": [1, 0, 2, 4], "rotation": 270, "texture": "#4"},
				"south": {"uv": [1, 0, 2, 1], "rotation": 180, "texture": "#4"},
				"west": {"uv": [1, 0, 2, 4], "rotation": 90, "texture": "#4"},
				"up": {"uv": [1, 0, 2, 4], "rotation": 180, "texture": "#4"},
				"down": {"uv": [1, 0, 2, 4], "texture": "#4"}
			}
		},
		{
			"from": [12, 10, 14.00185],
			"to": [13, 11, 18.00185],
			"rotation": {"angle": 0, "axis": "y", "origin": [8, 8.05556, 14.07593]},
			"faces": {
				"north": {"uv": [2, 0, 3, 1], "texture": "#4"},
				"east": {"uv": [1, 4, 2, 8], "rotation": 90, "texture": "#4"},
				"south": {"uv": [2, 0, 3, 1], "rotation": 180, "texture": "#4"},
				"west": {"uv": [1, 4, 2, 8], "rotation": 270, "texture": "#4"},
				"up": {"uv": [2, 0, 3, 4], "rotation": 180, "texture": "#4"},
				"down": {"uv": [2, 0, 3, 4], "texture": "#4"}
			}
		},
		{
			"from": [3, 11, 15.00185],
			"to": [4, 12, 16.00185],
			"rotation": {"angle": 0, "axis": "y", "origin": [8, 8.05556, 14.07593]},
			"faces": {
				"north": {"uv": [1, 0, 2, 1], "texture": "#missing"},
				"east": {"uv": [1, 0, 2, 1], "rotation": 270, "texture": "#missing"},
				"south": {"uv": [4, 3, 5, 4], "rotation": 180, "texture": "#0"},
				"west": {"uv": [1, 0, 2, 1], "rotation": 90, "texture": "#missing"},
				"up": {"uv": [1, 0, 2, 1], "rotation": 180, "texture": "#missing"},
				"down": {"uv": [1, 0, 2, 1], "texture": "#missing"}
			}
		},
		{
			"from": [12, 11, 15.00185],
			"to": [13, 12, 16.00185],
			"rotation": {"angle": 0, "axis": "y", "origin": [8, 8.05556, 14.07593]},
			"faces": {
				"north": {"uv": [2, 0, 1, 1], "texture": "#missing"},
				"east": {"uv": [1, 1, 2, 0], "rotation": 90, "texture": "#missing"},
				"south": {"uv": [3, 2, 2, 3], "rotation": 180, "texture": "#0"},
				"west": {"uv": [1, 1, 2, 0], "rotation": 270, "texture": "#missing"},
				"up": {"uv": [2, 0, 1, 1], "rotation": 180, "texture": "#missing"},
				"down": {"uv": [2, 0, 1, 1], "texture": "#missing"}
			}
		},
		{
			"from": [2, 9, 14.00185],
			"to": [3, 10, 18.00185],
			"rotation": {"angle": 0, "axis": "y", "origin": [8, 8.05556, 14.07593]},
			"faces": {
				"north": {"uv": [1, 0, 2, 1], "texture": "#4"},
				"east": {"uv": [1, 0, 2, 4], "rotation": 270, "texture": "#4"},
				"south": {"uv": [1, 0, 2, 1], "rotation": 180, "texture": "#4"},
				"west": {"uv": [1, 0, 2, 4], "rotation": 90, "texture": "#4"},
				"up": {"uv": [1, 0, 2, 4], "rotation": 180, "texture": "#4"},
				"down": {"uv": [1, 0, 2, 4], "texture": "#4"}
			}
		},
		{
			"from": [13, 9, 14.00185],
			"to": [14, 10, 18.00185],
			"rotation": {"angle": 0, "axis": "y", "origin": [8, 8.05556, 14.07593]},
			"faces": {
				"north": {"uv": [2, 0, 3, 1], "texture": "#4"},
				"east": {"uv": [1, 4, 2, 8], "rotation": 90, "texture": "#4"},
				"south": {"uv": [2, 0, 3, 1], "rotation": 180, "texture": "#4"},
				"west": {"uv": [1, 4, 2, 8], "rotation": 270, "texture": "#4"},
				"up": {"uv": [2, 0, 3, 4], "rotation": 180, "texture": "#4"},
				"down": {"uv": [2, 0, 3, 4], "texture": "#4"}
			}
		},
		{
			"from": [1, 10, 15.00185],
			"to": [3, 12, 16.00185],
			"rotation": {"angle": 0, "axis": "y", "origin": [8, 8.05556, 14.07593]},
			"faces": {
				"north": {"uv": [1, 0, 3, 2], "texture": "#missing"},
				"east": {"uv": [1, 0, 3, 1], "rotation": 270, "texture": "#missing"},
				"south": {"uv": [13, 3, 15, 5], "rotation": 180, "texture": "#1"},
				"west": {"uv": [1, 0, 3, 1], "rotation": 90, "texture": "#missing"},
				"up": {"uv": [1, 0, 3, 1], "rotation": 180, "texture": "#missing"},
				"down": {"uv": [1, 0, 3, 1], "texture": "#missing"}
			}
		},
		{
			"from": [13, 10, 15.00185],
			"to": [15, 12, 16.00185],
			"rotation": {"angle": 0, "axis": "y", "origin": [8, 8.05556, 14.07593]},
			"faces": {
				"north": {"uv": [3, 0, 1, 2], "texture": "#missing"},
				"east": {"uv": [1, 1, 3, 0], "rotation": 90, "texture": "#missing"},
				"south": {"uv": [15, 4, 13, 6], "rotation": 180, "texture": "#1"},
				"west": {"uv": [1, 1, 3, 0], "rotation": 270, "texture": "#missing"},
				"up": {"uv": [3, 0, 1, 1], "rotation": 180, "texture": "#missing"},
				"down": {"uv": [3, 0, 1, 1], "texture": "#missing"}
			}
		},
		{
			"from": [14, 9, 15.00185],
			"to": [15, 10, 16.00185],
			"rotation": {"angle": 0, "axis": "y", "origin": [8, 8.05556, 14.07593]},
			"faces": {
				"north": {"uv": [0, 0, 1, 1], "texture": "#missing"},
				"east": {"uv": [0, 0, 1, 1], "rotation": 270, "texture": "#missing"},
				"south": {"uv": [0, 0, 1, 1], "rotation": 180, "texture": "#1"},
				"west": {"uv": [0, 0, 1, 1], "rotation": 90, "texture": "#missing"},
				"up": {"uv": [0, 0, 1, 1], "rotation": 180, "texture": "#missing"},
				"down": {"uv": [0, 0, 1, 1], "texture": "#missing"}
			}
		},
		{
			"from": [0, 0, 0.00185],
			"to": [16, 5, 16.00185],
			"rotation": {"angle": 0, "axis": "y", "origin": [8, 8.05556, 14.07593]},
			"faces": {
				"north": {"uv": [0, 11, 16, 16], "texture": "#2"},
				"east": {"uv": [0, 11, 16, 16], "texture": "#2"},
				"south": {"uv": [0, 3, 16, 8], "rotation": 180, "texture": "#1"},
				"west": {"uv": [0, 11, 16, 16], "texture": "#2"},
				"up": {"uv": [0, 0, 16, 16], "rotation": 180, "texture": "#missing"},
				"down": {"uv": [0, 0, 16, 16], "rotation": 180, "texture": "#0"}
			}
		},
		{
			"from": [0, 12, 0.00185],
			"to": [16, 16, 16.00185],
			"rotation": {"angle": 0, "axis": "y", "origin": [8, 8.05556, 14.07593]},
			"faces": {
				"north": {"uv": [0, 0, 16, 4], "texture": "#2"},
				"east": {"uv": [0, 0, 16, 4], "texture": "#2"},
				"south": {"uv": [0, 3, 16, 7], "texture": "#2"},
				"west": {"uv": [0, 0, 16, 4], "texture": "#2"},
				"up": {"uv": [0, 0, 16, 16], "rotation": 180, "texture": "#0"},
				"down": {"uv": [0, 0, 16, 16], "rotation": 180, "texture": "#3"}
			}
		},
		{
			"from": [0, 5, 0.00185],
			"to": [1, 12, 16.00185],
			"rotation": {"angle": 0, "axis": "y", "origin": [8, 8.05556, 14.07593]},
			"faces": {
				"north": {"uv": [0, 0, 1, 7], "texture": "#2"},
				"east": {"uv": [0, 3, 16, 10], "texture": "#3"},
				"south": {"uv": [0, 0, 1, 7], "texture": "#2"},
				"west": {"uv": [0, 4, 16, 11], "texture": "#2"},
				"up": {"uv": [0, 0, 1, 16], "rotation": 180, "texture": "#missing"},
				"down": {"uv": [0, 0, 1, 16], "rotation": 180, "texture": "#missing"}
			}
		},
		{
			"from": [15, 5, 0.00185],
			"to": [16, 12, 16.00185],
			"rotation": {"angle": 0, "axis": "y", "origin": [8, 8.05556, 14.07593]},
			"faces": {
				"north": {"uv": [0, 0, 1, 7], "texture": "#2"},
				"east": {"uv": [0, 4, 16, 11], "texture": "#2"},
				"south": {"uv": [0, 0, 1, 7], "texture": "#2"},
				"west": {"uv": [0, 3, 16, 10], "texture": "#3"},
				"up": {"uv": [0, 0, 1, 16], "rotation": 180, "texture": "#missing"},
				"down": {"uv": [0, 0, 1, 16], "rotation": 180, "texture": "#missing"}
			}
		},
		{
			"from": [1, 5, 0.00185],
			"to": [15, 12, 2.00185],
			"rotation": {"angle": 0, "axis": "y", "origin": [8, 8.05556, 14.07593]},
			"faces": {
				"north": {"uv": [1, 4, 15, 11], "texture": "#2"},
				"east": {"uv": [0, 0, 2, 7], "texture": "#missing"},
				"south": {"uv": [1, 3, 15, 10], "texture": "#3"},
				"west": {"uv": [0, 0, 2, 7], "texture": "#missing"},
				"up": {"uv": [0, 0, 14, 2], "rotation": 180, "texture": "#missing"},
				"down": {"uv": [0, 0, 14, 2], "rotation": 180, "texture": "#missing"}
			}
		},
		{
			"from": [12, 1, 16.00185],
			"to": [13, 5, 17.00185],
			"rotation": {"angle": 0, "axis": "y", "origin": [8, 8.05556, 14.07593]},
			"faces": {
				"north": {"uv": [0, 0, 1, 4], "texture": "#4"},
				"east": {"uv": [0, 0, 1, 4], "texture": "#4"},
				"south": {"uv": [0, 0, 1, 4], "texture": "#4"},
				"west": {"uv": [0, 0, 1, 4], "texture": "#4"},
				"up": {"uv": [0, 0, 1, 1], "rotation": 180, "texture": "#4"},
				"down": {"uv": [0, 0, 1, 1], "rotation": 180, "texture": "#4"}
			}
		},
		{
			"from": [3, 1, 16.00185],
			"to": [4, 5, 17.00185],
			"rotation": {"angle": 0, "axis": "y", "origin": [8, 8.05556, 14.07593]},
			"faces": {
				"north": {"uv": [0, 0, 1, 4], "texture": "#4"},
				"east": {"uv": [0, 0, 1, 4], "texture": "#4"},
				"south": {"uv": [0, 0, 1, 4], "texture": "#4"},
				"west": {"uv": [0, 0, 1, 4], "texture": "#4"},
				"up": {"uv": [0, 0, 1, 1], "rotation": 180, "texture": "#4"},
				"down": {"uv": [0, 0, 1, 1], "rotation": 180, "texture": "#4"}
			}
		},
		{
			"from": [5, 1, 16.00185],
			"to": [6, 5, 17.00185],
			"rotation": {"angle": 0, "axis": "y", "origin": [8, 8.05556, 14.07593]},
			"faces": {
				"north": {"uv": [0, 0, 1, 4], "texture": "#4"},
				"east": {"uv": [0, 0, 1, 4], "texture": "#4"},
				"south": {"uv": [1, 1, 2, 5], "texture": "#4"},
				"west": {"uv": [0, 0, 1, 4], "texture": "#4"},
				"up": {"uv": [0, 0, 1, 1], "rotation": 180, "texture": "#4"},
				"down": {"uv": [0, 0, 1, 1], "rotation": 180, "texture": "#4"}
			}
		},
		{
			"from": [10, 1, 16.00185],
			"to": [11, 5, 17.00185],
			"rotation": {"angle": 0, "axis": "y", "origin": [8, 8.05556, 14.07593]},
			"faces": {
				"north": {"uv": [0, 0, 1, 4], "texture": "#4"},
				"east": {"uv": [0, 0, 1, 4], "texture": "#4"},
				"south": {"uv": [5, 3, 6, 7], "texture": "#4"},
				"west": {"uv": [0, 0, 1, 4], "texture": "#4"},
				"up": {"uv": [0, 0, 1, 1], "rotation": 180, "texture": "#4"},
				"down": {"uv": [0, 0, 1, 1], "rotation": 180, "texture": "#4"}
			}
		},
		{
			"from": [7, 1, 16.00185],
			"to": [9, 5, 17.00185],
			"rotation": {"angle": 0, "axis": "y", "origin": [8, 8.05556, 14.07593]},
			"faces": {
				"north": {"uv": [0, 0, 2, 4], "texture": "#4"},
				"east": {"uv": [0, 0, 1, 4], "texture": "#4"},
				"south": {"uv": [1, 1, 3, 5], "texture": "#4"},
				"west": {"uv": [0, 0, 1, 4], "texture": "#4"},
				"up": {"uv": [0, 0, 2, 1], "rotation": 180, "texture": "#4"},
				"down": {"uv": [0, 0, 2, 1], "rotation": 180, "texture": "#4"}
			}
		},
		{
			"from": [3, 0, 16.00185],
			"to": [13, 1, 17.00185],
			"rotation": {"angle": 0, "axis": "y", "origin": [8, 8.05556, 14.07593]},
			"faces": {
				"north": {"uv": [0, 0, 10, 1], "texture": "#4"},
				"east": {"uv": [0, 0, 1, 1], "texture": "#4"},
				"south": {"uv": [0, 0, 10, 1], "texture": "#4"},
				"west": {"uv": [0, 0, 1, 1], "texture": "#4"},
				"up": {"uv": [0, 0, 10, 1], "rotation": 180, "texture": "#4"},
				"down": {"uv": [0, 0, 10, 1], "rotation": 180, "texture": "#4"}
			}
		}
	],
	"groups": [
		{
			"name": "OvenTrim",
			"origin": [8, 6.6, -0.5],
			"children": [0, 1, 2, 3, 4, 5, 6, 7, 8, 9, 10, 11, 12, 13, 14, 15]
		},
		{
			"name": "OvenBase",
			"origin": [8, 20, 8],
			"children": [16, 17, 18, 19, 20]
		},
		{
			"name": "FuelTrim",
			"origin": [8, 8, 8],
			"children": [21, 22, 23, 24, 25, 26]
		}
	]
}