{
	"credit": "Made with Blockbench",
	"textures": {
		"0": "block/smoker_bottom",
		"1": "block/smoker_front",
		"2": "block/smoker_side",
		"3": "block/smoker_top",
		"4": "block/smooth_stone",
		"particle": "block/smoker_bottom"
	},
	"elements": [
		{
			"from": [-2.00093, 5, 1.00093],
			"to": [13.99907, 6, 15.00093],
			"rotation": {"angle": 0, "axis": "y", "origin": [1.925, 8.05556, 8.00093]},
			"faces": {
				"north": {"uv": [0, 0, 1, 16], "rotation": 90, "texture": "#4"},
				"east": {"uv": [0, 0, 14, 1], "texture": "#4"},
				"south": {"uv": [0, 0, 1, 16], "rotation": 270, "texture": "#4"},
				"west": {"uv": [0, 0, 14, 1], "rotation": 180, "texture": "#4"},
				"up": {"uv": [1, 0, 15, 16], "rotation": 270, "texture": "#4"},
				"down": {"uv": [1, 0, 15, 16], "rotation": 270, "texture": "#4"}
			}
		},
		{
			"from": [-2.00093, 6, 1.00093],
			"to": [1.99907, 9, 2.00093],
			"rotation": {"angle": 0, "axis": "y", "origin": [1.925, 8.05556, 8.00093]},
			"faces": {
				"north": {"uv": [3, 0, 6, 4], "rotation": 90, "texture": "#4"},
				"east": {"uv": [0, 0, 1, 3], "texture": "#4"},
				"south": {"uv": [3, 0, 6, 4], "rotation": 270, "texture": "#4"},
				"west": {"uv": [0, 0, 1, 3], "rotation": 180, "texture": "#4"},
				"up": {"uv": [0, 0, 1, 4], "rotation": 270, "texture": "#4"},
				"down": {"uv": [0, 0, 1, 4], "rotation": 270, "texture": "#4"}
			}
		},
		{
			"from": [-2.00093, 6, 14.00093],
			"to": [1.99907, 9, 15.00093],
			"rotation": {"angle": 0, "axis": "y", "origin": [1.925, 8.05556, 8.00093]},
			"faces": {
				"north": {"uv": [3, 4, 6, 0], "rotation": 270, "texture": "#4"},
				"east": {"uv": [1, 0, 0, 3], "texture": "#4"},
				"south": {"uv": [3, 4, 6, 0], "rotation": 90, "texture": "#4"},
				"west": {"uv": [1, 0, 0, 3], "rotation": 180, "texture": "#4"},
				"up": {"uv": [1, 0, 0, 4], "rotation": 270, "texture": "#4"},
				"down": {"uv": [1, 0, 0, 4], "rotation": 270, "texture": "#4"}
			}
		},
		{
			"from": [-0.00093, 9, 1.00093],
			"to": [0.99907, 10, 2.00093],
			"rotation": {"angle": 0, "axis": "y", "origin": [1.925, 8.05556, 8.00093]},
			"faces": {
				"north": {"uv": [3, 0, 4, 1], "rotation": 90, "texture": "#missing"},
				"east": {"uv": [1, 0, 2, 1], "texture": "#missing"},
				"south": {"uv": [3, 0, 4, 1], "rotation": 270, "texture": "#missing"},
				"west": {"uv": [1, 0, 2, 1], "rotation": 180, "texture": "#1"},
				"up": {"uv": [1, 0, 2, 1], "rotation": 270, "texture": "#missing"},
				"down": {"uv": [1, 0, 2, 1], "rotation": 270, "texture": "#missing"}
			}
		},
		{
			"from": [-2.00093, 12, 6.00093],
			"to": [-0.00093, 13, 10.00093],
			"rotation": {"angle": 0, "axis": "y", "origin": [1.925, 8.05556, 8.00093]},
			"faces": {
				"north": {"uv": [1, 0, 2, 2], "rotation": 90, "texture": "#4"},
				"east": {"uv": [0, 0, 4, 1], "texture": "#4"},
				"south": {"uv": [1, 0, 2, 2], "rotation": 270, "texture": "#4"},
				"west": {"uv": [0, 0, 4, 1], "rotation": 180, "texture": "#4"},
				"up": {"uv": [1, 0, 5, 2], "rotation": 270, "texture": "#4"},
				"down": {"uv": [1, 0, 5, 2], "rotation": 270, "texture": "#4"}
			}
		},
		{
			"from": [-2.00093, 11, 4.00093],
			"to": [1.99907, 12, 6.00093],
			"rotation": {"angle": 0, "axis": "y", "origin": [1.925, 8.05556, 8.00093]},
			"faces": {
				"north": {"uv": [1, 0, 2, 4], "rotation": 90, "texture": "#4"},
				"east": {"uv": [2, 0, 4, 1], "texture": "#4"},
				"south": {"uv": [1, 0, 2, 4], "rotation": 270, "texture": "#4"},
				"west": {"uv": [2, 0, 4, 1], "rotation": 180, "texture": "#4"},
				"up": {"uv": [2, 0, 4, 4], "rotation": 270, "texture": "#4"},
				"down": {"uv": [2, 0, 4, 4], "rotation": 270, "texture": "#4"}
			}
		},
		{
			"from": [-2.00093, 11, 10.00093],
			"to": [1.99907, 12, 12.00093],
			"rotation": {"angle": 0, "axis": "y", "origin": [1.925, 8.05556, 8.00093]},
			"faces": {
				"north": {"uv": [1, 4, 2, 8], "rotation": 270, "texture": "#4"},
				"east": {"uv": [4, 0, 6, 1], "texture": "#4"},
				"south": {"uv": [1, 4, 2, 8], "rotation": 90, "texture": "#4"},
				"west": {"uv": [4, 0, 6, 1], "rotation": 180, "texture": "#4"},
				"up": {"uv": [4, 0, 6, 4], "rotation": 270, "texture": "#4"},
				"down": {"uv": [4, 0, 6, 4], "rotation": 270, "texture": "#4"}
			}
		},
		{
			"from": [-2.00093, 10, 3.00093],
			"to": [1.99907, 11, 4.00093],
			"rotation": {"angle": 0, "axis": "y", "origin": [1.925, 8.05556, 8.00093]},
			"faces": {
				"north": {"uv": [1, 0, 2, 4], "rotation": 90, "texture": "#4"},
				"east": {"uv": [1, 0, 2, 1], "texture": "#4"},
				"south": {"uv": [1, 0, 2, 4], "rotation": 270, "texture": "#4"},
				"west": {"uv": [1, 0, 2, 1], "rotation": 180, "texture": "#4"},
				"up": {"uv": [1, 0, 2, 4], "rotation": 270, "texture": "#4"},
				"down": {"uv": [1, 0, 2, 4], "rotation": 270, "texture": "#4"}
			}
		},
		{
			"from": [-2.00093, 10, 12.00093],
			"to": [1.99907, 11, 13.00093],
			"rotation": {"angle": 0, "axis": "y", "origin": [1.925, 8.05556, 8.00093]},
			"faces": {
				"north": {"uv": [1, 4, 2, 8], "rotation": 270, "texture": "#4"},
				"east": {"uv": [2, 0, 3, 1], "texture": "#4"},
				"south": {"uv": [1, 4, 2, 8], "rotation": 90, "texture": "#4"},
				"west": {"uv": [2, 0, 3, 1], "rotation": 180, "texture": "#4"},
				"up": {"uv": [2, 0, 3, 4], "rotation": 270, "texture": "#4"},
				"down": {"uv": [2, 0, 3, 4], "rotation": 270, "texture": "#4"}
			}
		},
		{
			"from": [-0.00093, 11, 3.00093],
			"to": [0.99907, 12, 4.00093],
			"rotation": {"angle": 0, "axis": "y", "origin": [1.925, 8.05556, 8.00093]},
			"faces": {
				"north": {"uv": [1, 0, 2, 1], "rotation": 90, "texture": "#missing"},
				"east": {"uv": [1, 0, 2, 1], "texture": "#missing"},
				"south": {"uv": [1, 0, 2, 1], "rotation": 270, "texture": "#missing"},
				"west": {"uv": [4, 3, 5, 4], "rotation": 180, "texture": "#0"},
				"up": {"uv": [1, 0, 2, 1], "rotation": 270, "texture": "#missing"},
				"down": {"uv": [1, 0, 2, 1], "rotation": 270, "texture": "#missing"}
			}
		},
		{
			"from": [-0.00093, 11, 12.00093],
			"to": [0.99907, 12, 13.00093],
			"rotation": {"angle": 0, "axis": "y", "origin": [1.925, 8.05556, 8.00093]},
			"faces": {
				"north": {"uv": [1, 1, 2, 0], "rotation": 270, "texture": "#missing"},
				"east": {"uv": [2, 0, 1, 1], "texture": "#missing"},
				"south": {"uv": [1, 1, 2, 0], "rotation": 90, "texture": "#missing"},
				"west": {"uv": [3, 2, 2, 3], "rotation": 180, "texture": "#0"},
				"up": {"uv": [2, 0, 1, 1], "rotation": 270, "texture": "#missing"},
				"down": {"uv": [2, 0, 1, 1], "rotation": 270, "texture": "#missing"}
			}
		},
		{
			"from": [-2.00093, 9, 2.00093],
			"to": [1.99907, 10, 3.00093],
			"rotation": {"angle": 0, "axis": "y", "origin": [1.925, 8.05556, 8.00093]},
			"faces": {
				"north": {"uv": [1, 0, 2, 4], "rotation": 90, "texture": "#4"},
				"east": {"uv": [1, 0, 2, 1], "texture": "#4"},
				"south": {"uv": [1, 0, 2, 4], "rotation": 270, "texture": "#4"},
				"west": {"uv": [1, 0, 2, 1], "rotation": 180, "texture": "#4"},
				"up": {"uv": [1, 0, 2, 4], "rotation": 270, "texture": "#4"},
				"down": {"uv": [1, 0, 2, 4], "rotation": 270, "texture": "#4"}
			}
		},
		{
			"from": [-2.00093, 9, 13.00093],
			"to": [1.99907, 10, 14.00093],
			"rotation": {"angle": 0, "axis": "y", "origin": [1.925, 8.05556, 8.00093]},
			"faces": {
				"north": {"uv": [1, 4, 2, 8], "rotation": 270, "texture": "#4"},
				"east": {"uv": [2, 0, 3, 1], "texture": "#4"},
				"south": {"uv": [1, 4, 2, 8], "rotation": 90, "texture": "#4"},
				"west": {"uv": [2, 0, 3, 1], "rotation": 180, "texture": "#4"},
				"up": {"uv": [2, 0, 3, 4], "rotation": 270, "texture": "#4"},
				"down": {"uv": [2, 0, 3, 4], "rotation": 270, "texture": "#4"}
			}
		},
		{
			"from": [-0.00093, 10, 1.00093],
			"to": [0.99907, 12, 3.00093],
			"rotation": {"angle": 0, "axis": "y", "origin": [1.925, 8.05556, 8.00093]},
			"faces": {
				"north": {"uv": [1, 0, 3, 1], "rotation": 90, "texture": "#missing"},
				"east": {"uv": [1, 0, 3, 2], "texture": "#missing"},
				"south": {"uv": [1, 0, 3, 1], "rotation": 270, "texture": "#missing"},
				"west": {"uv": [13, 3, 15, 5], "rotation": 180, "texture": "#1"},
				"up": {"uv": [1, 0, 3, 1], "rotation": 270, "texture": "#missing"},
				"down": {"uv": [1, 0, 3, 1], "rotation": 270, "texture": "#missing"}
			}
		},
		{
			"from": [-0.00093, 10, 13.00093],
			"to": [0.99907, 12, 15.00093],
			"rotation": {"angle": 0, "axis": "y", "origin": [1.925, 8.05556, 8.00093]},
			"faces": {
				"north": {"uv": [1, 1, 3, 0], "rotation": 270, "texture": "#missing"},
				"east": {"uv": [3, 0, 1, 2], "texture": "#missing"},
				"south": {"uv": [1, 1, 3, 0], "rotation": 90, "texture": "#missing"},
				"west": {"uv": [15, 4, 13, 6], "rotation": 180, "texture": "#1"},
				"up": {"uv": [3, 0, 1, 1], "rotation": 270, "texture": "#missing"},
				"down": {"uv": [3, 0, 1, 1], "rotation": 270, "texture": "#missing"}
			}
		},
		{
			"from": [-0.00093, 9, 14.00093],
			"to": [0.99907, 10, 15.00093],
			"rotation": {"angle": 0, "axis": "y", "origin": [1.925, 8.05556, 8.00093]},
			"faces": {
				"north": {"uv": [0, 0, 1, 1], "rotation": 90, "texture": "#missing"},
				"east": {"uv": [0, 0, 1, 1], "texture": "#missing"},
				"south": {"uv": [0, 0, 1, 1], "rotation": 270, "texture": "#missing"},
				"west": {"uv": [0, 0, 1, 1], "rotation": 180, "texture": "#1"},
				"up": {"uv": [0, 0, 1, 1], "rotation": 270, "texture": "#missing"},
				"down": {"uv": [0, 0, 1, 1], "rotation": 270, "texture": "#missing"}
			}
		},
		{
			"from": [-0.00093, 0, 0.00093],
			"to": [15.99907, 5, 16.00093],
			"rotation": {"angle": 0, "axis": "y", "origin": [1.925, 8.05556, 8.00093]},
			"faces": {
				"north": {"uv": [0, 11, 16, 16], "texture": "#2"},
				"east": {"uv": [0, 11, 16, 16], "texture": "#2"},
				"south": {"uv": [0, 11, 16, 16], "texture": "#2"},
				"west": {"uv": [0, 3, 16, 8], "rotation": 180, "texture": "#1"},
				"up": {"uv": [0, 0, 16, 16], "rotation": 270, "texture": "#missing"},
				"down": {"uv": [0, 0, 16, 16], "rotation": 90, "texture": "#0"}
			}
		},
		{
			"from": [-0.00093, 12, 0.00093],
			"to": [15.99907, 16, 16.00093],
			"rotation": {"angle": 0, "axis": "y", "origin": [1.925, 8.05556, 8.00093]},
			"faces": {
				"north": {"uv": [0, 0, 16, 4], "texture": "#2"},
				"east": {"uv": [0, 0, 16, 4], "texture": "#2"},
				"south": {"uv": [0, 0, 16, 4], "texture": "#2"},
				"west": {"uv": [0, 3, 16, 7], "texture": "#2"},
				"up": {"uv": [0, 0, 16, 16], "rotation": 270, "texture": "#0"},
				"down": {"uv": [0, 0, 16, 16], "rotation": 90, "texture": "#3"}
			}
		},
		{
			"from": [-0.00093, 5, 0.00093],
			"to": [15.99907, 12, 1.00093],
			"rotation": {"angle": 0, "axis": "y", "origin": [1.925, 8.05556, 8.00093]},
			"faces": {
				"north": {"uv": [0, 4, 16, 11], "texture": "#2"},
				"east": {"uv": [0, 0, 1, 7], "texture": "#2"},
				"south": {"uv": [0, 3, 16, 10], "texture": "#3"},
				"west": {"uv": [0, 0, 1, 7], "texture": "#2"},
				"up": {"uv": [0, 0, 1, 16], "rotation": 270, "texture": "#missing"},
				"down": {"uv": [0, 0, 1, 16], "rotation": 90, "texture": "#missing"}
			}
		},
		{
			"from": [-0.00093, 5, 15.00093],
			"to": [15.99907, 12, 16.00093],
			"rotation": {"angle": 0, "axis": "y", "origin": [1.925, 8.05556, 8.00093]},
			"faces": {
				"north": {"uv": [0, 3, 16, 10], "texture": "#3"},
				"east": {"uv": [0, 0, 1, 7], "texture": "#2"},
				"south": {"uv": [0, 4, 16, 11], "texture": "#2"},
				"west": {"uv": [0, 0, 1, 7], "texture": "#2"},
				"up": {"uv": [0, 0, 1, 16], "rotation": 270, "texture": "#missing"},
				"down": {"uv": [0, 0, 1, 16], "rotation": 90, "texture": "#missing"}
			}
		},
		{
			"from": [13.99907, 5, 1.00093],
			"to": [15.99907, 12, 15.00093],
			"rotation": {"angle": 0, "axis": "y", "origin": [1.925, 8.05556, 8.00093]},
			"faces": {
				"north": {"uv": [0, 0, 2, 7], "texture": "#missing"},
				"east": {"uv": [1, 4, 15, 11], "texture": "#2"},
				"south": {"uv": [0, 0, 2, 7], "texture": "#missing"},
				"west": {"uv": [1, 3, 15, 10], "texture": "#3"},
				"up": {"uv": [0, 0, 14, 2], "rotation": 270, "texture": "#missing"},
				"down": {"uv": [0, 0, 14, 2], "rotation": 90, "texture": "#missing"}
			}
		},
		{
			"from": [-1.00093, 1, 12.00093],
			"to": [-0.00093, 5, 13.00093],
			"rotation": {"angle": 0, "axis": "y", "origin": [1.925, 8.05556, 8.00093]},
			"faces": {
				"north": {"uv": [0, 0, 1, 4], "texture": "#4"},
				"east": {"uv": [0, 0, 1, 4], "texture": "#4"},
				"south": {"uv": [0, 0, 1, 4], "texture": "#4"},
				"west": {"uv": [0, 0, 1, 4], "texture": "#4"},
				"up": {"uv": [0, 0, 1, 1], "rotation": 270, "texture": "#4"},
				"down": {"uv": [0, 0, 1, 1], "rotation": 90, "texture": "#4"}
			}
		},
		{
			"from": [-1.00093, 1, 3.00093],
			"to": [-0.00093, 5, 4.00093],
			"rotation": {"angle": 0, "axis": "y", "origin": [1.925, 8.05556, 8.00093]},
			"faces": {
				"north": {"uv": [0, 0, 1, 4], "texture": "#4"},
				"east": {"uv": [0, 0, 1, 4], "texture": "#4"},
				"south": {"uv": [0, 0, 1, 4], "texture": "#4"},
				"west": {"uv": [0, 0, 1, 4], "texture": "#4"},
				"up": {"uv": [0, 0, 1, 1], "rotation": 270, "texture": "#4"},
				"down": {"uv": [0, 0, 1, 1], "rotation": 90, "texture": "#4"}
			}
		},
		{
			"from": [-1.00093, 1, 5.00093],
			"to": [-0.00093, 5, 6.00093],
			"rotation": {"angle": 0, "axis": "y", "origin": [1.925, 8.05556, 8.00093]},
			"faces": {
				"north": {"uv": [0, 0, 1, 4], "texture": "#4"},
				"east": {"uv": [0, 0, 1, 4], "texture": "#4"},
				"south": {"uv": [0, 0, 1, 4], "texture": "#4"},
				"west": {"uv": [1, 1, 2, 5], "texture": "#4"},
				"up": {"uv": [0, 0, 1, 1], "rotation": 270, "texture": "#4"},
				"down": {"uv": [0, 0, 1, 1], "rotation": 90, "texture": "#4"}
			}
		},
		{
			"from": [-1.00093, 1, 10.00093],
			"to": [-0.00093, 5, 11.00093],
			"rotation": {"angle": 0, "axis": "y", "origin": [1.925, 8.05556, 8.00093]},
			"faces": {
				"north": {"uv": [0, 0, 1, 4], "texture": "#4"},
				"east": {"uv": [0, 0, 1, 4], "texture": "#4"},
				"south": {"uv": [0, 0, 1, 4], "texture": "#4"},
				"west": {"uv": [5, 3, 6, 7], "texture": "#4"},
				"up": {"uv": [0, 0, 1, 1], "rotation": 270, "texture": "#4"},
				"down": {"uv": [0, 0, 1, 1], "rotation": 90, "texture": "#4"}
			}
		},
		{
			"from": [-1.00093, 1, 7.00093],
			"to": [-0.00093, 5, 9.00093],
			"rotation": {"angle": 0, "axis": "y", "origin": [1.925, 8.05556, 8.00093]},
			"faces": {
				"north": {"uv": [0, 0, 1, 4], "texture": "#4"},
				"east": {"uv": [0, 0, 2, 4], "texture": "#4"},
				"south": {"uv": [0, 0, 1, 4], "texture": "#4"},
				"west": {"uv": [1, 1, 3, 5], "texture": "#4"},
				"up": {"uv": [0, 0, 2, 1], "rotation": 270, "texture": "#4"},
				"down": {"uv": [0, 0, 2, 1], "rotation": 90, "texture": "#4"}
			}
		},
		{
			"from": [-1.00093, 0, 3.00093],
			"to": [-0.00093, 1, 13.00093],
			"rotation": {"angle": 0, "axis": "y", "origin": [1.925, 8.05556, 8.00093]},
			"faces": {
				"north": {"uv": [0, 0, 1, 1], "texture": "#4"},
				"east": {"uv": [0, 0, 10, 1], "texture": "#4"},
				"south": {"uv": [0, 0, 1, 1], "texture": "#4"},
				"west": {"uv": [0, 0, 10, 1], "texture": "#4"},
				"up": {"uv": [0, 0, 10, 1], "rotation": 270, "texture": "#4"},
				"down": {"uv": [0, 0, 10, 1], "rotation": 90, "texture": "#4"}
			}
		}
	],
	"groups": [
		{
			"name": "OvenTrim",
			"origin": [8, 6.6, -0.5],
			"children": [0, 1, 2, 3, 4, 5, 6, 7, 8, 9, 10, 11, 12, 13, 14, 15]
		},
		{
			"name": "OvenBase",
			"origin": [8, 20, 8],
			"children": [16, 17, 18, 19, 20]
		},
		{
			"name": "FuelTrim",
			"origin": [8, 8, 8],
			"children": [21, 22, 23, 24, 25, 26]
		}
	]
}