{
	"credit": "Modelled by Arctic",
	"textures": {
		"0": "block/anvil",
		"1": "block/bricks",
		"2": "block/magma",
		"3": "block/hopper_inside",
		"4": "block/smooth_stone",
		"particle": "block/anvil"
	},
	"elements": [
		{
			"from": [0, 11, 0],
			"to": [16, 16, 16],
			"rotation": {"angle": 0, "axis": "y", "origin": [8, 13.40476, 8]},
			"faces": {
				"north": {"uv": [0, 5, 16, 10], "texture": "#1"},
				"east": {"uv": [0, 5, 16, 10], "texture": "#1"},
				"south": {"uv": [0, 5, 16, 10], "texture": "#1"},
				"west": {"uv": [0, 5, 16, 10], "texture": "#1"},
				"up": {"uv": [0, 0, 16, 16], "rotation": 90, "texture": "#1"},
				"down": {"uv": [0, 0, 16, 16], "rotation": 270, "texture": "#1"}
			}
		},
		{
			"from": [0, 2, 0],
			"to": [16, 5, 16],
			"rotation": {"angle": 0, "axis": "y", "origin": [8, 13.40476, 8]},
			"faces": {
				"north": {"uv": [0, 0, 16, 3], "texture": "#1"},
				"east": {"uv": [0, 0, 16, 3], "texture": "#1"},
				"south": {"uv": [0, 0, 16, 3], "texture": "#1"},
				"west": {"uv": [0, 0, 16, 3], "texture": "#1"},
				"up": {"uv": [0, 0, 16, 16], "rotation": 90, "texture": "#1"},
				"down": {"uv": [0, 0, 16, 16], "rotation": 270, "texture": "#1"}
			}
		},
		{
			"from": [3, 5, 2],
			"to": [9, 6, 4],
			"rotation": {"angle": 0, "axis": "y", "origin": [8, 13.40476, 8]},
			"faces": {
				"north": {"uv": [0, 0, 6, 1], "texture": "#2"},
				"east": {"uv": [0, 0, 2, 1], "texture": "#2"},
				"south": {"uv": [0, 0, 6, 1], "texture": "#2"},
				"west": {"uv": [0, 0, 2, 1], "texture": "#2"},
				"up": {"uv": [0, 0, 2, 6], "rotation": 90, "texture": "#2"},
				"down": {"uv": [0, 0, 2, 6], "rotation": 270, "texture": "#2"}
			}
		},
		{
			"from": [3, 5, 12],
			"to": [9, 6, 14],
			"rotation": {"angle": 0, "axis": "y", "origin": [8, 13.40476, 8]},
			"faces": {
				"north": {"uv": [0, 0, 6, 1], "texture": "#2"},
				"east": {"uv": [0, 0, 2, 1], "texture": "#2"},
				"south": {"uv": [0, 0, 6, 1], "texture": "#2"},
				"west": {"uv": [0, 0, 2, 1], "texture": "#2"},
				"up": {"uv": [0, 0, 2, 6], "rotation": 90, "texture": "#2"},
				"down": {"uv": [0, 0, 2, 6], "rotation": 270, "texture": "#2"}
			}
		},
		{
			"from": [2, 5, 2],
			"to": [3, 10, 14],
			"rotation": {"angle": 0, "axis": "y", "origin": [8, 13.40476, 8]},
			"faces": {
				"north": {"uv": [0, 0, 1, 5], "texture": "#2"},
				"east": {"uv": [0, 0, 12, 5], "texture": "#2"},
				"south": {"uv": [0, 0, 1, 5], "texture": "#2"},
				"west": {"uv": [0, 0, 12, 5], "texture": "#2"},
				"up": {"uv": [0, 0, 12, 1], "rotation": 90, "texture": "#2"},
				"down": {"uv": [0, 0, 12, 1], "rotation": 270, "texture": "#2"}
			}
		},
		{
			"from": [0, 5, 0],
			"to": [16, 11, 2],
			"rotation": {"angle": 0, "axis": "y", "origin": [8, 13.40476, 8]},
			"faces": {
				"north": {"uv": [0, 2, 16, 8], "texture": "#1"},
				"east": {"uv": [1, 2, 3, 8], "texture": "#1"},
				"south": {"uv": [0, 0, 16, 6], "texture": "#1"},
				"west": {"uv": [0, 2, 2, 8], "texture": "#1"},
				"up": {"uv": [0, 0, 2, 16], "rotation": 90, "texture": "#1"},
				"down": {"uv": [0, 0, 2, 16], "rotation": 270, "texture": "#1"}
			}
		},
		{
			"from": [0, 5, 14],
			"to": [16, 11, 16],
			"rotation": {"angle": 0, "axis": "y", "origin": [8, 13.40476, 8]},
			"faces": {
				"north": {"uv": [0, 0, 16, 6], "texture": "#1"},
				"east": {"uv": [1, 2, 3, 8], "texture": "#1"},
				"south": {"uv": [0, 2, 16, 8], "texture": "#1"},
				"west": {"uv": [14, 2, 16, 8], "texture": "#1"},
				"up": {"uv": [0, 0, 2, 16], "rotation": 90, "texture": "#1"},
				"down": {"uv": [0, 0, 2, 16], "rotation": 270, "texture": "#1"}
			}
		},
		{
			"from": [0, 5, 2],
			"to": [1, 11, 14],
			"rotation": {"angle": 0, "axis": "y", "origin": [8, 13.40476, 8]},
			"faces": {
				"north": {"uv": [0, 0, 1, 6], "texture": "#1"},
				"east": {"uv": [0, 0, 12, 6], "texture": "#1"},
				"south": {"uv": [0, 0, 1, 6], "texture": "#1"},
				"west": {"uv": [2, 2, 14, 8], "texture": "#1"},
				"up": {"uv": [0, 0, 12, 1], "rotation": 90, "texture": "#1"},
				"down": {"uv": [0, 0, 12, 1], "rotation": 270, "texture": "#1"}
			}
		},
		{
			"from": [-1, 0, -1],
			"to": [17, 2, 17],
			"rotation": {"angle": 0, "axis": "y", "origin": [8, 13.40476, 8]},
			"faces": {
				"north": {"uv": [0, 0, 16, 2], "texture": "#4"},
				"east": {"uv": [0, 0, 16, 2], "texture": "#4"},
				"south": {"uv": [0, 0, 16, 2], "texture": "#4"},
				"west": {"uv": [0, 0, 16, 2], "texture": "#4"},
				"up": {"uv": [0, 0, 16, 16], "rotation": 90, "texture": "#4"},
				"down": {"uv": [0, 0, 16, 16], "rotation": 270, "texture": "#4"}
			}
		},
		{
			"from": [3, 6, 5],
			"to": [4, 9, 11],
			"rotation": {"angle": 0, "axis": "y", "origin": [8, 13.40476, 8]},
			"faces": {
				"north": {"uv": [0, 0, 1, 3], "texture": "#0"},
				"east": {"uv": [0, 0, 6, 3], "texture": "#0"},
				"south": {"uv": [0, 0, 1, 3], "texture": "#0"},
				"west": {"uv": [0, 0, 6, 3], "texture": "#0"},
				"up": {"uv": [0, 0, 6, 1], "rotation": 90, "texture": "#0"},
				"down": {"uv": [0, 0, 6, 1], "rotation": 270, "texture": "#0"}
			}
		},
		{
			"from": [14, 6, 5],
			"to": [15, 9, 11],
			"rotation": {"angle": 0, "axis": "y", "origin": [8, 13.40476, 8]},
			"faces": {
				"north": {"uv": [0, 0, 1, 3], "texture": "#0"},
				"east": {"uv": [0, 0, 6, 3], "texture": "#0"},
				"south": {"uv": [0, 0, 1, 3], "texture": "#0"},
				"west": {"uv": [0, 0, 6, 3], "texture": "#0"},
				"up": {"uv": [0, 0, 6, 1], "rotation": 90, "texture": "#0"},
				"down": {"uv": [0, 0, 6, 1], "rotation": 270, "texture": "#0"}
			}
		},
		{
			"from": [3, 6, 11],
			"to": [15, 9, 12],
			"rotation": {"angle": 0, "axis": "y", "origin": [8, 13.40476, 8]},
			"faces": {
				"north": {"uv": [0, 0, 12, 3], "texture": "#0"},
				"east": {"uv": [0, 0, 1, 3], "texture": "#0"},
				"south": {"uv": [0, 0, 12, 3], "texture": "#0"},
				"west": {"uv": [0, 0, 1, 3], "texture": "#0"},
				"up": {"uv": [0, 0, 1, 12], "rotation": 90, "texture": "#0"},
				"down": {"uv": [0, 0, 1, 12], "rotation": 270, "texture": "#0"}
			}
		},
		{
			"from": [3, 6, 4],
			"to": [15, 9, 5],
			"rotation": {"angle": 0, "axis": "y", "origin": [8, 13.40476, 8]},
			"faces": {
				"north": {"uv": [0, 0, 12, 3], "texture": "#0"},
				"east": {"uv": [0, 0, 1, 3], "texture": "#0"},
				"south": {"uv": [0, 0, 12, 3], "texture": "#0"},
				"west": {"uv": [0, 0, 1, 3], "texture": "#0"},
				"up": {"uv": [0, 0, 1, 12], "rotation": 90, "texture": "#0"},
				"down": {"uv": [0, 0, 1, 12], "rotation": 270, "texture": "#0"}
			}
		},
		{
			"from": [3, 5, 4],
			"to": [15, 6, 12],
			"rotation": {"angle": 0, "axis": "y", "origin": [8, 13.40476, 8]},
			"faces": {
				"north": {"uv": [0, 0, 12, 1], "texture": "#0"},
				"east": {"uv": [0, 0, 8, 1], "texture": "#0"},
				"south": {"uv": [0, 0, 12, 1], "texture": "#0"},
				"west": {"uv": [0, 0, 8, 1], "texture": "#0"},
				"up": {"uv": [0, 0, 8, 12], "rotation": 90, "texture": "#0"},
				"down": {"uv": [0, 0, 8, 12], "rotation": 270, "texture": "#0"}
			}
		},
		{
			"from": [3, 16, 3],
			"to": [13, 17, 13],
			"rotation": {"angle": 0, "axis": "y", "origin": [8, 13.40476, 8]},
			"faces": {
				"north": {"uv": [0, 0, 10, 1], "texture": "#4"},
				"east": {"uv": [0, 0, 10, 1], "texture": "#4"},
				"south": {"uv": [0, 0, 10, 1], "texture": "#4"},
				"west": {"uv": [0, 0, 10, 1], "texture": "#4"},
				"up": {"uv": [0, 0, 10, 10], "rotation": 90, "texture": "#4"},
				"down": {"uv": [0, 0, 10, 10], "rotation": 270, "texture": "#4"}
			}
		},
		{
			"from": [3, 28, 3],
			"to": [13, 29, 13],
			"rotation": {"angle": 0, "axis": "y", "origin": [8, 13.40476, 8]},
			"faces": {
				"north": {"uv": [0, 0, 10, 1], "texture": "#4"},
				"east": {"uv": [0, 0, 10, 1], "texture": "#4"},
				"south": {"uv": [0, 0, 10, 1], "texture": "#4"},
				"west": {"uv": [0, 0, 10, 1], "texture": "#4"},
				"up": {"uv": [0, 0, 16, 16], "rotation": 90, "texture": "#3"},
				"down": {"uv": [0, 0, 10, 10], "rotation": 270, "texture": "#4"}
			}
		},
		{
			"from": [3, 29, 3],
			"to": [13, 30, 4],
			"rotation": {"angle": 0, "axis": "y", "origin": [8, 13.40476, 8]},
			"faces": {
				"north": {"uv": [0, 0, 10, 1], "texture": "#4"},
				"east": {"uv": [0, 0, 1, 1], "texture": "#4"},
				"south": {"uv": [0, 0, 10, 1], "texture": "#4"},
				"west": {"uv": [0, 0, 1, 1], "texture": "#4"},
				"up": {"uv": [0, 0, 1, 10], "rotation": 90, "texture": "#4"},
				"down": {"uv": [0, 0, 1, 10], "rotation": 270, "texture": "#4"}
			}
		},
		{
			"from": [3, 29, 12],
			"to": [13, 30, 13],
			"rotation": {"angle": 0, "axis": "y", "origin": [8, 13.40476, 8]},
			"faces": {
				"north": {"uv": [0, 0, 10, 1], "texture": "#4"},
				"east": {"uv": [0, 0, 1, 1], "texture": "#4"},
				"south": {"uv": [0, 0, 10, 1], "texture": "#4"},
				"west": {"uv": [0, 0, 1, 1], "texture": "#4"},
				"up": {"uv": [0, 0, 1, 10], "rotation": 90, "texture": "#4"},
				"down": {"uv": [0, 0, 1, 10], "rotation": 270, "texture": "#4"}
			}
		},
		{
			"from": [4, 17, 4],
			"to": [12, 28, 12],
			"rotation": {"angle": 0, "axis": "y", "origin": [8, 13.40476, 8]},
			"faces": {
				"north": {"uv": [0, 0, 8, 11], "texture": "#1"},
				"east": {"uv": [0, 0, 8, 11], "texture": "#1"},
				"south": {"uv": [0, 0, 8, 11], "texture": "#1"},
				"west": {"uv": [0, 0, 8, 11], "texture": "#1"},
				"up": {"uv": [0, 0, 8, 8], "rotation": 90, "texture": "#1"},
				"down": {"uv": [0, 0, 8, 8], "rotation": 270, "texture": "#1"}
			}
		},
		{
			"from": [12, 29, 4],
			"to": [13, 30, 12],
			"rotation": {"angle": 0, "axis": "y", "origin": [8, 13.40476, 8]},
			"faces": {
				"north": {"uv": [0, 0, 1, 1], "texture": "#4"},
				"east": {"uv": [0, 0, 8, 1], "texture": "#4"},
				"south": {"uv": [0, 0, 1, 1], "texture": "#4"},
				"west": {"uv": [0, 0, 8, 1], "texture": "#4"},
				"up": {"uv": [0, 0, 8, 1], "rotation": 90, "texture": "#4"},
				"down": {"uv": [0, 0, 8, 1], "rotation": 270, "texture": "#4"}
			}
		},
		{
			"from": [3, 29, 4],
			"to": [4, 30, 12],
			"rotation": {"angle": 0, "axis": "y", "origin": [8, 13.40476, 8]},
			"faces": {
				"north": {"uv": [0, 0, 1, 1], "texture": "#4"},
				"east": {"uv": [0, 0, 8, 1], "texture": "#4"},
				"south": {"uv": [0, 0, 1, 1], "texture": "#4"},
				"west": {"uv": [0, 0, 8, 1], "texture": "#4"},
				"up": {"uv": [0, 0, 8, 1], "rotation": 90, "texture": "#4"},
				"down": {"uv": [0, 0, 8, 1], "rotation": 270, "texture": "#4"}
			}
		}
	],
	"groups": [
		{
			"name": "Main",
			"origin": [8, 8, 8],
			"children": [0, 1, 2, 3, 4, 5, 6, 7, 8]
		},
		{
			"name": "tray",
			"origin": [13, 13, 9],
			"children": [9, 10, 11, 12, 13]
		},
		{
			"name": "chimney",
			"origin": [8, 19, 8],
			"children": [14, 15, 16, 17, 18, 19, 20]
		}
	]
}