{
    "credit": "Modelled by Arctic", 
    "textures": {
        "main": "block/sawmill1"
    }, 
    "elements": [
        {
            "from": [ 0, 0, 0 ], 
            "to":   [ 16, 3, 16 ], 
            "faces": {
                "north": { "uv": [ 4, 0, 8, 0.75 ], "texture": "#main" }, 
                "east":  { "uv": [ 4, 0, 8, 0.75 ], "texture": "#main" }, 
                "south": { "uv": [ 4, 0, 8, 0.75 ], "texture": "#main" }, 
                "west":  { "uv": [ 4, 0, 8, 0.75 ], "texture": "#main" }, 
                "up":    { "uv": [ 4, 0, 8, 4 ], "texture": "#main" }, 
                "down":  { "uv": [ 4, 0, 8, 4 ], "texture": "#main" }
            }
        }, 
        {
            "from": [ 0, 3, 0 ], 
            "to":   [ 6, 8, 16 ], 
            "rotation": { "angle": 0, "axis": "y", "origin": [8, 11, 8] }, 
            "faces": {
                "north": { "uv": [ 1.25, 4.5, 2.75, 5.75 ], "texture": "#main" }, 
                "east":  { "uv": [ 2.75, 4, 4, 8 ], "rotation":90, "texture": "#main" }, 
                "south": { "uv": [ 1.25, 4.5, 2.75, 5.75 ], "texture": "#main" }, 
                "west":  { "uv": [ 0, 6.75, 4, 8 ], "texture": "#main" }, 
                "up":    { "uv": [ 0.75, 4, 2.25, 8 ], "texture": "#main" }, 
                "down":  { "uv": [ 0, 4, 1.5, 8 ], "texture": "#main" }
            }
        }, 
        {
            "from": [ 10, 3, 0 ], 
            "to":   [ 16, 8, 16 ], 
            "rotation": { "angle": 0, "axis": "y", "origin": [18, 11, 8] }, 
            "faces": {
                "north": { "uv": [ 1.25, 4.5, 2.75, 5.75 ], "texture": "#main" }, 
                "east":  { "uv": [ 2.75, 4, 4, 8 ], "rotation":90, "texture": "#main" }, 
                "south": { "uv": [ 1.25, 4.5, 2.75, 5.75 ], "texture": "#main" }, 
                "west":  { "uv": [ 0, 6.75, 4, 8 ], "texture": "#main" }, 
                "up":    { "uv": [ 0.75, 4, 2.25, 8 ], "texture": "#main" }, 
                "down":  { "uv": [ 0, 4, 1.5, 8 ], "texture": "#main" }
            }
        }, 
        {
            "from": [ 8, 0, 11 ], 
            "to":   [ 8, 23, 13 ], 
            "rotation": { "angle": 0, "axis": "y", "origin": [16, 8, 20] }, 
            "faces": {
                "north": { "uv": [ 0, 0, 0, 4 ], "texture": "#main" }, 
                "east":  { "uv": [ 0, 0, 0.5, 4 ], "texture": "#main" }, 
                "south": { "uv": [ 0, 0, 0, 4 ], "texture": "#main" }, 
                "west":  { "uv": [ 0, 0, 0.5, 4 ], "texture": "#main" }, 
                "up":    { "uv": [ 0, 0, 0, 0.5 ], "texture": "#main" }, 
                "down":  { "uv": [ 0, 0, 0, 0.5 ], "texture": "#main" }
            }
        }, 
        {
            "from": [ 8, 22, 10 ], 
            "to":   [ 8, 23, 11 ], 
            "rotation": { "angle": 0, "axis": "y", "origin": [16, 12, 18] }, 
            "faces": {
                "north": { "uv": [ 0, 0, 0, 0.25 ], "texture": "#main" }, 
                "east":  { "uv": [ 0, 0, 0.25, 0.25 ], "texture": "#main" }, 
                "south": { "uv": [ 0, 0, 0, 0.25 ], "texture": "#main" }, 
                "west":  { "uv": [ 0, 0, 0.25, 0.25 ], "texture": "#main" }, 
                "up":    { "uv": [ 0, 0, 0, 0.25 ], "texture": "#main" }, 
                "down":  { "uv": [ 0, 0, 0, 0.25 ], "texture": "#main" }
            }
        }, 
        {
            "from": [ 8, 20, 10 ], 
            "to":   [ 8, 21, 11 ], 
            "rotation": { "angle": 0, "axis": "y", "origin": [16, 10, 18] }, 
            "faces": {
                "north": { "uv": [ 0, 0, 0, 0.25 ], "texture": "#main" }, 
                "east":  { "uv": [ 0, 0, 0.25, 0.25 ], "texture": "#main" }, 
                "south": { "uv": [ 0, 0, 0, 0.25 ], "texture": "#main" }, 
                "west":  { "uv": [ 0, 0, 0.25, 0.25 ], "texture": "#main" }, 
                "up":    { "uv": [ 0, 0, 0, 0.25 ], "texture": "#main" }, 
                "down":  { "uv": [ 0, 0, 0, 0.25 ], "texture": "#main" }
            }
        }, 
        {
            "from": [ 8, 18, 10 ], 
            "to":   [ 8, 19, 11 ], 
            "rotation": { "angle": 0, "axis": "y", "origin": [16, 8, 18] }, 
            "faces": {
                "north": { "uv": [ 0, 0, 0, 0.25 ], "texture": "#main" }, 
                "east":  { "uv": [ 0, 0, 0.25, 0.25 ], "texture": "#main" }, 
                "south": { "uv": [ 0, 0, 0, 0.25 ], "texture": "#main" }, 
                "west":  { "uv": [ 0, 0, 0.25, 0.25 ], "texture": "#main" }, 
                "up":    { "uv": [ 0, 0, 0, 0.25 ], "texture": "#main" }, 
                "down":  { "uv": [ 0, 0, 0, 0.25 ], "texture": "#main" }
            }
        }, 
        {
            "from": [ 8, 16, 10 ], 
            "to":   [ 8, 17, 11 ], 
            "rotation": { "angle": 0, "axis": "y", "origin": [16, 6, 18] }, 
            "faces": {
                "north": { "uv": [ 0, 0, 0, 0.25 ], "texture": "#main" }, 
                "east":  { "uv": [ 0, 0, 0.25, 0.25 ], "texture": "#main" }, 
                "south": { "uv": [ 0, 0, 0, 0.25 ], "texture": "#main" }, 
                "west":  { "uv": [ 0, 0, 0.25, 0.25 ], "texture": "#main" }, 
                "up":    { "uv": [ 0, 0, 0, 0.25 ], "texture": "#main" }, 
                "down":  { "uv": [ 0, 0, 0, 0.25 ], "texture": "#main" }
            }
        }, 
        {
            "from": [ 8, 14, 10 ], 
            "to":   [ 8, 15, 11 ], 
            "rotation": { "angle": 0, "axis": "y", "origin": [16, 4, 18] }, 
            "faces": {
                "north": { "uv": [ 0, 0, 0, 0.25 ], "texture": "#main" }, 
                "east":  { "uv": [ 0, 0, 0.25, 0.25 ], "texture": "#main" }, 
                "south": { "uv": [ 0, 0, 0, 0.25 ], "texture": "#main" }, 
                "west":  { "uv": [ 0, 0, 0.25, 0.25 ], "texture": "#main" }, 
                "up":    { "uv": [ 0, 0, 0, 0.25 ], "texture": "#main" }, 
                "down":  { "uv": [ 0, 0, 0, 0.25 ], "texture": "#main" }
            }
        }, 
        {
            "from": [ 8, 12, 10 ], 
            "to":   [ 8, 13, 11 ], 
            "rotation": { "angle": 0, "axis": "y", "origin": [16, 2, 18] }, 
            "faces": {
                "north": { "uv": [ 0, 0, 0, 0.25 ], "texture": "#main" }, 
                "east":  { "uv": [ 0, 0, 0.25, 0.25 ], "texture": "#main" }, 
                "south": { "uv": [ 0, 0, 0, 0.25 ], "texture": "#main" }, 
                "west":  { "uv": [ 0, 0, 0.25, 0.25 ], "texture": "#main" }, 
                "up":    { "uv": [ 0, 0, 0, 0.25 ], "texture": "#main" }, 
                "down":  { "uv": [ 0, 0, 0, 0.25 ], "texture": "#main" }
            }
        }, 
        {
            "from": [ 8, 10, 10 ], 
            "to":   [ 8, 11, 11 ], 
            "rotation": { "angle": 0, "axis": "y", "origin": [16, 0, 18] }, 
            "faces": {
                "north": { "uv": [ 0, 0, 0, 0.25 ], "texture": "#main" }, 
                "east":  { "uv": [ 0, 0, 0.25, 0.25 ], "texture": "#main" }, 
                "south": { "uv": [ 0, 0, 0, 0.25 ], "texture": "#main" }, 
                "west":  { "uv": [ 0, 0, 0.25, 0.25 ], "texture": "#main" }, 
                "up":    { "uv": [ 0, 0, 0, 0.25 ], "texture": "#main" }, 
                "down":  { "uv": [ 0, 0, 0, 0.25 ], "texture": "#main" }
            }
        }, 
        {
            "from": [ 8, 8, 10 ], 
            "to":   [ 8, 9, 11 ], 
            "rotation": { "angle": 0, "axis": "y", "origin": [16, -2, 18] }, 
            "faces": {
                "north": { "uv": [ 0, 0, 0, 0.25 ], "texture": "#main" }, 
                "east":  { "uv": [ 0, 0, 0.25, 0.25 ], "texture": "#main" }, 
                "south": { "uv": [ 0, 0, 0, 0.25 ], "texture": "#main" }, 
                "west":  { "uv": [ 0, 0, 0.25, 0.25 ], "texture": "#main" }, 
                "up":    { "uv": [ 0, 0, 0, 0.25 ], "texture": "#main" }, 
                "down":  { "uv": [ 0, 0, 0, 0.25 ], "texture": "#main" }
            }
        }, 
        {
            "from": [ 8, 4, 10 ], 
            "to":   [ 8, 5, 11 ], 
            "rotation": { "angle": 0, "axis": "y", "origin": [16, -6, 18] }, 
            "faces": {
                "north": { "uv": [ 0, 0, 0, 0.25 ], "texture": "#main" }, 
                "east":  { "uv": [ 0, 0, 0.25, 0.25 ], "texture": "#main" }, 
                "south": { "uv": [ 0, 0, 0, 0.25 ], "texture": "#main" }, 
                "west":  { "uv": [ 0, 0, 0.25, 0.25 ], "texture": "#main" }, 
                "up":    { "uv": [ 0, 0, 0, 0.25 ], "texture": "#main" }, 
                "down":  { "uv": [ 0, 0, 0, 0.25 ], "texture": "#main" }
            }
        }, 
        {
            "from": [ 8, 6, 10 ], 
            "to":   [ 8, 7, 11 ], 
            "rotation": { "angle": 0, "axis": "y", "origin": [16, -4, 18] }, 
            "faces": {
                "north": { "uv": [ 0, 0, 0, 0.25 ], "texture": "#main" }, 
                "east":  { "uv": [ 0, 0, 0.25, 0.25 ], "texture": "#main" }, 
                "south": { "uv": [ 0, 0, 0, 0.25 ], "texture": "#main" }, 
                "west":  { "uv": [ 0, 0, 0.25, 0.25 ], "texture": "#main" }, 
                "up":    { "uv": [ 0, 0, 0, 0.25 ], "texture": "#main" }, 
                "down":  { "uv": [ 0, 0, 0, 0.25 ], "texture": "#main" }
            }
        }, 
        {
            "from": [ 8, 2, 10 ], 
            "to":   [ 8, 3, 11 ], 
            "rotation": { "angle": 0, "axis": "y", "origin": [16, -8, 18] }, 
            "faces": {
                "north": { "uv": [ 0, 0, 0, 0.25 ], "texture": "#main" }, 
                "east":  { "uv": [ 0, 0, 0.25, 0.25 ], "texture": "#main" }, 
                "south": { "uv": [ 0, 0, 0, 0.25 ], "texture": "#main" }, 
                "west":  { "uv": [ 0, 0, 0.25, 0.25 ], "texture": "#main" }, 
                "up":    { "uv": [ 0, 0, 0, 0.25 ], "texture": "#main" }, 
                "down":  { "uv": [ 0, 0, 0, 0.25 ], "texture": "#main" }
            }
        }, 
        {
            "from": [ 0, 0, 0 ], 
            "to":   [ 16, 3, 16 ], 
            "faces": {
                "north": { "uv": [ 12, 0, 16, 0.75 ], "texture": "#main" }, 
                "east":  { "uv": [ 12, 0, 16, 0.75 ], "texture": "#main" }, 
                "south": { "uv": [ 12, 0, 16, 0.75 ], "texture": "#main" }, 
                "west":  { "uv": [ 12, 0, 16, 0.75 ], "texture": "#main" }, 
                "up":    { "uv": [ 12, 0, 16, 4 ], "texture": "#main" }, 
                "down":  { "uv": [ 12, 0, 16, 4 ], "texture": "#main" }
            }
        }, 
        {
            "from": [ 0, 3, 0 ], 
            "to":   [ 6, 8, 16 ], 
            "rotation": { "angle": 0, "axis": "y", "origin": [8, 11, 8] }, 
            "faces": {
                "north": { "uv": [ 9.25, 4.5, 10.75, 5.75 ], "texture": "#main" }, 
                "east":  { "uv": [ 10.75, 4, 12, 8 ], "rotation":90, "texture": "#main" }, 
                "south": { "uv": [ 9.25, 4.5, 10.75, 5.75 ], "texture": "#main" }, 
                "west":  { "uv": [ 8, 6.75, 12, 8 ], "texture": "#main" }, 
                "up":    { "uv": [ 8.75, 4, 10.25, 8 ], "texture": "#main" }, 
                "down":  { "uv": [ 8, 4, 9.5, 8 ], "texture": "#main" }
            }
        }, 
        {
            "from": [ 10, 3, 0 ], 
            "to":   [ 16, 8, 16 ], 
            "rotation": { "angle": 0, "axis": "y", "origin": [18, 11, 8] }, 
            "faces": {
                "north": { "uv": [ 9.25, 4.5, 10.75, 5.75 ], "texture": "#main" }, 
                "east":  { "uv": [ 10.75, 4, 12, 8 ], "rotation":90, "texture": "#main" }, 
                "south": { "uv": [ 9.25, 4.5, 10.75, 5.75 ], "texture": "#main" }, 
                "west":  { "uv": [ 8, 6.75, 12, 8 ], "texture": "#main" }, 
                "up":    { "uv": [ 8.75, 4, 10.25, 8 ], "texture": "#main" }, 
                "down":  { "uv": [ 8, 4, 9.5, 8 ], "texture": "#main" }
            }
        }, 
        {
            "from": [ 8, 1, 11 ], 
            "to":   [ 8, 24, 13 ], 
            "rotation": { "angle": 0, "axis": "y", "origin": [16, 9, 20] }, 
            "faces": {
                "north": { "uv": [ 8, 0, 8, 4 ], "texture": "#main" }, 
                "east":  { "uv": [ 8, 0, 8.5, 4 ], "texture": "#main" }, 
                "south": { "uv": [ 8, 0, 8, 4 ], "texture": "#main" }, 
                "west":  { "uv": [ 8, 0, 8.5, 4 ], "texture": "#main" }, 
                "up":    { "uv": [ 8, 0, 8, 0.5 ], "texture": "#main" }, 
                "down":  { "uv": [ 8, 0, 8, 0.5 ], "texture": "#main" }
            }
        }, 
        {
            "from": [ 8, 23, 10 ], 
            "to":   [ 8, 24, 11 ], 
            "rotation": { "angle": 0, "axis": "y", "origin": [16, 13, 18] }, 
            "faces": {
                "north": { "uv": [ 8, 0, 8, 0.25 ], "texture": "#main" }, 
                "east":  { "uv": [ 8, 0, 8.25, 0.25 ], "texture": "#main" }, 
                "south": { "uv": [ 8, 0, 8, 0.25 ], "texture": "#main" }, 
                "west":  { "uv": [ 8, 0, 8.25, 0.25 ], "texture": "#main" }, 
                "up":    { "uv": [ 8, 0, 8, 0.25 ], "texture": "#main" }, 
                "down":  { "uv": [ 8, 0, 8, 0.25 ], "texture": "#main" }
            }
        }, 
        {
            "from": [ 8, 21, 10 ], 
            "to":   [ 8, 22, 11 ], 
            "rotation": { "angle": 0, "axis": "y", "origin": [16, 11, 18] }, 
            "faces": {
                "north": { "uv": [ 8, 0, 8, 0.25 ], "texture": "#main" }, 
                "east":  { "uv": [ 8, 0, 8.25, 0.25 ], "texture": "#main" }, 
                "south": { "uv": [ 8, 0, 8, 0.25 ], "texture": "#main" }, 
                "west":  { "uv": [ 8, 0, 8.25, 0.25 ], "texture": "#main" }, 
                "up":    { "uv": [ 8, 0, 8, 0.25 ], "texture": "#main" }, 
                "down":  { "uv": [ 8, 0, 8, 0.25 ], "texture": "#main" }
            }
        }, 
        {
            "from": [ 8, 19, 10 ], 
            "to":   [ 8, 20, 11 ], 
            "rotation": { "angle": 0, "axis": "y", "origin": [16, 9, 18] }, 
            "faces": {
                "north": { "uv": [ 8, 0, 8, 0.25 ], "texture": "#main" }, 
                "east":  { "uv": [ 8, 0, 8.25, 0.25 ], "texture": "#main" }, 
                "south": { "uv": [ 8, 0, 8, 0.25 ], "texture": "#main" }, 
                "west":  { "uv": [ 8, 0, 8.25, 0.25 ], "texture": "#main" }, 
                "up":    { "uv": [ 8, 0, 8, 0.25 ], "texture": "#main" }, 
                "down":  { "uv": [ 8, 0, 8, 0.25 ], "texture": "#main" }
            }
        }, 
        {
            "from": [ 8, 17, 10 ], 
            "to":   [ 8, 18, 11 ], 
            "rotation": { "angle": 0, "axis": "y", "origin": [16, 7, 18] }, 
            "faces": {
                "north": { "uv": [ 8, 0, 8, 0.25 ], "texture": "#main" }, 
                "east":  { "uv": [ 8, 0, 8.25, 0.25 ], "texture": "#main" }, 
                "south": { "uv": [ 8, 0, 8, 0.25 ], "texture": "#main" }, 
                "west":  { "uv": [ 8, 0, 8.25, 0.25 ], "texture": "#main" }, 
                "up":    { "uv": [ 8, 0, 8, 0.25 ], "texture": "#main" }, 
                "down":  { "uv": [ 8, 0, 8, 0.25 ], "texture": "#main" }
            }
        }, 
        {
            "from": [ 8, 15, 10 ], 
            "to":   [ 8, 16, 11 ], 
            "rotation": { "angle": 0, "axis": "y", "origin": [16, 5, 18] }, 
            "faces": {
                "north": { "uv": [ 8, 0, 8, 0.25 ], "texture": "#main" }, 
                "east":  { "uv": [ 8, 0, 8.25, 0.25 ], "texture": "#main" }, 
                "south": { "uv": [ 8, 0, 8, 0.25 ], "texture": "#main" }, 
                "west":  { "uv": [ 8, 0, 8.25, 0.25 ], "texture": "#main" }, 
                "up":    { "uv": [ 8, 0, 8, 0.25 ], "texture": "#main" }, 
                "down":  { "uv": [ 8, 0, 8, 0.25 ], "texture": "#main" }
            }
        }, 
        {
            "from": [ 8, 13, 10 ], 
            "to":   [ 8, 14, 11 ], 
            "rotation": { "angle": 0, "axis": "y", "origin": [16, 3, 18] }, 
            "faces": {
                "north": { "uv": [ 8, 0, 8, 0.25 ], "texture": "#main" }, 
                "east":  { "uv": [ 8, 0, 8.25, 0.25 ], "texture": "#main" }, 
                "south": { "uv": [ 8, 0, 8, 0.25 ], "texture": "#main" }, 
                "west":  { "uv": [ 8, 0, 8.25, 0.25 ], "texture": "#main" }, 
                "up":    { "uv": [ 8, 0, 8, 0.25 ], "texture": "#main" }, 
                "down":  { "uv": [ 8, 0, 8, 0.25 ], "texture": "#main" }
            }
        }, 
        {
            "from": [ 8, 11, 10 ], 
            "to":   [ 8, 12, 11 ], 
            "rotation": { "angle": 0, "axis": "y", "origin": [16, 1, 18] }, 
            "faces": {
                "north": { "uv": [ 8, 0, 8, 0.25 ], "texture": "#main" }, 
                "east":  { "uv": [ 8, 0, 8.25, 0.25 ], "texture": "#main" }, 
                "south": { "uv": [ 8, 0, 8, 0.25 ], "texture": "#main" }, 
                "west":  { "uv": [ 8, 0, 8.25, 0.25 ], "texture": "#main" }, 
                "up":    { "uv": [ 8, 0, 8, 0.25 ], "texture": "#main" }, 
                "down":  { "uv": [ 8, 0, 8, 0.25 ], "texture": "#main" }
            }
        }, 
        {
            "from": [ 8, 9, 10 ], 
            "to":   [ 8, 10, 11 ], 
            "rotation": { "angle": 0, "axis": "y", "origin": [16, -1, 18] }, 
            "faces": {
                "north": { "uv": [ 8, 0, 8, 0.25 ], "texture": "#main" }, 
                "east":  { "uv": [ 8, 0, 8.25, 0.25 ], "texture": "#main" }, 
                "south": { "uv": [ 8, 0, 8, 0.25 ], "texture": "#main" }, 
                "west":  { "uv": [ 8, 0, 8.25, 0.25 ], "texture": "#main" }, 
                "up":    { "uv": [ 8, 0, 8, 0.25 ], "texture": "#main" }, 
                "down":  { "uv": [ 8, 0, 8, 0.25 ], "texture": "#main" }
            }
        }, 
        {
            "from": [ 8, 5, 10 ], 
            "to":   [ 8, 6, 11 ], 
            "rotation": { "angle": 0, "axis": "y", "origin": [16, -5, 18] }, 
            "faces": {
                "north": { "uv": [ 8, 0, 8, 0.25 ], "texture": "#main" }, 
                "east":  { "uv": [ 8, 0, 8.25, 0.25 ], "texture": "#main" }, 
                "south": { "uv": [ 8, 0, 8, 0.25 ], "texture": "#main" }, 
                "west":  { "uv": [ 8, 0, 8.25, 0.25 ], "texture": "#main" }, 
                "up":    { "uv": [ 8, 0, 8, 0.25 ], "texture": "#main" }, 
                "down":  { "uv": [ 8, 0, 8, 0.25 ], "texture": "#main" }
            }
        }, 
        {
            "from": [ 8, 7, 10 ], 
            "to":   [ 8, 8, 11 ], 
            "rotation": { "angle": 0, "axis": "y", "origin": [16, -3, 18] }, 
            "faces": {
                "north": { "uv": [ 8, 0, 8, 0.25 ], "texture": "#main" }, 
                "east":  { "uv": [ 8, 0, 8.25, 0.25 ], "texture": "#main" }, 
                "south": { "uv": [ 8, 0, 8, 0.25 ], "texture": "#main" }, 
                "west":  { "uv": [ 8, 0, 8.25, 0.25 ], "texture": "#main" }, 
                "up":    { "uv": [ 8, 0, 8, 0.25 ], "texture": "#main" }, 
                "down":  { "uv": [ 8, 0, 8, 0.25 ], "texture": "#main" }
            }
        }, 
        {
            "from": [ 8, 3, 10 ], 
            "to":   [ 8, 4, 11 ], 
            "rotation": { "angle": 0, "axis": "y", "origin": [16, -7, 18] }, 
            "faces": {
                "north": { "uv": [ 8, 0, 8, 0.25 ], "texture": "#main" }, 
                "east":  { "uv": [ 8, 0, 8.25, 0.25 ], "texture": "#main" }, 
                "south": { "uv": [ 8, 0, 8, 0.25 ], "texture": "#main" }, 
                "west":  { "uv": [ 8, 0, 8.25, 0.25 ], "texture": "#main" }, 
                "up":    { "uv": [ 8, 0, 8, 0.25 ], "texture": "#main" }, 
                "down":  { "uv": [ 8, 0, 8, 0.25 ], "texture": "#main" }
            }
        }, 
        {
            "from": [ 0, 0, 0 ], 
            "to":   [ 16, 3, 16 ], 
            "faces": {
                "north": { "uv": [ 4, 8, 8, 8.75 ], "texture": "#main" }, 
                "east":  { "uv": [ 4, 8, 8, 8.75 ], "texture": "#main" }, 
                "south": { "uv": [ 4, 8, 8, 8.75 ], "texture": "#main" }, 
                "west":  { "uv": [ 4, 8, 8, 8.75 ], "texture": "#main" }, 
                "up":    { "uv": [ 4, 8, 8, 12 ], "texture": "#main" }, 
                "down":  { "uv": [ 4, 8, 8, 12 ], "texture": "#main" }
            }
        }, 
        {
            "from": [ 0, 3, 0 ], 
            "to":   [ 6, 8, 16 ], 
            "rotation": { "angle": 0, "axis": "y", "origin": [8, 11, 8] }, 
            "faces": {
                "north": { "uv": [ 1.25, 12.5, 2.75, 13.75 ], "texture": "#main" }, 
                "east":  { "uv": [ 2.75, 12, 4, 16 ], "rotation":90, "texture": "#main" }, 
                "south": { "uv": [ 1.25, 12.5, 2.75, 13.75 ], "texture": "#main" }, 
                "west":  { "uv": [ 0, 14.75, 4, 16 ], "texture": "#main" }, 
                "up":    { "uv": [ 0.75, 12, 2.25, 16 ], "texture": "#main" }, 
                "down":  { "uv": [ 0, 12, 1.5, 16 ], "texture": "#main" }
            }
        }, 
        {
            "from": [ 10, 3, 0 ], 
            "to":   [ 16, 8, 16 ], 
            "rotation": { "angle": 0, "axis": "y", "origin": [18, 11, 8] }, 
            "faces": {
                "north": { "uv": [ 1.25, 12.5, 2.75, 13.75 ], "texture": "#main" }, 
                "east":  { "uv": [ 2.75, 12, 4, 16 ], "rotation":90, "texture": "#main" }, 
                "south": { "uv": [ 1.25, 12.5, 2.75, 13.75 ], "texture": "#main" }, 
                "west":  { "uv": [ 0, 14.75, 4, 16 ], "texture": "#main" }, 
                "up":    { "uv": [ 0.75, 12, 2.25, 16 ], "texture": "#main" }, 
                "down":  { "uv": [ 0, 12, 1.5, 16 ], "texture": "#main" }
            }
        }, 
        {
            "from": [ 8, 2, 11 ], 
            "to":   [ 8, 25, 13 ], 
            "rotation": { "angle": 0, "axis": "y", "origin": [16, 10, 20] }, 
            "faces": {
                "north": { "uv": [ 0, 8, 0, 12 ], "texture": "#main" }, 
                "east":  { "uv": [ 0, 8, 0.5, 12 ], "texture": "#main" }, 
                "south": { "uv": [ 0, 8, 0, 12 ], "texture": "#main" }, 
                "west":  { "uv": [ 0, 8, 0.5, 12 ], "texture": "#main" }, 
                "up":    { "uv": [ 0, 8, 0, 8.5 ], "texture": "#main" }, 
                "down":  { "uv": [ 0, 8, 0, 8.5 ], "texture": "#main" }
            }
        }, 
        {
            "from": [ 8, 24, 10 ], 
            "to":   [ 8, 25, 11 ], 
            "rotation": { "angle": 0, "axis": "y", "origin": [16, 14, 18] }, 
            "faces": {
                "north": { "uv": [ 0, 8, 0, 8.25 ], "texture": "#main" }, 
                "east":  { "uv": [ 0, 8, 0.25, 8.25 ], "texture": "#main" }, 
                "south": { "uv": [ 0, 8, 0, 8.25 ], "texture": "#main" }, 
                "west":  { "uv": [ 0, 8, 0.25, 8.25 ], "texture": "#main" }, 
                "up":    { "uv": [ 0, 8, 0, 8.25 ], "texture": "#main" }, 
                "down":  { "uv": [ 0, 8, 0, 8.25 ], "texture": "#main" }
            }
        }, 
        {
            "from": [ 8, 22, 10 ], 
            "to":   [ 8, 23, 11 ], 
            "rotation": { "angle": 0, "axis": "y", "origin": [16, 12, 18] }, 
            "faces": {
                "north": { "uv": [ 0, 8, 0, 8.25 ], "texture": "#main" }, 
                "east":  { "uv": [ 0, 8, 0.25, 8.25 ], "texture": "#main" }, 
                "south": { "uv": [ 0, 8, 0, 8.25 ], "texture": "#main" }, 
                "west":  { "uv": [ 0, 8, 0.25, 8.25 ], "texture": "#main" }, 
                "up":    { "uv": [ 0, 8, 0, 8.25 ], "texture": "#main" }, 
                "down":  { "uv": [ 0, 8, 0, 8.25 ], "texture": "#main" }
            }
        }, 
        {
            "from": [ 8, 20, 10 ], 
            "to":   [ 8, 21, 11 ], 
            "rotation": { "angle": 0, "axis": "y", "origin": [16, 10, 18] }, 
            "faces": {
                "north": { "uv": [ 0, 8, 0, 8.25 ], "texture": "#main" }, 
                "east":  { "uv": [ 0, 8, 0.25, 8.25 ], "texture": "#main" }, 
                "south": { "uv": [ 0, 8, 0, 8.25 ], "texture": "#main" }, 
                "west":  { "uv": [ 0, 8, 0.25, 8.25 ], "texture": "#main" }, 
                "up":    { "uv": [ 0, 8, 0, 8.25 ], "texture": "#main" }, 
                "down":  { "uv": [ 0, 8, 0, 8.25 ], "texture": "#main" }
            }
        }, 
        {
            "from": [ 8, 18, 10 ], 
            "to":   [ 8, 19, 11 ], 
            "rotation": { "angle": 0, "axis": "y", "origin": [16, 8, 18] }, 
            "faces": {
                "north": { "uv": [ 0, 8, 0, 8.25 ], "texture": "#main" }, 
                "east":  { "uv": [ 0, 8, 0.25, 8.25 ], "texture": "#main" }, 
                "south": { "uv": [ 0, 8, 0, 8.25 ], "texture": "#main" }, 
                "west":  { "uv": [ 0, 8, 0.25, 8.25 ], "texture": "#main" }, 
                "up":    { "uv": [ 0, 8, 0, 8.25 ], "texture": "#main" }, 
                "down":  { "uv": [ 0, 8, 0, 8.25 ], "texture": "#main" }
            }
        }, 
        {
            "from": [ 8, 16, 10 ], 
            "to":   [ 8, 17, 11 ], 
            "rotation": { "angle": 0, "axis": "y", "origin": [16, 6, 18] }, 
            "faces": {
                "north": { "uv": [ 0, 8, 0, 8.25 ], "texture": "#main" }, 
                "east":  { "uv": [ 0, 8, 0.25, 8.25 ], "texture": "#main" }, 
                "south": { "uv": [ 0, 8, 0, 8.25 ], "texture": "#main" }, 
                "west":  { "uv": [ 0, 8, 0.25, 8.25 ], "texture": "#main" }, 
                "up":    { "uv": [ 0, 8, 0, 8.25 ], "texture": "#main" }, 
                "down":  { "uv": [ 0, 8, 0, 8.25 ], "texture": "#main" }
            }
        }, 
        {
            "from": [ 8, 14, 10 ], 
            "to":   [ 8, 15, 11 ], 
            "rotation": { "angle": 0, "axis": "y", "origin": [16, 4, 18] }, 
            "faces": {
                "north": { "uv": [ 0, 8, 0, 8.25 ], "texture": "#main" }, 
                "east":  { "uv": [ 0, 8, 0.25, 8.25 ], "texture": "#main" }, 
                "south": { "uv": [ 0, 8, 0, 8.25 ], "texture": "#main" }, 
                "west":  { "uv": [ 0, 8, 0.25, 8.25 ], "texture": "#main" }, 
                "up":    { "uv": [ 0, 8, 0, 8.25 ], "texture": "#main" }, 
                "down":  { "uv": [ 0, 8, 0, 8.25 ], "texture": "#main" }
            }
        }, 
        {
            "from": [ 8, 12, 10 ], 
            "to":   [ 8, 13, 11 ], 
            "rotation": { "angle": 0, "axis": "y", "origin": [16, 2, 18] }, 
            "faces": {
                "north": { "uv": [ 0, 8, 0, 8.25 ], "texture": "#main" }, 
                "east":  { "uv": [ 0, 8, 0.25, 8.25 ], "texture": "#main" }, 
                "south": { "uv": [ 0, 8, 0, 8.25 ], "texture": "#main" }, 
                "west":  { "uv": [ 0, 8, 0.25, 8.25 ], "texture": "#main" }, 
                "up":    { "uv": [ 0, 8, 0, 8.25 ], "texture": "#main" }, 
                "down":  { "uv": [ 0, 8, 0, 8.25 ], "texture": "#main" }
            }
        }, 
        {
            "from": [ 8, 10, 10 ], 
            "to":   [ 8, 11, 11 ], 
            "rotation": { "angle": 0, "axis": "y", "origin": [16, 0, 18] }, 
            "faces": {
                "north": { "uv": [ 0, 8, 0, 8.25 ], "texture": "#main" }, 
                "east":  { "uv": [ 0, 8, 0.25, 8.25 ], "texture": "#main" }, 
                "south": { "uv": [ 0, 8, 0, 8.25 ], "texture": "#main" }, 
                "west":  { "uv": [ 0, 8, 0.25, 8.25 ], "texture": "#main" }, 
                "up":    { "uv": [ 0, 8, 0, 8.25 ], "texture": "#main" }, 
                "down":  { "uv": [ 0, 8, 0, 8.25 ], "texture": "#main" }
            }
        }, 
        {
            "from": [ 8, 6, 10 ], 
            "to":   [ 8, 7, 11 ], 
            "rotation": { "angle": 0, "axis": "y", "origin": [16, -4, 18] }, 
            "faces": {
                "north": { "uv": [ 0, 8, 0, 8.25 ], "texture": "#main" }, 
                "east":  { "uv": [ 0, 8, 0.25, 8.25 ], "texture": "#main" }, 
                "south": { "uv": [ 0, 8, 0, 8.25 ], "texture": "#main" }, 
                "west":  { "uv": [ 0, 8, 0.25, 8.25 ], "texture": "#main" }, 
                "up":    { "uv": [ 0, 8, 0, 8.25 ], "texture": "#main" }, 
                "down":  { "uv": [ 0, 8, 0, 8.25 ], "texture": "#main" }
            }
        }, 
        {
            "from": [ 8, 8, 10 ], 
            "to":   [ 8, 9, 11 ], 
            "rotation": { "angle": 0, "axis": "y", "origin": [16, -2, 18] }, 
            "faces": {
                "north": { "uv": [ 0, 8, 0, 8.25 ], "texture": "#main" }, 
                "east":  { "uv": [ 0, 8, 0.25, 8.25 ], "texture": "#main" }, 
                "south": { "uv": [ 0, 8, 0, 8.25 ], "texture": "#main" }, 
                "west":  { "uv": [ 0, 8, 0.25, 8.25 ], "texture": "#main" }, 
                "up":    { "uv": [ 0, 8, 0, 8.25 ], "texture": "#main" }, 
                "down":  { "uv": [ 0, 8, 0, 8.25 ], "texture": "#main" }
            }
        }, 
        {
            "from": [ 8, 4, 10 ], 
            "to":   [ 8, 5, 11 ], 
            "rotation": { "angle": 0, "axis": "y", "origin": [16, -6, 18] }, 
            "faces": {
                "north": { "uv": [ 0, 8, 0, 8.25 ], "texture": "#main" }, 
                "east":  { "uv": [ 0, 8, 0.25, 8.25 ], "texture": "#main" }, 
                "south": { "uv": [ 0, 8, 0, 8.25 ], "texture": "#main" }, 
                "west":  { "uv": [ 0, 8, 0.25, 8.25 ], "texture": "#main" }, 
                "up":    { "uv": [ 0, 8, 0, 8.25 ], "texture": "#main" }, 
                "down":  { "uv": [ 0, 8, 0, 8.25 ], "texture": "#main" }
            }
        }, 
        {
            "from": [ 0, 0, 0 ], 
            "to":   [ 16, 3, 16 ], 
            "faces": {
                "north": { "uv": [ 12, 8, 16, 8.75 ], "texture": "#main" }, 
                "east":  { "uv": [ 12, 8, 16, 8.75 ], "texture": "#main" }, 
                "south": { "uv": [ 12, 8, 16, 8.75 ], "texture": "#main" }, 
                "west":  { "uv": [ 12, 8, 16, 8.75 ], "texture": "#main" }, 
                "up":    { "uv": [ 12, 8, 16, 12 ], "texture": "#main" }, 
                "down":  { "uv": [ 12, 8, 16, 12 ], "texture": "#main" }
            }
        }, 
        {
            "from": [ 0, 3, 0 ], 
            "to":   [ 6, 8, 16 ], 
            "rotation": { "angle": 0, "axis": "y", "origin": [8, 11, 8] }, 
            "faces": {
                "north": { "uv": [ 9.25, 12.5, 10.75, 13.75 ], "texture": "#main" }, 
                "east":  { "uv": [ 10.75, 12, 12, 16 ], "rotation":90, "texture": "#main" }, 
                "south": { "uv": [ 9.25, 12.5, 10.75, 13.75 ], "texture": "#main" }, 
                "west":  { "uv": [ 8, 14.75, 12, 16 ], "texture": "#main" }, 
                "up":    { "uv": [ 8.75, 12, 10.25, 16 ], "texture": "#main" }, 
                "down":  { "uv": [ 8, 12, 9.5, 16 ], "texture": "#main" }
            }
        }, 
        {
            "from": [ 10, 3, 0 ], 
            "to":   [ 16, 8, 16 ], 
            "rotation": { "angle": 0, "axis": "y", "origin": [18, 11, 8] }, 
            "faces": {
                "north": { "uv": [ 9.25, 12.5, 10.75, 13.75 ], "texture": "#main" }, 
                "east":  { "uv": [ 10.75, 12, 12, 16 ], "rotation":90, "texture": "#main" }, 
                "south": { "uv": [ 9.25, 12.5, 10.75, 13.75 ], "texture": "#main" }, 
                "west":  { "uv": [ 8, 14.75, 12, 16 ], "texture": "#main" }, 
                "up":    { "uv": [ 8.75, 12, 10.25, 16 ], "texture": "#main" }, 
                "down":  { "uv": [ 8, 12, 9.5, 16 ], "texture": "#main" }
            }
        }, 
        {
            "from": [ 8, 3, 11 ], 
            "to":   [ 8, 26, 13 ], 
            "rotation": { "angle": 0, "axis": "y", "origin": [16, 11, 20] }, 
            "faces": {
                "north": { "uv": [ 8, 8, 8, 12 ], "texture": "#main" }, 
                "east":  { "uv": [ 8, 8, 8.5, 12 ], "texture": "#main" }, 
                "south": { "uv": [ 8, 8, 8, 12 ], "texture": "#main" }, 
                "west":  { "uv": [ 8, 8, 8.5, 12 ], "texture": "#main" }, 
                "up":    { "uv": [ 8, 8, 8, 8.5 ], "texture": "#main" }, 
                "down":  { "uv": [ 8, 8, 8, 8.5 ], "texture": "#main" }
            }
        }, 
        {
            "from": [ 8, 25, 10 ], 
            "to":   [ 8, 26, 11 ], 
            "rotation": { "angle": 0, "axis": "y", "origin": [16, 15, 18] }, 
            "faces": {
                "north": { "uv": [ 8, 8, 8, 8.25 ], "texture": "#main" }, 
                "east":  { "uv": [ 8, 8, 8.25, 8.25 ], "texture": "#main" }, 
                "south": { "uv": [ 8, 8, 8, 8.25 ], "texture": "#main" }, 
                "west":  { "uv": [ 8, 8, 8.25, 8.25 ], "texture": "#main" }, 
                "up":    { "uv": [ 8, 8, 8, 8.25 ], "texture": "#main" }, 
                "down":  { "uv": [ 8, 8, 8, 8.25 ], "texture": "#main" }
            }
        }, 
        {
            "from": [ 8, 23, 10 ], 
            "to":   [ 8, 24, 11 ], 
            "rotation": { "angle": 0, "axis": "y", "origin": [16, 13, 18] }, 
            "faces": {
                "north": { "uv": [ 8, 8, 8, 8.25 ], "texture": "#main" }, 
                "east":  { "uv": [ 8, 8, 8.25, 8.25 ], "texture": "#main" }, 
                "south": { "uv": [ 8, 8, 8, 8.25 ], "texture": "#main" }, 
                "west":  { "uv": [ 8, 8, 8.25, 8.25 ], "texture": "#main" }, 
                "up":    { "uv": [ 8, 8, 8, 8.25 ], "texture": "#main" }, 
                "down":  { "uv": [ 8, 8, 8, 8.25 ], "texture": "#main" }
            }
        }, 
        {
            "from": [ 8, 21, 10 ], 
            "to":   [ 8, 22, 11 ], 
            "rotation": { "angle": 0, "axis": "y", "origin": [16, 11, 18] }, 
            "faces": {
                "north": { "uv": [ 8, 8, 8, 8.25 ], "texture": "#main" }, 
                "east":  { "uv": [ 8, 8, 8.25, 8.25 ], "texture": "#main" }, 
                "south": { "uv": [ 8, 8, 8, 8.25 ], "texture": "#main" }, 
                "west":  { "uv": [ 8, 8, 8.25, 8.25 ], "texture": "#main" }, 
                "up":    { "uv": [ 8, 8, 8, 8.25 ], "texture": "#main" }, 
                "down":  { "uv": [ 8, 8, 8, 8.25 ], "texture": "#main" }
            }
        }, 
        {
            "from": [ 8, 19, 10 ], 
            "to":   [ 8, 20, 11 ], 
            "rotation": { "angle": 0, "axis": "y", "origin": [16, 9, 18] }, 
            "faces": {
                "north": { "uv": [ 8, 8, 8, 8.25 ], "texture": "#main" }, 
                "east":  { "uv": [ 8, 8, 8.25, 8.25 ], "texture": "#main" }, 
                "south": { "uv": [ 8, 8, 8, 8.25 ], "texture": "#main" }, 
                "west":  { "uv": [ 8, 8, 8.25, 8.25 ], "texture": "#main" }, 
                "up":    { "uv": [ 8, 8, 8, 8.25 ], "texture": "#main" }, 
                "down":  { "uv": [ 8, 8, 8, 8.25 ], "texture": "#main" }
            }
        }, 
        {
            "from": [ 8, 17, 10 ], 
            "to":   [ 8, 18, 11 ], 
            "rotation": { "angle": 0, "axis": "y", "origin": [16, 7, 18] }, 
            "faces": {
                "north": { "uv": [ 8, 8, 8, 8.25 ], "texture": "#main" }, 
                "east":  { "uv": [ 8, 8, 8.25, 8.25 ], "texture": "#main" }, 
                "south": { "uv": [ 8, 8, 8, 8.25 ], "texture": "#main" }, 
                "west":  { "uv": [ 8, 8, 8.25, 8.25 ], "texture": "#main" }, 
                "up":    { "uv": [ 8, 8, 8, 8.25 ], "texture": "#main" }, 
                "down":  { "uv": [ 8, 8, 8, 8.25 ], "texture": "#main" }
            }
        }, 
        {
            "from": [ 8, 15, 10 ], 
            "to":   [ 8, 16, 11 ], 
            "rotation": { "angle": 0, "axis": "y", "origin": [16, 5, 18] }, 
            "faces": {
                "north": { "uv": [ 8, 8, 8, 8.25 ], "texture": "#main" }, 
                "east":  { "uv": [ 8, 8, 8.25, 8.25 ], "texture": "#main" }, 
                "south": { "uv": [ 8, 8, 8, 8.25 ], "texture": "#main" }, 
                "west":  { "uv": [ 8, 8, 8.25, 8.25 ], "texture": "#main" }, 
                "up":    { "uv": [ 8, 8, 8, 8.25 ], "texture": "#main" }, 
                "down":  { "uv": [ 8, 8, 8, 8.25 ], "texture": "#main" }
            }
        }, 
        {
            "from": [ 8, 13, 10 ], 
            "to":   [ 8, 14, 11 ], 
            "rotation": { "angle": 0, "axis": "y", "origin": [16, 3, 18] }, 
            "faces": {
                "north": { "uv": [ 8, 8, 8, 8.25 ], "texture": "#main" }, 
                "east":  { "uv": [ 8, 8, 8.25, 8.25 ], "texture": "#main" }, 
                "south": { "uv": [ 8, 8, 8, 8.25 ], "texture": "#main" }, 
                "west":  { "uv": [ 8, 8, 8.25, 8.25 ], "texture": "#main" }, 
                "up":    { "uv": [ 8, 8, 8, 8.25 ], "texture": "#main" }, 
                "down":  { "uv": [ 8, 8, 8, 8.25 ], "texture": "#main" }
            }
        }, 
        {
            "from": [ 8, 11, 10 ], 
            "to":   [ 8, 12, 11 ], 
            "rotation": { "angle": 0, "axis": "y", "origin": [16, 1, 18] }, 
            "faces": {
                "north": { "uv": [ 8, 8, 8, 8.25 ], "texture": "#main" }, 
                "east":  { "uv": [ 8, 8, 8.25, 8.25 ], "texture": "#main" }, 
                "south": { "uv": [ 8, 8, 8, 8.25 ], "texture": "#main" }, 
                "west":  { "uv": [ 8, 8, 8.25, 8.25 ], "texture": "#main" }, 
                "up":    { "uv": [ 8, 8, 8, 8.25 ], "texture": "#main" }, 
                "down":  { "uv": [ 8, 8, 8, 8.25 ], "texture": "#main" }
            }
        }, 
        {
            "from": [ 8, 7, 10 ], 
            "to":   [ 8, 8, 11 ], 
            "rotation": { "angle": 0, "axis": "y", "origin": [16, -3, 18] }, 
            "faces": {
                "north": { "uv": [ 8, 8, 8, 8.25 ], "texture": "#main" }, 
                "east":  { "uv": [ 8, 8, 8.25, 8.25 ], "texture": "#main" }, 
                "south": { "uv": [ 8, 8, 8, 8.25 ], "texture": "#main" }, 
                "west":  { "uv": [ 8, 8, 8.25, 8.25 ], "texture": "#main" }, 
                "up":    { "uv": [ 8, 8, 8, 8.25 ], "texture": "#main" }, 
                "down":  { "uv": [ 8, 8, 8, 8.25 ], "texture": "#main" }
            }
        }, 
        {
            "from": [ 8, 9, 10 ], 
            "to":   [ 8, 10, 11 ], 
            "rotation": { "angle": 0, "axis": "y", "origin": [16, -1, 18] }, 
            "faces": {
                "north": { "uv": [ 8, 8, 8, 8.25 ], "texture": "#main" }, 
                "east":  { "uv": [ 8, 8, 8.25, 8.25 ], "texture": "#main" }, 
                "south": { "uv": [ 8, 8, 8, 8.25 ], "texture": "#main" }, 
                "west":  { "uv": [ 8, 8, 8.25, 8.25 ], "texture": "#main" }, 
                "up":    { "uv": [ 8, 8, 8, 8.25 ], "texture": "#main" }, 
                "down":  { "uv": [ 8, 8, 8, 8.25 ], "texture": "#main" }
            }
        }, 
        {
            "from": [ 8, 5, 10 ], 
            "to":   [ 8, 6, 11 ], 
            "rotation": { "angle": 0, "axis": "y", "origin": [16, -5, 18] }, 
            "faces": {
                "north": { "uv": [ 8, 8, 8, 8.25 ], "texture": "#main" }, 
                "east":  { "uv": [ 8, 8, 8.25, 8.25 ], "texture": "#main" }, 
                "south": { "uv": [ 8, 8, 8, 8.25 ], "texture": "#main" }, 
                "west":  { "uv": [ 8, 8, 8.25, 8.25 ], "texture": "#main" }, 
                "up":    { "uv": [ 8, 8, 8, 8.25 ], "texture": "#main" }, 
                "down":  { "uv": [ 8, 8, 8, 8.25 ], "texture": "#main" }
            }
        }
    ], 
    "groups": [
        0, 
        1, 
        2, 
        {
            "name": "Sawblade", 
            "origin": [
                16, 
                11, 
                20
            ], 
            "children": [
                3, 
                4, 
                5, 
                6, 
                7, 
                8, 
                9, 
                10, 
                11, 
                12, 
                13, 
                14
            ]
        }
    ], 
    "__comment": "Model animated using Fizzy's model animator - http://fizzy81.github.io/animated-models/"
}