{
	"credit": "Made with Blockbench",
	"textures": {
		"0": "block/barrel_side",
		"1": "block/barrel_bottom",
		"particle": "block/barrel_side"
	},
	"elements": [
		{
			"from": [0, 0, 0],
			"to": [16, 14, 16],
			"faces": {
				"north": {"uv": [0, 1, 16, 15], "texture": "#0"},
				"east": {"uv": [0, 1, 16, 15], "texture": "#0"},
				"south": {"uv": [0, 1, 16, 15], "texture": "#0"},
				"west": {"uv": [0, 1, 16, 15], "texture": "#0"},
				"up": {"uv": [0, 0, 16, 16], "texture": "#missing"},
				"down": {"uv": [0, 0, 16, 16], "texture": "#1"}
			}
		},
		{
			"from": [16, 0, 0],
			"to": [18, 14, 2],
			"rotation": {"angle": 0, "axis": "y", "origin": [24, 8, 8]},
			"faces": {
				"north": {"uv": [0, 0, 2, 15], "texture": "#1"},
				"east": {"uv": [6, 0, 8, 15], "texture": "#1"},
				"south": {"uv": [2, 0, 4, 15], "texture": "#1"},
				"west": {"uv": [4, 0, 6, 15], "texture": "#1"},
				"up": {"uv": [0, 0, 2, 2], "texture": "#missing"},
				"down": {"uv": [0, 0, 2, 2], "texture": "#1"}
			}
		},
		{
			"from": [-2, 0, 0],
			"to": [0, 14, 2],
			"rotation": {"angle": 0, "axis": "y", "origin": [6, 8, 8]},
			"faces": {
				"north": {"uv": [0, 0, 2, 15], "texture": "#1"},
				"east": {"uv": [6, 0, 8, 15], "texture": "#1"},
				"south": {"uv": [2, 0, 4, 15], "texture": "#1"},
				"west": {"uv": [4, 0, 6, 15], "texture": "#1"},
				"up": {"uv": [0, 0, 2, 2], "texture": "#missing"},
				"down": {"uv": [0, 0, 2, 2], "texture": "#1"}
			}
		},
		{
			"from": [-2, 0, 14],
			"to": [0, 14, 16],
			"rotation": {"angle": 0, "axis": "y", "origin": [6, 8, 22]},
			"faces": {
				"north": {"uv": [0, 0, 2, 15], "texture": "#1"},
				"east": {"uv": [6, 0, 8, 15], "texture": "#1"},
				"south": {"uv": [2, 0, 4, 15], "texture": "#1"},
				"west": {"uv": [4, 0, 6, 15], "texture": "#1"},
				"up": {"uv": [0, 0, 2, 2], "texture": "#missing"},
				"down": {"uv": [0, 0, 2, 2], "texture": "#1"}
			}
		},
		{
			"from": [16, 0, 14],
			"to": [18, 14, 16],
			"rotation": {"angle": 0, "axis": "y", "origin": [24, 8, 22]},
			"faces": {
				"north": {"uv": [0, 0, 2, 15], "texture": "#1"},
				"east": {"uv": [6, 0, 8, 15], "texture": "#1"},
				"south": {"uv": [2, 0, 4, 15], "texture": "#1"},
				"west": {"uv": [4, 0, 6, 15], "texture": "#1"},
				"up": {"uv": [0, 0, 2, 2], "texture": "#missing"},
				"down": {"uv": [0, 0, 2, 2], "texture": "#1"}
			}
		},
		{
			"from": [-2, 14, 0],
			"to": [18, 16, 16],
			"rotation": {"angle": 0, "axis": "y", "origin": [6, 22, 8]},
			"faces": {
				"north": {"uv": [0, 0, 16, 2], "texture": "#1"},
				"east": {"uv": [0, 0, 16, 2], "texture": "#1"},
				"south": {"uv": [0, 0, 16, 2], "texture": "#1"},
				"west": {"uv": [0, 0, 16, 2], "texture": "#1"},
				"up": {"uv": [0, 0, 16, 16], "texture": "#1"},
				"down": {"uv": [0, 0, 16, 16], "texture": "#1"}
			}
		}
	],
	"display": {}
}