{
	"credit": "Modelled by Arctic",
	"textures": {
		"0": "block/cauldron_inner",
		"1": "block/cauldron_side",
		"2": "block/cauldron_top",
		"4": "block/scaffolding_top",
		"particle": "block/cauldron_inner"
	},
	"elements": [
		{
			"from": [2.01136, 2, 2.03636],
			"to": [14.01136, 5, 14.03636],
			"rotation": {"angle": 0, "axis": "y", "origin": [8, 13.18182, 8]},
			"faces": {
				"north": {"uv": [0, 0, 12, 1], "texture": "#missing"},
				"east": {"uv": [0, 0, 12, 1], "texture": "#missing"},
				"south": {"uv": [0, 0, 12, 1], "texture": "#missing"},
				"west": {"uv": [0, 0, 12, 1], "texture": "#missing"},
				"up": {"uv": [2, 2, 14, 14], "texture": "#0"},
				"down": {"uv": [0, 1, 2, 13], "texture": "#0"}
			}
		},
		{
			"from": [0.01136, 0, 0.03636],
			"to": [16.01136, 16, 2.03636],
			"rotation": {"angle": 0, "axis": "y", "origin": [8, 13.18182, 8]},
			"faces": {
				"north": {"uv": [0, 0, 16, 12], "texture": "#1"},
				"east": {"uv": [0, 0, 2, 12], "texture": "#1"},
				"south": {"uv": [0, 2, 16, 14], "texture": "#1"},
				"west": {"uv": [0, 0, 2, 12], "texture": "#1"},
				"up": {"uv": [0, 0, 16, 2], "texture": "#2"},
				"down": {"uv": [0, 14, 16, 16], "texture": "#2"}
			}
		},
		{
			"from": [0.01136, 0, 2.03636],
			"to": [2.01136, 16, 14.03636],
			"rotation": {"angle": 0, "axis": "y", "origin": [8, 13.18182, 8]},
			"faces": {
				"north": {"uv": [0, 0, 2, 12], "texture": "#missing"},
				"east": {"uv": [0, 2, 12, 14], "texture": "#1"},
				"south": {"uv": [0, 0, 2, 12], "texture": "#missing"},
				"west": {"uv": [0, 0, 12, 12], "texture": "#1"},
				"up": {"uv": [0, 2, 2, 14], "texture": "#2"},
				"down": {"uv": [0, 1, 2, 13], "texture": "#2"}
			}
		},
		{
			"from": [14.01136, 0, 2.03636],
			"to": [16.01136, 16, 14.03636],
			"rotation": {"angle": 0, "axis": "y", "origin": [8, 13.18182, 8]},
			"faces": {
				"north": {"uv": [0, 0, 2, 12], "texture": "#missing"},
				"east": {"uv": [2, 0, 14, 12], "texture": "#1"},
				"south": {"uv": [0, 0, 2, 12], "texture": "#missing"},
				"west": {"uv": [0, 2, 12, 14], "texture": "#1"},
				"up": {"uv": [14, 2, 16, 14], "texture": "#2"},
				"down": {"uv": [1, 2, 3, 14], "texture": "#2"}
			}
		},
		{
			"from": [0.01136, 0, 14.03636],
			"to": [16.01136, 16, 16.03636],
			"rotation": {"angle": 0, "axis": "y", "origin": [8, 13.18182, 8]},
			"faces": {
				"north": {"uv": [0, 2, 16, 14], "texture": "#1"},
				"east": {"uv": [0, 0, 2, 12], "texture": "#1"},
				"south": {"uv": [0, 0, 16, 12], "texture": "#1"},
				"west": {"uv": [0, 0, 2, 12], "texture": "#1"},
				"up": {"uv": [0, 14, 16, 16], "texture": "#2"},
				"down": {"uv": [0, 0, 16, 2], "texture": "#2"}
			}
		},
		{
			"from": [3.01136, 14, 2.03636],
			"to": [4.01136, 14, 14.03636],
			"rotation": {"angle": 0, "axis": "y", "origin": [9, 25.18182, 8]},
			"faces": {
				"north": {"uv": [0, 0, 12, 1], "texture": "#4"},
				"east": {"uv": [0, 0, 12, 1], "texture": "#4"},
				"south": {"uv": [0, 0, 12, 1], "texture": "#4"},
				"west": {"uv": [0, 0, 12, 1], "texture": "#4"},
				"up": {"uv": [2, 2, 14, 14], "texture": "#4"},
				"down": {"uv": [0, 1, 2, 13], "texture": "#4"}
			}
		},
		{
			"from": [2.51136, 14.1, 12.53636],
			"to": [14.51136, 14.1, 13.53636],
			"rotation": {"angle": 0, "axis": "y", "origin": [8.51136, 14.1, 8.03636]},
			"faces": {
				"north": {"uv": [0, 0, 12, 1], "texture": "#4"},
				"east": {"uv": [0, 0, 12, 1], "texture": "#4"},
				"south": {"uv": [0, 0, 12, 1], "texture": "#4"},
				"west": {"uv": [0, 0, 12, 1], "texture": "#4"},
				"up": {"uv": [2, 2, 14, 14], "rotation": 270, "texture": "#4"},
				"down": {"uv": [0, 1, 2, 13], "rotation": 90, "texture": "#4"}
			}
		},
		{
			"from": [5.01136, 14, 2.03636],
			"to": [6.01136, 14, 14.03636],
			"rotation": {"angle": 0, "axis": "y", "origin": [11, 25.18182, 8]},
			"faces": {
				"north": {"uv": [0, 0, 12, 1], "texture": "#4"},
				"east": {"uv": [0, 0, 12, 1], "texture": "#4"},
				"south": {"uv": [0, 0, 12, 1], "texture": "#4"},
				"west": {"uv": [0, 0, 12, 1], "texture": "#4"},
				"up": {"uv": [2, 2, 14, 14], "texture": "#4"},
				"down": {"uv": [0, 1, 2, 13], "texture": "#4"}
			}
		},
		{
			"from": [2.51136, 14.1, 10.53636],
			"to": [14.51136, 14.1, 11.53636],
			"rotation": {"angle": 0, "axis": "y", "origin": [8.51136, 14.1, 8.03636]},
			"faces": {
				"north": {"uv": [0, 0, 12, 1], "texture": "#4"},
				"east": {"uv": [0, 0, 12, 1], "texture": "#4"},
				"south": {"uv": [0, 0, 12, 1], "texture": "#4"},
				"west": {"uv": [0, 0, 12, 1], "texture": "#4"},
				"up": {"uv": [2, 2, 14, 14], "rotation": 270, "texture": "#4"},
				"down": {"uv": [0, 1, 2, 13], "rotation": 90, "texture": "#4"}
			}
		},
		{
			"from": [7.01136, 14, 2.03636],
			"to": [8.01136, 14, 14.03636],
			"rotation": {"angle": 0, "axis": "y", "origin": [13, 25.18182, 8]},
			"faces": {
				"north": {"uv": [0, 0, 12, 1], "texture": "#4"},
				"east": {"uv": [0, 0, 12, 1], "texture": "#4"},
				"south": {"uv": [0, 0, 12, 1], "texture": "#4"},
				"west": {"uv": [0, 0, 12, 1], "texture": "#4"},
				"up": {"uv": [2, 2, 14, 14], "texture": "#4"},
				"down": {"uv": [0, 1, 2, 13], "texture": "#4"}
			}
		},
		{
			"from": [2.51136, 14.1, 8.53636],
			"to": [14.51136, 14.1, 9.53636],
			"rotation": {"angle": 0, "axis": "y", "origin": [8.51136, 14.1, 8.03636]},
			"faces": {
				"north": {"uv": [0, 0, 12, 1], "texture": "#4"},
				"east": {"uv": [0, 0, 12, 1], "texture": "#4"},
				"south": {"uv": [0, 0, 12, 1], "texture": "#4"},
				"west": {"uv": [0, 0, 12, 1], "texture": "#4"},
				"up": {"uv": [2, 2, 14, 14], "rotation": 270, "texture": "#4"},
				"down": {"uv": [0, 1, 2, 13], "rotation": 90, "texture": "#4"}
			}
		},
		{
			"from": [9.01136, 14, 2.03636],
			"to": [10.01136, 14, 14.03636],
			"rotation": {"angle": 0, "axis": "y", "origin": [15, 25.18182, 8]},
			"faces": {
				"north": {"uv": [0, 0, 12, 1], "texture": "#4"},
				"east": {"uv": [0, 0, 12, 1], "texture": "#4"},
				"south": {"uv": [0, 0, 12, 1], "texture": "#4"},
				"west": {"uv": [0, 0, 12, 1], "texture": "#4"},
				"up": {"uv": [2, 2, 14, 14], "texture": "#4"},
				"down": {"uv": [0, 1, 2, 13], "texture": "#4"}
			}
		},
		{
			"from": [2.51136, 14.1, 6.53636],
			"to": [14.51136, 14.1, 7.53636],
			"rotation": {"angle": 0, "axis": "y", "origin": [8.51136, 14.1, 8.03636]},
			"faces": {
				"north": {"uv": [0, 0, 12, 1], "texture": "#4"},
				"east": {"uv": [0, 0, 12, 1], "texture": "#4"},
				"south": {"uv": [0, 0, 12, 1], "texture": "#4"},
				"west": {"uv": [0, 0, 12, 1], "texture": "#4"},
				"up": {"uv": [2, 2, 14, 14], "rotation": 270, "texture": "#4"},
				"down": {"uv": [0, 1, 2, 13], "rotation": 90, "texture": "#4"}
			}
		},
		{
			"from": [11.01136, 14, 2.03636],
			"to": [12.01136, 14, 14.03636],
			"rotation": {"angle": 0, "axis": "y", "origin": [17, 25.18182, 8]},
			"faces": {
				"north": {"uv": [0, 0, 12, 1], "texture": "#4"},
				"east": {"uv": [0, 0, 12, 1], "texture": "#4"},
				"south": {"uv": [0, 0, 12, 1], "texture": "#4"},
				"west": {"uv": [0, 0, 12, 1], "texture": "#4"},
				"up": {"uv": [2, 2, 14, 14], "texture": "#4"},
				"down": {"uv": [0, 1, 2, 13], "texture": "#4"}
			}
		},
		{
			"from": [2.51136, 14.1, 4.53636],
			"to": [14.51136, 14.1, 5.53636],
			"rotation": {"angle": 0, "axis": "y", "origin": [8.51136, 14.1, 8.03636]},
			"faces": {
				"north": {"uv": [0, 0, 12, 1], "texture": "#4"},
				"east": {"uv": [0, 0, 12, 1], "texture": "#4"},
				"south": {"uv": [0, 0, 12, 1], "texture": "#4"},
				"west": {"uv": [0, 0, 12, 1], "texture": "#4"},
				"up": {"uv": [2, 2, 14, 14], "rotation": 270, "texture": "#4"},
				"down": {"uv": [0, 1, 2, 13], "rotation": 90, "texture": "#4"}
			}
		},
		{
			"from": [13.01136, 14, 2.03636],
			"to": [14.01136, 14, 14.03636],
			"rotation": {"angle": 0, "axis": "y", "origin": [19, 25.18182, 8]},
			"faces": {
				"north": {"uv": [0, 0, 12, 1], "texture": "#4"},
				"east": {"uv": [0, 0, 12, 1], "texture": "#4"},
				"south": {"uv": [0, 0, 12, 1], "texture": "#4"},
				"west": {"uv": [0, 0, 12, 1], "texture": "#4"},
				"up": {"uv": [2, 2, 14, 14], "texture": "#4"},
				"down": {"uv": [0, 1, 2, 13], "texture": "#4"}
			}
		},
		{
			"from": [2.51136, 14.1, 2.53636],
			"to": [14.51136, 14.1, 3.53636],
			"rotation": {"angle": 0, "axis": "y", "origin": [8.51136, 14.1, 8.03636]},
			"faces": {
				"north": {"uv": [0, 0, 12, 1], "texture": "#4"},
				"east": {"uv": [0, 0, 12, 1], "texture": "#4"},
				"south": {"uv": [0, 0, 12, 1], "texture": "#4"},
				"west": {"uv": [0, 0, 12, 1], "texture": "#4"},
				"up": {"uv": [2, 2, 14, 14], "rotation": 270, "texture": "#4"},
				"down": {"uv": [0, 1, 2, 13], "rotation": 90, "texture": "#4"}
			}
		}
	],
	"groups": [
		{
			"name": "Basin",
			"origin": [8, 10, 22],
			"children": [0, 1, 2, 3, 4]
		},
		{
			"name": "sifter",
			"origin": [8, 8, 8],
			"children": [5, 6, 7, 8, 9, 10, 11, 12, 13, 14, 15, 16]
		}
	]
}