{
	"credit": "Made by Arctic",
	"texture_size": [48, 48],
	"textures": {
		"0": "block/frameshelf",
		"particle": "block/frameshelf"
	},
	"elements": [
		{
			"from": [0.1, -3.35806, 6.77405],
			"to": [2.9, 15.64194, 9.77405],
			"rotation": {"angle": 45, "axis": "x", "origin": [8, 7.64645, 10.47855]},
			"faces": {
				"north": {"uv": [5.33333, 6.33333, 6.33333, 12.66667], "texture": "#0"},
				"east": {"uv": [6.33333, 6.33333, 7.33333, 12.66667], "texture": "#0"},
				"south": {"uv": [5.33333, 0, 6.33333, 6.33333], "texture": "#0"},
				"west": {"uv": [6.33333, 0, 7.33333, 6.33333], "texture": "#0"},
				"up": {"uv": [10.33333, 9, 9.33333, 8], "rotation": 180, "texture": "#0"},
				"down": {"uv": [10.33333, 9, 9.33333, 10], "rotation": 180, "texture": "#0"}
			}
		},
		{
			"from": [0, 13, -0.04289],
			"to": [16, 16, 15.95711],
			"rotation": {"angle": 0, "axis": "y", "origin": [8, 7.64645, 10.47855]},
			"faces": {
				"north": {"uv": [9.33333, 2, 14.66667, 3], "texture": "#0"},
				"east": {"uv": [9.33333, 3, 14.66667, 4], "texture": "#0"},
				"south": {"uv": [9.33333, 0, 14.66667, 1], "texture": "#0"},
				"west": {"uv": [9.33333, 1, 14.66667, 2], "texture": "#0"},
				"up": {"uv": [5.33333, 5.33333, 0, 0], "rotation": 180, "texture": "#0"},
				"down": {"uv": [5.33333, 5.33333, 0, 10.66667], "rotation": 180, "texture": "#0"}
			}
		},
		{
			"from": [0, 0, -0.04289],
			"to": [16, 3, 2.95711],
			"rotation": {"angle": 0, "axis": "y", "origin": [8, 7.64645, 10.47855]},
			"faces": {
				"north": {"uv": [9.33333, 5, 14.66667, 6], "texture": "#0"},
				"east": {"uv": [10.33333, 10, 11.33333, 11], "texture": "#0"},
				"south": {"uv": [9.33333, 4, 14.66667, 5], "texture": "#0"},
				"west": {"uv": [10.33333, 9, 11.33333, 10], "texture": "#0"},
				"up": {"uv": [14.66667, 7, 9.33333, 6], "rotation": 180, "texture": "#0"},
				"down": {"uv": [14.66667, 7, 9.33333, 8], "rotation": 180, "texture": "#0"}
			}
		},
		{
			"from": [13.1, -3.35806, 6.77405],
			"to": [15.9, 15.64194, 9.77405],
			"rotation": {"angle": 45, "axis": "x", "origin": [8, 7.64645, 10.47855]},
			"faces": {
				"north": {"uv": [8.33333, 0, 9.33333, 6.33333], "texture": "#0"},
				"east": {"uv": [8.33333, 6.33333, 9.33333, 12.66667], "texture": "#0"},
				"south": {"uv": [7.33333, 0, 8.33333, 6.33333], "texture": "#0"},
				"west": {"uv": [7.33333, 6.33333, 8.33333, 12.66667], "texture": "#0"},
				"up": {"uv": [10.33333, 11, 9.33333, 10], "rotation": 180, "texture": "#0"},
				"down": {"uv": [11.33333, 8, 10.33333, 9], "rotation": 180, "texture": "#0"}
			}
		}
	],
	"groups": [
		{
			"name": "Object",
			"origin": [8, 8, 8],
			"color": 0,
			"children": [0, 1, 2, 3]
		}
	]
}