{
	"credit": "Modelled by Arctic",
	"textures": {
		"0": "block/cauldron_inner",
		"1": "block/cauldron_side",
		"2": "block/cauldron_top",
		"3": "block/gold_block",
		"particle": "block/cauldron_inner"
	},
	"elements": [
		{
			"from": [2.01136, 2, 2.03636],
			"to": [14.01136, 5, 14.03636],
			"rotation": {"angle": 0, "axis": "y", "origin": [8, 13.18182, 8]},
			"faces": {
				"north": {"uv": [0, 0, 12, 1], "texture": "#missing"},
				"east": {"uv": [0, 0, 12, 1], "texture": "#missing"},
				"south": {"uv": [0, 0, 12, 1], "texture": "#missing"},
				"west": {"uv": [0, 0, 12, 1], "texture": "#missing"},
				"up": {"uv": [2, 2, 14, 14], "texture": "#0"},
				"down": {"uv": [0, 1, 2, 13], "texture": "#0"}
			}
		},
		{
			"from": [0.01136, 0, 0.03636],
			"to": [16.01136, 16, 2.03636],
			"rotation": {"angle": 0, "axis": "y", "origin": [8, 13.18182, 8]},
			"faces": {
				"north": {"uv": [0, 0, 16, 12], "texture": "#1"},
				"east": {"uv": [0, 0, 2, 12], "texture": "#1"},
				"south": {"uv": [0, 2, 16, 14], "texture": "#1"},
				"west": {"uv": [0, 0, 2, 12], "texture": "#1"},
				"up": {"uv": [0, 0, 16, 2], "texture": "#2"},
				"down": {"uv": [0, 14, 16, 16], "texture": "#2"}
			}
		},
		{
			"from": [0.01136, 0, 2.03636],
			"to": [2.01136, 16, 14.03636],
			"rotation": {"angle": 0, "axis": "y", "origin": [8, 13.18182, 8]},
			"faces": {
				"north": {"uv": [0, 0, 2, 12], "texture": "#missing"},
				"east": {"uv": [0, 2, 12, 14], "texture": "#1"},
				"south": {"uv": [0, 0, 2, 12], "texture": "#missing"},
				"west": {"uv": [0, 0, 12, 12], "texture": "#1"},
				"up": {"uv": [0, 2, 2, 14], "texture": "#2"},
				"down": {"uv": [0, 1, 2, 13], "texture": "#2"}
			}
		},
		{
			"from": [14.01136, 0, 2.03636],
			"to": [16.01136, 16, 14.03636],
			"rotation": {"angle": 0, "axis": "y", "origin": [8, 13.18182, 8]},
			"faces": {
				"north": {"uv": [0, 0, 2, 12], "texture": "#missing"},
				"east": {"uv": [2, 0, 14, 12], "texture": "#1"},
				"south": {"uv": [0, 0, 2, 12], "texture": "#missing"},
				"west": {"uv": [0, 2, 12, 14], "texture": "#1"},
				"up": {"uv": [14, 2, 16, 14], "texture": "#2"},
				"down": {"uv": [1, 2, 3, 14], "texture": "#2"}
			}
		},
		{
			"from": [0.01136, 0, 14.03636],
			"to": [16.01136, 16, 16.03636],
			"rotation": {"angle": 0, "axis": "y", "origin": [8, 13.18182, 8]},
			"faces": {
				"north": {"uv": [0, 2, 16, 14], "texture": "#1"},
				"east": {"uv": [0, 0, 2, 12], "texture": "#1"},
				"south": {"uv": [0, 0, 16, 12], "texture": "#1"},
				"west": {"uv": [0, 0, 2, 12], "texture": "#1"},
				"up": {"uv": [0, 14, 16, 16], "texture": "#2"},
				"down": {"uv": [0, 0, 16, 2], "texture": "#2"}
			}
		},
		{
			"from": [4.01136, 17, 15.03636],
			"to": [6.01136, 18, 16.03636],
			"rotation": {"angle": 0, "axis": "y", "origin": [8, 13.18182, 8]},
			"faces": {
				"north": {"uv": [0, 0, 2, 1], "texture": "#3"},
				"east": {"uv": [0, 0, 1, 1], "texture": "#3"},
				"south": {"uv": [0, 0, 2, 1], "texture": "#3"},
				"west": {"uv": [0, 0, 1, 1], "texture": "#3"},
				"up": {"uv": [0, 0, 2, 1], "texture": "#3"},
				"down": {"uv": [0, 0, 2, 1], "texture": "#3"}
			}
		},
		{
			"from": [5.01136, 16, 15.03636],
			"to": [6.01136, 17, 16.03636],
			"rotation": {"angle": 0, "axis": "y", "origin": [8, 13.18182, 8]},
			"faces": {
				"north": {"uv": [0, 0, 1, 1], "texture": "#3"},
				"east": {"uv": [0, 0, 1, 1], "texture": "#3"},
				"south": {"uv": [0, 0, 1, 1], "texture": "#3"},
				"west": {"uv": [0, 0, 1, 1], "texture": "#3"},
				"up": {"uv": [0, 0, 1, 1], "texture": "#3"},
				"down": {"uv": [0, 0, 1, 1], "texture": "#3"}
			}
		},
		{
			"from": [7.01136, 19, 11.03636],
			"to": [9.01136, 20, 15.03636],
			"rotation": {"angle": 0, "axis": "y", "origin": [8, 13.18182, 8]},
			"faces": {
				"north": {"uv": [0, 0, 2, 1], "texture": "#3"},
				"east": {"uv": [0, 0, 4, 1], "texture": "#3"},
				"south": {"uv": [0, 0, 2, 1], "texture": "#3"},
				"west": {"uv": [0, 0, 4, 1], "texture": "#3"},
				"up": {"uv": [5, 5, 7, 9], "texture": "#3"},
				"down": {"uv": [5, 5, 7, 9], "texture": "#3"}
			}
		},
		{
			"from": [7.01136, 16, 15.03636],
			"to": [9.01136, 20, 16.03636],
			"rotation": {"angle": 0, "axis": "y", "origin": [8, 13.18182, 8]},
			"faces": {
				"north": {"uv": [4, 4, 6, 8], "texture": "#3"},
				"east": {"uv": [0, 0, 1, 4], "texture": "#3"},
				"south": {"uv": [5, 4, 7, 8], "texture": "#3"},
				"west": {"uv": [0, 0, 1, 4], "texture": "#3"},
				"up": {"uv": [0, 0, 2, 1], "texture": "#3"},
				"down": {"uv": [0, 0, 2, 1], "texture": "#3"}
			}
		},
		{
			"from": [10.01136, 16, 15.03636],
			"to": [11.01136, 17, 16.03636],
			"rotation": {"angle": 0, "axis": "y", "origin": [8, 13.18182, 8]},
			"faces": {
				"north": {"uv": [1, 0, 2, 1], "texture": "#3"},
				"east": {"uv": [1, 0, 2, 1], "texture": "#3"},
				"south": {"uv": [1, 0, 2, 1], "texture": "#3"},
				"west": {"uv": [1, 0, 2, 1], "texture": "#3"},
				"up": {"uv": [1, 0, 2, 1], "texture": "#3"},
				"down": {"uv": [1, 0, 2, 1], "texture": "#3"}
			}
		},
		{
			"from": [10.01136, 17, 15.03636],
			"to": [12.01136, 18, 16.03636],
			"rotation": {"angle": 0, "axis": "y", "origin": [8, 13.18182, 8]},
			"faces": {
				"north": {"uv": [2, 0, 4, 1], "texture": "#3"},
				"east": {"uv": [1, 0, 2, 1], "texture": "#3"},
				"south": {"uv": [2, 0, 4, 1], "texture": "#3"},
				"west": {"uv": [1, 0, 2, 1], "texture": "#3"},
				"up": {"uv": [2, 0, 4, 1], "texture": "#3"},
				"down": {"uv": [2, 0, 4, 1], "texture": "#3"}
			}
		}
	],
	"groups": [
		{
			"name": "Basin",
			"origin": [8, 10, 22],
			"children": [0, 1, 2, 3, 4]
		},
		{
			"name": "Faucet",
			"origin": [4, 23, 23],
			"children": [5, 6, 7, 8, 9, 10]
		}
	]
}