{
	"credit": "Modelled by Arctic",
	"textures": {
		"0": "block/cauldron_inner",
		"1": "block/cauldron_side",
		"2": "block/cauldron_top",
		"3": "block/gold_block",
		"particle": "block/cauldron_inner"
	},
	"elements": [
		{
			"from": [2.03636, 2, 1.98864],
			"to": [14.03636, 5, 13.98864],
			"rotation": {"angle": 0, "axis": "y", "origin": [8, 13.18182, 8]},
			"faces": {
				"north": {"uv": [0, 0, 12, 1], "texture": "#missing"},
				"east": {"uv": [0, 0, 12, 1], "texture": "#missing"},
				"south": {"uv": [0, 0, 12, 1], "texture": "#missing"},
				"west": {"uv": [0, 0, 12, 1], "texture": "#missing"},
				"up": {"uv": [2, 2, 14, 14], "rotation": 270, "texture": "#0"},
				"down": {"uv": [0, 1, 2, 13], "rotation": 90, "texture": "#0"}
			}
		},
		{
			"from": [0.03636, 0, -0.01136],
			"to": [2.03636, 16, 15.98864],
			"rotation": {"angle": 0, "axis": "y", "origin": [8, 13.18182, 8]},
			"faces": {
				"north": {"uv": [0, 0, 2, 12], "texture": "#1"},
				"east": {"uv": [0, 2, 16, 14], "texture": "#1"},
				"south": {"uv": [0, 0, 2, 12], "texture": "#1"},
				"west": {"uv": [0, 0, 16, 12], "texture": "#1"},
				"up": {"uv": [0, 0, 16, 2], "rotation": 270, "texture": "#2"},
				"down": {"uv": [0, 14, 16, 16], "rotation": 90, "texture": "#2"}
			}
		},
		{
			"from": [2.03636, 0, 13.98864],
			"to": [14.03636, 16, 15.98864],
			"rotation": {"angle": 0, "axis": "y", "origin": [8, 13.18182, 8]},
			"faces": {
				"north": {"uv": [0, 2, 12, 14], "texture": "#1"},
				"east": {"uv": [0, 0, 2, 12], "texture": "#missing"},
				"south": {"uv": [0, 0, 12, 12], "texture": "#1"},
				"west": {"uv": [0, 0, 2, 12], "texture": "#missing"},
				"up": {"uv": [0, 2, 2, 14], "rotation": 270, "texture": "#2"},
				"down": {"uv": [0, 1, 2, 13], "rotation": 90, "texture": "#2"}
			}
		},
		{
			"from": [2.03636, 0, -0.01136],
			"to": [14.03636, 16, 1.98864],
			"rotation": {"angle": 0, "axis": "y", "origin": [8, 13.18182, 8]},
			"faces": {
				"north": {"uv": [2, 0, 14, 12], "texture": "#1"},
				"east": {"uv": [0, 0, 2, 12], "texture": "#missing"},
				"south": {"uv": [0, 2, 12, 14], "texture": "#1"},
				"west": {"uv": [0, 0, 2, 12], "texture": "#missing"},
				"up": {"uv": [14, 2, 16, 14], "rotation": 270, "texture": "#2"},
				"down": {"uv": [1, 2, 3, 14], "rotation": 90, "texture": "#2"}
			}
		},
		{
			"from": [14.03636, 0, -0.01136],
			"to": [16.03636, 16, 15.98864],
			"rotation": {"angle": 0, "axis": "y", "origin": [8, 13.18182, 8]},
			"faces": {
				"north": {"uv": [0, 0, 2, 12], "texture": "#1"},
				"east": {"uv": [0, 0, 16, 12], "texture": "#1"},
				"south": {"uv": [0, 0, 2, 12], "texture": "#1"},
				"west": {"uv": [0, 2, 16, 14], "texture": "#1"},
				"up": {"uv": [0, 14, 16, 16], "rotation": 270, "texture": "#2"},
				"down": {"uv": [0, 0, 16, 2], "rotation": 90, "texture": "#2"}
			}
		},
		{
			"from": [15.03636, 17, 9.98864],
			"to": [16.03636, 18, 11.98864],
			"rotation": {"angle": 0, "axis": "y", "origin": [8, 13.18182, 8]},
			"faces": {
				"north": {"uv": [0, 0, 1, 1], "texture": "#3"},
				"east": {"uv": [0, 0, 2, 1], "texture": "#3"},
				"south": {"uv": [0, 0, 1, 1], "texture": "#3"},
				"west": {"uv": [0, 0, 2, 1], "texture": "#3"},
				"up": {"uv": [0, 0, 2, 1], "rotation": 270, "texture": "#3"},
				"down": {"uv": [0, 0, 2, 1], "rotation": 90, "texture": "#3"}
			}
		},
		{
			"from": [15.03636, 16, 9.98864],
			"to": [16.03636, 17, 10.98864],
			"rotation": {"angle": 0, "axis": "y", "origin": [8, 13.18182, 8]},
			"faces": {
				"north": {"uv": [0, 0, 1, 1], "texture": "#3"},
				"east": {"uv": [0, 0, 1, 1], "texture": "#3"},
				"south": {"uv": [0, 0, 1, 1], "texture": "#3"},
				"west": {"uv": [0, 0, 1, 1], "texture": "#3"},
				"up": {"uv": [0, 0, 1, 1], "rotation": 270, "texture": "#3"},
				"down": {"uv": [0, 0, 1, 1], "rotation": 90, "texture": "#3"}
			}
		},
		{
			"from": [11.03636, 19, 6.98864],
			"to": [15.03636, 20, 8.98864],
			"rotation": {"angle": 0, "axis": "y", "origin": [8, 13.18182, 8]},
			"faces": {
				"north": {"uv": [0, 0, 4, 1], "texture": "#3"},
				"east": {"uv": [0, 0, 2, 1], "texture": "#3"},
				"south": {"uv": [0, 0, 4, 1], "texture": "#3"},
				"west": {"uv": [0, 0, 2, 1], "texture": "#3"},
				"up": {"uv": [5, 5, 7, 9], "rotation": 270, "texture": "#3"},
				"down": {"uv": [5, 5, 7, 9], "rotation": 90, "texture": "#3"}
			}
		},
		{
			"from": [15.03636, 16, 6.98864],
			"to": [16.03636, 20, 8.98864],
			"rotation": {"angle": 0, "axis": "y", "origin": [8, 13.18182, 8]},
			"faces": {
				"north": {"uv": [0, 0, 1, 4], "texture": "#3"},
				"east": {"uv": [5, 4, 7, 8], "texture": "#3"},
				"south": {"uv": [0, 0, 1, 4], "texture": "#3"},
				"west": {"uv": [4, 4, 6, 8], "texture": "#3"},
				"up": {"uv": [0, 0, 2, 1], "rotation": 270, "texture": "#3"},
				"down": {"uv": [0, 0, 2, 1], "rotation": 90, "texture": "#3"}
			}
		},
		{
			"from": [15.03636, 16, 4.98864],
			"to": [16.03636, 17, 5.98864],
			"rotation": {"angle": 0, "axis": "y", "origin": [8, 13.18182, 8]},
			"faces": {
				"north": {"uv": [1, 0, 2, 1], "texture": "#3"},
				"east": {"uv": [1, 0, 2, 1], "texture": "#3"},
				"south": {"uv": [1, 0, 2, 1], "texture": "#3"},
				"west": {"uv": [1, 0, 2, 1], "texture": "#3"},
				"up": {"uv": [1, 0, 2, 1], "rotation": 270, "texture": "#3"},
				"down": {"uv": [1, 0, 2, 1], "rotation": 90, "texture": "#3"}
			}
		},
		{
			"from": [15.03636, 17, 3.98864],
			"to": [16.03636, 18, 5.98864],
			"rotation": {"angle": 0, "axis": "y", "origin": [8, 13.18182, 8]},
			"faces": {
				"north": {"uv": [1, 0, 2, 1], "texture": "#3"},
				"east": {"uv": [2, 0, 4, 1], "texture": "#3"},
				"south": {"uv": [1, 0, 2, 1], "texture": "#3"},
				"west": {"uv": [2, 0, 4, 1], "texture": "#3"},
				"up": {"uv": [2, 0, 4, 1], "rotation": 270, "texture": "#3"},
				"down": {"uv": [2, 0, 4, 1], "rotation": 90, "texture": "#3"}
			}
		}
	],
	"groups": [
		{
			"name": "Basin",
			"origin": [8, 10, 22],
			"children": [0, 1, 2, 3, 4]
		},
		{
			"name": "Faucet",
			"origin": [4, 23, 23],
			"children": [5, 6, 7, 8, 9, 10]
		}
	]
}