{
	"credit": "Modelled by Arctic",
	"textures": {
		"0": "block/cauldron_inner",
		"1": "block/cauldron_side",
		"2": "block/cauldron_top",
		"3": "block/gold_block",
		"particle": "block/cauldron_inner"
	},
	"elements": [
		{
			"from": [1.98864, 2, 1.96364],
			"to": [13.98864, 5, 13.96364],
			"rotation": {"angle": 0, "axis": "y", "origin": [8, 13.18182, 8]},
			"faces": {
				"north": {"uv": [0, 0, 12, 1], "texture": "#missing"},
				"east": {"uv": [0, 0, 12, 1], "texture": "#missing"},
				"south": {"uv": [0, 0, 12, 1], "texture": "#missing"},
				"west": {"uv": [0, 0, 12, 1], "texture": "#missing"},
				"up": {"uv": [2, 2, 14, 14], "rotation": 180, "texture": "#0"},
				"down": {"uv": [0, 1, 2, 13], "rotation": 180, "texture": "#0"}
			}
		},
		{
			"from": [-0.01136, 0, 13.96364],
			"to": [15.98864, 16, 15.96364],
			"rotation": {"angle": 0, "axis": "y", "origin": [8, 13.18182, 8]},
			"faces": {
				"north": {"uv": [0, 2, 16, 14], "texture": "#1"},
				"east": {"uv": [0, 0, 2, 12], "texture": "#1"},
				"south": {"uv": [0, 0, 16, 12], "texture": "#1"},
				"west": {"uv": [0, 0, 2, 12], "texture": "#1"},
				"up": {"uv": [0, 0, 16, 2], "rotation": 180, "texture": "#2"},
				"down": {"uv": [0, 14, 16, 16], "rotation": 180, "texture": "#2"}
			}
		},
		{
			"from": [13.98864, 0, 1.96364],
			"to": [15.98864, 16, 13.96364],
			"rotation": {"angle": 0, "axis": "y", "origin": [8, 13.18182, 8]},
			"faces": {
				"north": {"uv": [0, 0, 2, 12], "texture": "#missing"},
				"east": {"uv": [0, 0, 12, 12], "texture": "#1"},
				"south": {"uv": [0, 0, 2, 12], "texture": "#missing"},
				"west": {"uv": [0, 2, 12, 14], "texture": "#1"},
				"up": {"uv": [0, 2, 2, 14], "rotation": 180, "texture": "#2"},
				"down": {"uv": [0, 1, 2, 13], "rotation": 180, "texture": "#2"}
			}
		},
		{
			"from": [-0.01136, 0, 1.96364],
			"to": [1.98864, 16, 13.96364],
			"rotation": {"angle": 0, "axis": "y", "origin": [8, 13.18182, 8]},
			"faces": {
				"north": {"uv": [0, 0, 2, 12], "texture": "#missing"},
				"east": {"uv": [0, 2, 12, 14], "texture": "#1"},
				"south": {"uv": [0, 0, 2, 12], "texture": "#missing"},
				"west": {"uv": [2, 0, 14, 12], "texture": "#1"},
				"up": {"uv": [14, 2, 16, 14], "rotation": 180, "texture": "#2"},
				"down": {"uv": [1, 2, 3, 14], "rotation": 180, "texture": "#2"}
			}
		},
		{
			"from": [-0.01136, 0, -0.03636],
			"to": [15.98864, 16, 1.96364],
			"rotation": {"angle": 0, "axis": "y", "origin": [8, 13.18182, 8]},
			"faces": {
				"north": {"uv": [0, 0, 16, 12], "texture": "#1"},
				"east": {"uv": [0, 0, 2, 12], "texture": "#1"},
				"south": {"uv": [0, 2, 16, 14], "texture": "#1"},
				"west": {"uv": [0, 0, 2, 12], "texture": "#1"},
				"up": {"uv": [0, 14, 16, 16], "rotation": 180, "texture": "#2"},
				"down": {"uv": [0, 0, 16, 2], "rotation": 180, "texture": "#2"}
			}
		},
		{
			"from": [9.98864, 17, -0.03636],
			"to": [11.98864, 18, 0.96364],
			"rotation": {"angle": 0, "axis": "y", "origin": [8, 13.18182, 8]},
			"faces": {
				"north": {"uv": [0, 0, 2, 1], "texture": "#3"},
				"east": {"uv": [0, 0, 1, 1], "texture": "#3"},
				"south": {"uv": [0, 0, 2, 1], "texture": "#3"},
				"west": {"uv": [0, 0, 1, 1], "texture": "#3"},
				"up": {"uv": [0, 0, 2, 1], "rotation": 180, "texture": "#3"},
				"down": {"uv": [0, 0, 2, 1], "rotation": 180, "texture": "#3"}
			}
		},
		{
			"from": [9.98864, 16, -0.03636],
			"to": [10.98864, 17, 0.96364],
			"rotation": {"angle": 0, "axis": "y", "origin": [8, 13.18182, 8]},
			"faces": {
				"north": {"uv": [0, 0, 1, 1], "texture": "#3"},
				"east": {"uv": [0, 0, 1, 1], "texture": "#3"},
				"south": {"uv": [0, 0, 1, 1], "texture": "#3"},
				"west": {"uv": [0, 0, 1, 1], "texture": "#3"},
				"up": {"uv": [0, 0, 1, 1], "rotation": 180, "texture": "#3"},
				"down": {"uv": [0, 0, 1, 1], "rotation": 180, "texture": "#3"}
			}
		},
		{
			"from": [6.98864, 19, 0.96364],
			"to": [8.98864, 20, 4.96364],
			"rotation": {"angle": 0, "axis": "y", "origin": [8, 13.18182, 8]},
			"faces": {
				"north": {"uv": [0, 0, 2, 1], "texture": "#3"},
				"east": {"uv": [0, 0, 4, 1], "texture": "#3"},
				"south": {"uv": [0, 0, 2, 1], "texture": "#3"},
				"west": {"uv": [0, 0, 4, 1], "texture": "#3"},
				"up": {"uv": [5, 5, 7, 9], "rotation": 180, "texture": "#3"},
				"down": {"uv": [5, 5, 7, 9], "rotation": 180, "texture": "#3"}
			}
		},
		{
			"from": [6.98864, 16, -0.03636],
			"to": [8.98864, 20, 0.96364],
			"rotation": {"angle": 0, "axis": "y", "origin": [8, 13.18182, 8]},
			"faces": {
				"north": {"uv": [5, 4, 7, 8], "texture": "#3"},
				"east": {"uv": [0, 0, 1, 4], "texture": "#3"},
				"south": {"uv": [4, 4, 6, 8], "texture": "#3"},
				"west": {"uv": [0, 0, 1, 4], "texture": "#3"},
				"up": {"uv": [0, 0, 2, 1], "rotation": 180, "texture": "#3"},
				"down": {"uv": [0, 0, 2, 1], "rotation": 180, "texture": "#3"}
			}
		},
		{
			"from": [4.98864, 16, -0.03636],
			"to": [5.98864, 17, 0.96364],
			"rotation": {"angle": 0, "axis": "y", "origin": [8, 13.18182, 8]},
			"faces": {
				"north": {"uv": [1, 0, 2, 1], "texture": "#3"},
				"east": {"uv": [1, 0, 2, 1], "texture": "#3"},
				"south": {"uv": [1, 0, 2, 1], "texture": "#3"},
				"west": {"uv": [1, 0, 2, 1], "texture": "#3"},
				"up": {"uv": [1, 0, 2, 1], "rotation": 180, "texture": "#3"},
				"down": {"uv": [1, 0, 2, 1], "rotation": 180, "texture": "#3"}
			}
		},
		{
			"from": [3.98864, 17, -0.03636],
			"to": [5.98864, 18, 0.96364],
			"rotation": {"angle": 0, "axis": "y", "origin": [8, 13.18182, 8]},
			"faces": {
				"north": {"uv": [2, 0, 4, 1], "texture": "#3"},
				"east": {"uv": [1, 0, 2, 1], "texture": "#3"},
				"south": {"uv": [2, 0, 4, 1], "texture": "#3"},
				"west": {"uv": [1, 0, 2, 1], "texture": "#3"},
				"up": {"uv": [2, 0, 4, 1], "rotation": 180, "texture": "#3"},
				"down": {"uv": [2, 0, 4, 1], "rotation": 180, "texture": "#3"}
			}
		}
	],
	"groups": [
		{
			"name": "Basin",
			"origin": [8, 10, 22],
			"children": [0, 1, 2, 3, 4]
		},
		{
			"name": "Faucet",
			"origin": [4, 23, 23],
			"children": [5, 6, 7, 8, 9, 10]
		}
	]
}