{
    "credit": "Modelled by Arctic", 
    "textures": {
        "main": "block/weapon_station1"
    }, 
    "elements": [
        {
            "name": "engine", 
            "from": [ 2, 1, 3 ], 
            "to":   [ 10, 11, 13 ], 
            "rotation": { "angle": 0, "axis": "y", "origin": [10, 9, 11] }, 
            "faces": {
                "north": { "uv": [ 6.125, 0.625, 7.125, 1.875 ], "texture": "#main" }, 
                "east":  { "uv": [ 4.125, 0.5, 5.875, 1.75 ], "texture": "#main" }, 
                "south": { "uv": [ 7, 0.625, 8, 1.875 ], "texture": "#main" }, 
                "west":  { "uv": [ 4.5, 0.625, 5.75, 1.875 ], "texture": "#main" }, 
                "up":    { "uv": [ 0, 0, 1, 1.25 ], "texture": "#main" }, 
                "down":  { "uv": [ 0, 0, 1, 1.25 ], "texture": "#main" }
            }
        }, 
        {
            "name": "base", 
            "from": [ 0, 0, 0 ], 
            "to":   [ 16, 1, 16 ], 
            "faces": {
                "north": { "uv": [ 0, 2, 2, 2.125 ], "texture": "#main" }, 
                "east":  { "uv": [ 0, 2, 2, 2.125 ], "texture": "#main" }, 
                "south": { "uv": [ 0, 2, 2, 2.125 ], "texture": "#main" }, 
                "west":  { "uv": [ 0, 2, 2, 2.125 ], "texture": "#main" }, 
                "up":    { "uv": [ 0, 2, 2, 4 ], "texture": "#main" }, 
                "down":  { "uv": [ 0, 2, 2, 4 ], "texture": "#main" }
            }
        }, 
        {
            "name": "top", 
            "from": [ 0, 11, 0 ], 
            "to":   [ 10, 14, 16 ], 
            "rotation": { "angle": 0, "axis": "y", "origin": [8, 19, 8] }, 
            "faces": {
                "north": { "uv": [ 0, 0, 1.25, 0.375 ], "texture": "#main" }, 
                "east":  { "uv": [ 0, 0, 2, 0.375 ], "texture": "#main" }, 
                "south": { "uv": [ 0, 0, 1.25, 0.375 ], "texture": "#main" }, 
                "west":  { "uv": [ 0, 0, 2, 0.375 ], "texture": "#main" }, 
                "up":    { "uv": [ 0, 0, 1.25, 2 ], "texture": "#main" }, 
                "down":  { "uv": [ 0, 0, 1.25, 2 ], "texture": "#main" }
            }
        }, 
        {
            "name": "grindstone", 
            "from": [ 12, 3, 3 ], 
            "to":   [ 15, 13, 13 ], 
            "rotation": { "angle": 0, "axis": "x", "origin": [13.33333, 8, 8] }, 
            "faces": {
                "north": { "uv": [ 0.125, 2.125, 0.5, 3.375 ], "texture": "#main" }, 
                "east":  { "uv": [ 0.125, 2.125, 1.375, 3.375 ], "texture": "#main" }, 
                "south": { "uv": [ 0.125, 2.125, 0.5, 3.375 ], "texture": "#main" }, 
                "west":  { "uv": [ 0.125, 2.125, 1.375, 3.375 ], "texture": "#main" }, 
                "up":    { "uv": [ 0.125, 2.125, 0.5, 3.375 ], "texture": "#main" }, 
                "down":  { "uv": [ 0.125, 2.125, 0.5, 3.375 ], "texture": "#main" }
            }
        }, 
        {
            "name": "spindlecap", 
            "from": [ 15, 7, 7 ], 
            "to":   [ 16, 9, 9 ], 
            "rotation": { "angle": 0, "axis": "x", "origin": [13.33333, 8, 8] }, 
            "faces": {
                "north": { "uv": [ 3, 0.875, 3.125, 1.125 ], "texture": "#main" }, 
                "east":  { "uv": [ 2.875, 0.75, 3.125, 1 ], "texture": "#main" }, 
                "south": { "uv": [ 3, 0.625, 3.125, 0.875 ], "texture": "#main" }, 
                "west":  { "uv": [ 2.625, 0.625, 2.875, 0.875 ], "texture": "#main" }, 
                "up":    { "uv": [ 3, 0.75, 3.125, 1 ], "texture": "#main" }, 
                "down":  { "uv": [ 2.875, 0.75, 3, 1 ], "texture": "#main" }
            }
        }, 
        {
            "name": "spindle", 
            "from": [ 10, 7, 7 ], 
            "to":   [ 12, 9, 9 ], 
            "rotation": { "angle": 0, "axis": "x", "origin": [13.33333, 8, 8] }, 
            "faces": {
                "north": { "uv": [ 2.625, 0.75, 2.875, 1 ], "texture": "#main" }, 
                "east":  { "uv": [ 2.5, 0.5, 2.75, 0.75 ], "texture": "#main" }, 
                "south": { "uv": [ 2.625, 0.625, 2.875, 0.875 ], "texture": "#main" }, 
                "west":  { "uv": [ 2.5, 0.375, 2.75, 0.625 ], "texture": "#main" }, 
                "up":    { "uv": [ 2.5, 0.5, 2.75, 0.75 ], "texture": "#main" }, 
                "down":  { "uv": [ 2.5, 0.5, 2.75, 0.75 ], "texture": "#main" }
            }
        }, 
        {
            "name": "engine", 
            "from": [ 2, 1, 3 ], 
            "to":   [ 10, 11, 13 ], 
            "rotation": { "angle": 0, "axis": "y", "origin": [10, 9, 11] }, 
            "faces": {
                "north": { "uv": [ 14.125, 0.625, 15.125, 1.875 ], "texture": "#main" }, 
                "east":  { "uv": [ 12.125, 0.5, 13.875, 1.75 ], "texture": "#main" }, 
                "south": { "uv": [ 15, 0.625, 16, 1.875 ], "texture": "#main" }, 
                "west":  { "uv": [ 12.5, 0.625, 13.75, 1.875 ], "texture": "#main" }, 
                "up":    { "uv": [ 8, 0, 9, 1.25 ], "texture": "#main" }, 
                "down":  { "uv": [ 8, 0, 9, 1.25 ], "texture": "#main" }
            }
        }, 
        {
            "name": "base", 
            "from": [ 0, 0, 0 ], 
            "to":   [ 16, 1, 16 ], 
            "faces": {
                "north": { "uv": [ 8, 2, 10, 2.125 ], "texture": "#main" }, 
                "east":  { "uv": [ 8, 2, 10, 2.125 ], "texture": "#main" }, 
                "south": { "uv": [ 8, 2, 10, 2.125 ], "texture": "#main" }, 
                "west":  { "uv": [ 8, 2, 10, 2.125 ], "texture": "#main" }, 
                "up":    { "uv": [ 8, 2, 10, 4 ], "texture": "#main" }, 
                "down":  { "uv": [ 8, 2, 10, 4 ], "texture": "#main" }
            }
        }, 
        {
            "name": "top", 
            "from": [ 0, 11, 0 ], 
            "to":   [ 10, 14, 16 ], 
            "rotation": { "angle": 0, "axis": "x", "origin": [8, 19, 8] }, 
            "faces": {
                "north": { "uv": [ 8, 0, 9.25, 0.375 ], "texture": "#main" }, 
                "east":  { "uv": [ 8, 0, 10, 0.375 ], "texture": "#main" }, 
                "south": { "uv": [ 8, 0, 9.25, 0.375 ], "texture": "#main" }, 
                "west":  { "uv": [ 8, 0, 10, 0.375 ], "texture": "#main" }, 
                "up":    { "uv": [ 8, 0, 9.25, 2 ], "texture": "#main" }, 
                "down":  { "uv": [ 8, 0, 9.25, 2 ], "texture": "#main" }
            }
        }, 
        {
            "name": "grindstone", 
            "from": [ 12, 3, 3 ], 
            "to":   [ 15, 13, 13 ], 
            "rotation": { "angle": 22.5, "axis": "x", "origin": [13.33333, 8, 8] }, 
            "faces": {
                "north": { "uv": [ 8.125, 2.125, 8.5, 3.375 ], "texture": "#main" }, 
                "east":  { "uv": [ 8.125, 2.125, 9.375, 3.375 ], "texture": "#main" }, 
                "south": { "uv": [ 8.125, 2.125, 8.5, 3.375 ], "texture": "#main" }, 
                "west":  { "uv": [ 8.125, 2.125, 9.375, 3.375 ], "texture": "#main" }, 
                "up":    { "uv": [ 8.125, 2.125, 8.5, 3.375 ], "texture": "#main" }, 
                "down":  { "uv": [ 8.125, 2.125, 8.5, 3.375 ], "texture": "#main" }
            }
        }, 
        {
            "name": "spindlecap", 
            "from": [ 15, 7, 7 ], 
            "to":   [ 16, 9, 9 ], 
            "rotation": { "angle": 22.5, "axis": "x", "origin": [13.33333, 8, 8] }, 
            "faces": {
                "north": { "uv": [ 11, 0.875, 11.125, 1.125 ], "texture": "#main" }, 
                "east":  { "uv": [ 10.875, 0.75, 11.125, 1 ], "texture": "#main" }, 
                "south": { "uv": [ 11, 0.625, 11.125, 0.875 ], "texture": "#main" }, 
                "west":  { "uv": [ 10.625, 0.625, 10.875, 0.875 ], "texture": "#main" }, 
                "up":    { "uv": [ 11, 0.75, 11.125, 1 ], "texture": "#main" }, 
                "down":  { "uv": [ 10.875, 0.75, 11, 1 ], "texture": "#main" }
            }
        }, 
        {
            "name": "spindle", 
            "from": [ 10, 7, 7 ], 
            "to":   [ 12, 9, 9 ], 
            "rotation": { "angle": 22.5, "axis": "x", "origin": [13.33333, 8, 8] }, 
            "faces": {
                "north": { "uv": [ 10.625, 0.75, 10.875, 1 ], "texture": "#main" }, 
                "east":  { "uv": [ 10.5, 0.5, 10.75, 0.75 ], "texture": "#main" }, 
                "south": { "uv": [ 10.625, 0.625, 10.875, 0.875 ], "texture": "#main" }, 
                "west":  { "uv": [ 10.5, 0.375, 10.75, 0.625 ], "texture": "#main" }, 
                "up":    { "uv": [ 10.5, 0.5, 10.75, 0.75 ], "texture": "#main" }, 
                "down":  { "uv": [ 10.5, 0.5, 10.75, 0.75 ], "texture": "#main" }
            }
        }, 
        {
            "name": "engine", 
            "from": [ 2, 1, 3 ], 
            "to":   [ 10, 11, 13 ], 
            "rotation": { "angle": 0, "axis": "y", "origin": [10, 9, 11] }, 
            "faces": {
                "north": { "uv": [ 6.125, 8.625, 7.125, 9.875 ], "texture": "#main" }, 
                "east":  { "uv": [ 4.125, 8.5, 5.875, 9.75 ], "texture": "#main" }, 
                "south": { "uv": [ 7, 8.625, 8, 9.875 ], "texture": "#main" }, 
                "west":  { "uv": [ 4.5, 8.625, 5.75, 9.875 ], "texture": "#main" }, 
                "up":    { "uv": [ 0, 8, 1, 9.25 ], "texture": "#main" }, 
                "down":  { "uv": [ 0, 8, 1, 9.25 ], "texture": "#main" }
            }
        }, 
        {
            "name": "base", 
            "from": [ 0, 0, 0 ], 
            "to":   [ 16, 1, 16 ], 
            "faces": {
                "north": { "uv": [ 0, 10, 2, 10.125 ], "texture": "#main" }, 
                "east":  { "uv": [ 0, 10, 2, 10.125 ], "texture": "#main" }, 
                "south": { "uv": [ 0, 10, 2, 10.125 ], "texture": "#main" }, 
                "west":  { "uv": [ 0, 10, 2, 10.125 ], "texture": "#main" }, 
                "up":    { "uv": [ 0, 10, 2, 12 ], "texture": "#main" }, 
                "down":  { "uv": [ 0, 10, 2, 12 ], "texture": "#main" }
            }
        }, 
        {
            "name": "top", 
            "from": [ 0, 11, 0 ], 
            "to":   [ 10, 14, 16 ], 
            "rotation": { "angle": 0, "axis": "x", "origin": [8, 19, 8] }, 
            "faces": {
                "north": { "uv": [ 0, 8, 1.25, 8.375 ], "texture": "#main" }, 
                "east":  { "uv": [ 0, 8, 2, 8.375 ], "texture": "#main" }, 
                "south": { "uv": [ 0, 8, 1.25, 8.375 ], "texture": "#main" }, 
                "west":  { "uv": [ 0, 8, 2, 8.375 ], "texture": "#main" }, 
                "up":    { "uv": [ 0, 8, 1.25, 10 ], "texture": "#main" }, 
                "down":  { "uv": [ 0, 8, 1.25, 10 ], "texture": "#main" }
            }
        }, 
        {
            "name": "grindstone", 
            "from": [ 12, 3, 3 ], 
            "to":   [ 15, 13, 13 ], 
            "rotation": { "angle": 45, "axis": "x", "origin": [13.33333, 8, 8] }, 
            "faces": {
                "north": { "uv": [ 0.125, 10.125, 0.5, 11.375 ], "texture": "#main" }, 
                "east":  { "uv": [ 0.125, 10.125, 1.375, 11.375 ], "texture": "#main" }, 
                "south": { "uv": [ 0.125, 10.125, 0.5, 11.375 ], "texture": "#main" }, 
                "west":  { "uv": [ 0.125, 10.125, 1.375, 11.375 ], "texture": "#main" }, 
                "up":    { "uv": [ 0.125, 10.125, 0.5, 11.375 ], "texture": "#main" }, 
                "down":  { "uv": [ 0.125, 10.125, 0.5, 11.375 ], "texture": "#main" }
            }
        }, 
        {
            "name": "spindlecap", 
            "from": [ 15, 7, 7 ], 
            "to":   [ 16, 9, 9 ], 
            "rotation": { "angle": 45, "axis": "x", "origin": [13.33333, 8, 8] }, 
            "faces": {
                "north": { "uv": [ 3, 8.875, 3.125, 9.125 ], "texture": "#main" }, 
                "east":  { "uv": [ 2.875, 8.75, 3.125, 9 ], "texture": "#main" }, 
                "south": { "uv": [ 3, 8.625, 3.125, 8.875 ], "texture": "#main" }, 
                "west":  { "uv": [ 2.625, 8.625, 2.875, 8.875 ], "texture": "#main" }, 
                "up":    { "uv": [ 3, 8.75, 3.125, 9 ], "texture": "#main" }, 
                "down":  { "uv": [ 2.875, 8.75, 3, 9 ], "texture": "#main" }
            }
        }, 
        {
            "name": "spindle", 
            "from": [ 10, 7, 7 ], 
            "to":   [ 12, 9, 9 ], 
            "rotation": { "angle": 45, "axis": "x", "origin": [13.33333, 8, 8] }, 
            "faces": {
                "north": { "uv": [ 2.625, 8.75, 2.875, 9 ], "texture": "#main" }, 
                "east":  { "uv": [ 2.5, 8.5, 2.75, 8.75 ], "texture": "#main" }, 
                "south": { "uv": [ 2.625, 8.625, 2.875, 8.875 ], "texture": "#main" }, 
                "west":  { "uv": [ 2.5, 8.375, 2.75, 8.625 ], "texture": "#main" }, 
                "up":    { "uv": [ 2.5, 8.5, 2.75, 8.75 ], "texture": "#main" }, 
                "down":  { "uv": [ 2.5, 8.5, 2.75, 8.75 ], "texture": "#main" }
            }
        }, 
        {
            "name": "engine", 
            "from": [ 2, 1, 3 ], 
            "to":   [ 10, 11, 13 ], 
            "rotation": { "angle": 0, "axis": "y", "origin": [10, 9, 11] }, 
            "faces": {
                "north": { "uv": [ 14.125, 8.625, 15.125, 9.875 ], "texture": "#main" }, 
                "east":  { "uv": [ 12.125, 8.5, 13.875, 9.75 ], "texture": "#main" }, 
                "south": { "uv": [ 15, 8.625, 16, 9.875 ], "texture": "#main" }, 
                "west":  { "uv": [ 12.5, 8.625, 13.75, 9.875 ], "texture": "#main" }, 
                "up":    { "uv": [ 8, 8, 9, 9.25 ], "texture": "#main" }, 
                "down":  { "uv": [ 8, 8, 9, 9.25 ], "texture": "#main" }
            }
        }, 
        {
            "name": "base", 
            "from": [ 0, 0, 0 ], 
            "to":   [ 16, 1, 16 ], 
            "faces": {
                "north": { "uv": [ 8, 10, 10, 10.125 ], "texture": "#main" }, 
                "east":  { "uv": [ 8, 10, 10, 10.125 ], "texture": "#main" }, 
                "south": { "uv": [ 8, 10, 10, 10.125 ], "texture": "#main" }, 
                "west":  { "uv": [ 8, 10, 10, 10.125 ], "texture": "#main" }, 
                "up":    { "uv": [ 8, 10, 10, 12 ], "texture": "#main" }, 
                "down":  { "uv": [ 8, 10, 10, 12 ], "texture": "#main" }
            }
        }, 
        {
            "name": "top", 
            "from": [ 0, 11, 0 ], 
            "to":   [ 10, 14, 16 ], 
            "rotation": { "angle": 0, "axis": "x", "origin": [8, 19, 8] }, 
            "faces": {
                "north": { "uv": [ 8, 8, 9.25, 8.375 ], "texture": "#main" }, 
                "east":  { "uv": [ 8, 8, 10, 8.375 ], "texture": "#main" }, 
                "south": { "uv": [ 8, 8, 9.25, 8.375 ], "texture": "#main" }, 
                "west":  { "uv": [ 8, 8, 10, 8.375 ], "texture": "#main" }, 
                "up":    { "uv": [ 8, 8, 9.25, 10 ], "texture": "#main" }, 
                "down":  { "uv": [ 8, 8, 9.25, 10 ], "texture": "#main" }
            }
        }, 
        {
            "name": "grindstone", 
            "from": [ 12, 3, 3 ], 
            "to":   [ 15, 13, 13 ], 
            "rotation": { "angle": -22.5, "axis": "x", "origin": [13.33333, 8, 8] }, 
            "faces": {
                "north": { "uv": [ 8.125, 10.125, 8.5, 11.375 ], "rotation":180, "texture": "#main" }, 
                "east":  { "uv": [ 8.125, 10.125, 9.375, 11.375 ], "rotation":270, "texture": "#main" }, 
                "south": { "uv": [ 8.125, 10.125, 8.5, 11.375 ], "texture": "#main" }, 
                "west":  { "uv": [ 8.125, 10.125, 9.375, 11.375 ], "rotation":90, "texture": "#main" }, 
                "up":    { "uv": [ 8.125, 10.125, 8.5, 11.375 ], "rotation":180, "texture": "#main" }, 
                "down":  { "uv": [ 8.125, 10.125, 8.5, 11.375 ], "texture": "#main" }
            }
        }, 
        {
            "name": "spindlecap", 
            "from": [ 15, 7, 7 ], 
            "to":   [ 16, 9, 9 ], 
            "rotation": { "angle": -22.5, "axis": "x", "origin": [13.33333, 8, 8] }, 
            "faces": {
                "north": { "uv": [ 10.875, 8.75, 11, 9 ], "rotation":180, "texture": "#main" }, 
                "east":  { "uv": [ 10.875, 8.75, 11.125, 9 ], "rotation":270, "texture": "#main" }, 
                "south": { "uv": [ 11, 8.75, 11.125, 9 ], "texture": "#main" }, 
                "west":  { "uv": [ 10.625, 8.625, 10.875, 8.875 ], "rotation":90, "texture": "#main" }, 
                "up":    { "uv": [ 11, 8.875, 11.125, 9.125 ], "rotation":180, "texture": "#main" }, 
                "down":  { "uv": [ 11, 8.625, 11.125, 8.875 ], "texture": "#main" }
            }
        }, 
        {
            "name": "spindle", 
            "from": [ 10, 7, 7 ], 
            "to":   [ 12, 9, 9 ], 
            "rotation": { "angle": -22.5, "axis": "x", "origin": [13.33333, 8, 8] }, 
            "faces": {
                "north": { "uv": [ 10.5, 8.5, 10.75, 8.75 ], "rotation":180, "texture": "#main" }, 
                "east":  { "uv": [ 10.5, 8.5, 10.75, 8.75 ], "rotation":270, "texture": "#main" }, 
                "south": { "uv": [ 10.5, 8.5, 10.75, 8.75 ], "texture": "#main" }, 
                "west":  { "uv": [ 10.5, 8.375, 10.75, 8.625 ], "rotation":90, "texture": "#main" }, 
                "up":    { "uv": [ 10.625, 8.75, 10.875, 9 ], "rotation":180, "texture": "#main" }, 
                "down":  { "uv": [ 10.625, 8.625, 10.875, 8.875 ], "texture": "#main" }
            }
        }
    ], 
    "groups": [
        0, 
        1, 
        2, 
        {
            "name": "rotation", 
            "origin": [
                21, 
                15, 
                16
            ], 
            "children": [
                3, 
                4, 
                5
            ]
        }
    ], 
    "__comment": "Model animated using Fizzy's model animator - http://fizzy81.github.io/animated-models/"
}