{
	"credit": "Made with Blockbench",
	"texture_size": [128, 128],
	"textures": {
		"0": "block/003",
		"particle": "block/003"
	},
	"elements": [
		{
			"from": [0.975, 0, 0],
			"to": [15.025, 8, 16],
			"rotation": {"angle": 0, "axis": "y", "origin": [8, 9.1983, 7.99293]},
			"faces": {
				"north": {"uv": [2, 2, 3.75, 3], "texture": "#0"},
				"east": {"uv": [0, 2, 2, 3], "texture": "#0"},
				"south": {"uv": [5.75, 2, 7.5, 3], "texture": "#0"},
				"west": {"uv": [3.75, 2, 5.75, 3], "texture": "#0"},
				"up": {"uv": [3.75, 2, 2, 0], "texture": "#0"},
				"down": {"uv": [5.5, 0, 3.75, 2], "texture": "#0"}
			}
		},
		{
			"name": "hexadecagon",
			"from": [15, 0.98479, -1],
			"to": [16, 7.78479, 0],
			"rotation": {"angle": 0, "axis": "x", "origin": [8, 9.1983, 7.99293]},
			"faces": {
				"north": {"uv": [0.125, 3.625, 0.25, 4.375], "texture": "#0"},
				"east": {"uv": [0, 3.625, 0.125, 4.375], "texture": "#0"},
				"south": {"uv": [0.375, 3.625, 0.5, 4.375], "texture": "#0"},
				"west": {"uv": [0.25, 3.625, 0.375, 4.375], "texture": "#0"},
				"up": {"uv": [0.25, 3.625, 0.125, 3.5], "texture": "#0"},
				"down": {"uv": [0.375, 3.5, 0.25, 3.625], "texture": "#0"}
			}
		},
		{
			"name": "hexadecagon",
			"from": [15, 5.37983, -0.15928],
			"to": [16, 8.96025, 0.84072],
			"rotation": {"angle": 22.5, "axis": "x", "origin": [8, 9.1983, 7.99293]},
			"faces": {
				"north": {"uv": [0.125, 4.5, 0.25, 4.875], "texture": "#0"},
				"east": {"uv": [0, 4.5, 0.125, 4.875], "texture": "#0"},
				"south": {"uv": [0.375, 4.5, 0.5, 4.875], "texture": "#0"},
				"west": {"uv": [0.25, 4.5, 0.375, 4.875], "texture": "#0"},
				"up": {"uv": [0.25, 4.5, 0.125, 4.375], "texture": "#0"},
				"down": {"uv": [0.375, 4.375, 0.25, 4.5], "texture": "#0"}
			}
		},
		{
			"name": "hexadecagon",
			"from": [15, 5.85865, 0.55236],
			"to": [16, 9.43907, 1.55236],
			"rotation": {"angle": 45, "axis": "x", "origin": [8, 9.1983, 7.99293]},
			"faces": {
				"north": {"uv": [1, 4.375, 1.125, 4.75], "texture": "#0"},
				"east": {"uv": [0.875, 4.375, 1, 4.75], "texture": "#0"},
				"south": {"uv": [1.25, 4.375, 1.375, 4.75], "texture": "#0"},
				"west": {"uv": [1.125, 4.375, 1.25, 4.75], "texture": "#0"},
				"up": {"uv": [1.125, 4.375, 1, 4.25], "texture": "#0"},
				"down": {"uv": [1.25, 4.25, 1.125, 4.375], "texture": "#0"}
			}
		},
		{
			"name": "hexadecagon",
			"from": [15, 5.84866, 14.4435],
			"to": [16, 9.42908, 15.4435],
			"rotation": {"angle": -45, "axis": "x", "origin": [8, 9.1983, 7.99293]},
			"faces": {
				"north": {"uv": [1.625, 1.125, 1.75, 1.5], "texture": "#0"},
				"east": {"uv": [1.5, 1.125, 1.625, 1.5], "texture": "#0"},
				"south": {"uv": [1.875, 1.125, 2, 1.5], "texture": "#0"},
				"west": {"uv": [1.75, 1.125, 1.875, 1.5], "texture": "#0"},
				"up": {"uv": [1.75, 1.125, 1.625, 1], "texture": "#0"},
				"down": {"uv": [1.875, 1, 1.75, 1.125], "texture": "#0"}
			}
		},
		{
			"name": "hexadecagon",
			"from": [15, 5.37442, 15.15821],
			"to": [16, 8.95484, 16.15821],
			"rotation": {"angle": -22.5, "axis": "x", "origin": [8, 9.1983, 7.99293]},
			"faces": {
				"north": {"uv": [1.625, 0.625, 1.75, 1], "texture": "#0"},
				"east": {"uv": [1.5, 0.625, 1.625, 1], "texture": "#0"},
				"south": {"uv": [1.875, 0.625, 2, 1], "texture": "#0"},
				"west": {"uv": [1.75, 0.625, 1.875, 1], "texture": "#0"},
				"up": {"uv": [1.75, 0.625, 1.625, 0.5], "texture": "#0"},
				"down": {"uv": [1.875, 0.5, 1.75, 0.625], "texture": "#0"}
			}
		},
		{
			"name": "hexadecagon",
			"from": [15, 0.98479, 16],
			"to": [16, 7.78479, 17],
			"rotation": {"angle": 0, "axis": "x", "origin": [8, 9.1983, 7.99293]},
			"faces": {
				"north": {"uv": [1.125, 3.125, 1.25, 3.875], "texture": "#0"},
				"east": {"uv": [1, 3.125, 1.125, 3.875], "texture": "#0"},
				"south": {"uv": [1.375, 3.125, 1.5, 3.875], "texture": "#0"},
				"west": {"uv": [1.25, 3.125, 1.375, 3.875], "texture": "#0"},
				"up": {"uv": [1.25, 3.125, 1.125, 3], "texture": "#0"},
				"down": {"uv": [1.375, 3, 1.25, 3.125], "texture": "#0"}
			}
		},
		{
			"name": "hexadecagon",
			"from": [15, 15.16463, 5.368],
			"to": [16, 16.16463, 8.94842],
			"rotation": {"angle": -22.5, "axis": "x", "origin": [8, 9.1983, 7.99293]},
			"faces": {
				"north": {"uv": [1, 0.5, 1.125, 0.625], "texture": "#0"},
				"east": {"uv": [0.625, 0.5, 1, 0.625], "texture": "#0"},
				"south": {"uv": [1.5, 0.5, 1.625, 0.625], "texture": "#0"},
				"west": {"uv": [1.125, 0.5, 1.5, 0.625], "texture": "#0"},
				"up": {"uv": [1.125, 0.5, 1, 0.125], "texture": "#0"},
				"down": {"uv": [1.25, 0.125, 1.125, 0.5], "texture": "#0"}
			}
		},
		{
			"name": "hexadecagon",
			"from": [15, 15, 6.20979],
			"to": [16, 16, 9.79021],
			"rotation": {"angle": 0, "axis": "x", "origin": [8, 9.1983, 7.99293]},
			"faces": {
				"north": {"uv": [0.375, 0.875, 0.5, 1], "texture": "#0"},
				"east": {"uv": [0, 0.875, 0.375, 1], "texture": "#0"},
				"south": {"uv": [0.875, 0.875, 1, 1], "texture": "#0"},
				"west": {"uv": [0.5, 0.875, 0.875, 1], "texture": "#0"},
				"up": {"uv": [0.5, 0.875, 0.375, 0.5], "texture": "#0"},
				"down": {"uv": [0.625, 0.5, 0.5, 0.875], "texture": "#0"}
			}
		},
		{
			"name": "hexadecagon",
			"from": [15, 15.17004, 7.0505],
			"to": [16, 16.17004, 10.63093],
			"rotation": {"angle": 22.5, "axis": "x", "origin": [8, 9.1983, 7.99293]},
			"faces": {
				"north": {"uv": [0.375, 0.375, 0.5, 0.5], "texture": "#0"},
				"east": {"uv": [0, 0.375, 0.375, 0.5], "texture": "#0"},
				"south": {"uv": [0.875, 0.375, 1, 0.5], "texture": "#0"},
				"west": {"uv": [0.5, 0.375, 0.875, 0.5], "texture": "#0"},
				"up": {"uv": [0.5, 0.375, 0.375, 0], "texture": "#0"},
				"down": {"uv": [0.625, 0, 0.5, 0.375], "texture": "#0"}
			}
		},
		{
			"name": "hexadecagon",
			"from": [0, 0.98479, -1],
			"to": [1, 7.78479, 0],
			"rotation": {"angle": 0, "axis": "x", "origin": [8, 9.1983, 7.99293]},
			"faces": {
				"north": {"uv": [1.5, 3.875, 1.625, 4.625], "texture": "#0"},
				"east": {"uv": [1.375, 3.875, 1.5, 4.625], "texture": "#0"},
				"south": {"uv": [1.75, 3.875, 1.875, 4.625], "texture": "#0"},
				"west": {"uv": [1.625, 3.875, 1.75, 4.625], "texture": "#0"},
				"up": {"uv": [1.625, 3.875, 1.5, 3.75], "texture": "#0"},
				"down": {"uv": [1.75, 3.75, 1.625, 3.875], "texture": "#0"}
			}
		},
		{
			"name": "hexadecagon",
			"from": [0, 7.79021, -1],
			"to": [16, 8.79021, 0],
			"rotation": {"angle": 0, "axis": "x", "origin": [8, 9.1983, 7.99293]},
			"faces": {
				"north": {"uv": [5.625, 0.875, 7.625, 1], "texture": "#0"},
				"east": {"uv": [5.5, 0.875, 5.625, 1], "texture": "#0"},
				"south": {"uv": [7.75, 0.875, 9.75, 1], "texture": "#0"},
				"west": {"uv": [7.625, 0.875, 7.75, 1], "texture": "#0"},
				"up": {"uv": [7.625, 0.875, 5.625, 0.75], "texture": "#0"},
				"down": {"uv": [9.625, 0.75, 7.625, 0.875], "texture": "#0"}
			}
		},
		{
			"name": "hexadecagon",
			"from": [0, 0, -1],
			"to": [16, 1, 0],
			"rotation": {"angle": 0, "axis": "x", "origin": [8, 9.1983, 7.99293]},
			"faces": {
				"north": {"uv": [5.625, 0.625, 7.625, 0.75], "texture": "#0"},
				"east": {"uv": [5.5, 0.625, 5.625, 0.75], "texture": "#0"},
				"south": {"uv": [7.75, 0.625, 9.75, 0.75], "texture": "#0"},
				"west": {"uv": [7.625, 0.625, 7.75, 0.75], "texture": "#0"},
				"up": {"uv": [7.625, 0.625, 5.625, 0.5], "texture": "#0"},
				"down": {"uv": [9.625, 0.5, 7.625, 0.625], "texture": "#0"}
			}
		},
		{
			"name": "hexadecagon",
			"from": [0, 5.37983, -0.15928],
			"to": [1, 8.96025, 0.84072],
			"rotation": {"angle": 22.5, "axis": "x", "origin": [8, 9.1983, 7.99293]},
			"faces": {
				"north": {"uv": [5.5, 3.5, 5.625, 3.875], "texture": "#0"},
				"east": {"uv": [5.375, 3.5, 5.5, 3.875], "texture": "#0"},
				"south": {"uv": [5.75, 3.5, 5.875, 3.875], "texture": "#0"},
				"west": {"uv": [5.625, 3.5, 5.75, 3.875], "texture": "#0"},
				"up": {"uv": [5.625, 3.5, 5.5, 3.375], "texture": "#0"},
				"down": {"uv": [5.75, 3.375, 5.625, 3.5], "texture": "#0"}
			}
		},
		{
			"name": "hexadecagon",
			"from": [0, 5.85865, 0.55236],
			"to": [1, 9.43907, 1.55236],
			"rotation": {"angle": 45, "axis": "x", "origin": [8, 9.1983, 7.99293]},
			"faces": {
				"north": {"uv": [1.125, 5.375, 1.25, 5.75], "texture": "#0"},
				"east": {"uv": [1, 5.375, 1.125, 5.75], "texture": "#0"},
				"south": {"uv": [1.375, 5.375, 1.5, 5.75], "texture": "#0"},
				"west": {"uv": [1.25, 5.375, 1.375, 5.75], "texture": "#0"},
				"up": {"uv": [1.25, 5.375, 1.125, 5.25], "texture": "#0"},
				"down": {"uv": [1.375, 5.25, 1.25, 5.375], "texture": "#0"}
			}
		},
		{
			"name": "hexadecagon",
			"from": [0, 5.84866, 14.4435],
			"to": [1, 9.42908, 15.4435],
			"rotation": {"angle": -45, "axis": "x", "origin": [8, 9.1983, 7.99293]},
			"faces": {
				"north": {"uv": [0.625, 5.375, 0.75, 5.75], "texture": "#0"},
				"east": {"uv": [0.5, 5.375, 0.625, 5.75], "texture": "#0"},
				"south": {"uv": [0.875, 5.375, 1, 5.75], "texture": "#0"},
				"west": {"uv": [0.75, 5.375, 0.875, 5.75], "texture": "#0"},
				"up": {"uv": [0.75, 5.375, 0.625, 5.25], "texture": "#0"},
				"down": {"uv": [0.875, 5.25, 0.75, 5.375], "texture": "#0"}
			}
		},
		{
			"name": "hexadecagon",
			"from": [0, 5.37442, 15.15821],
			"to": [1, 8.95484, 16.15821],
			"rotation": {"angle": -22.5, "axis": "x", "origin": [8, 9.1983, 7.99293]},
			"faces": {
				"north": {"uv": [0.125, 5.375, 0.25, 5.75], "texture": "#0"},
				"east": {"uv": [0, 5.375, 0.125, 5.75], "texture": "#0"},
				"south": {"uv": [0.375, 5.375, 0.5, 5.75], "texture": "#0"},
				"west": {"uv": [0.25, 5.375, 0.375, 5.75], "texture": "#0"},
				"up": {"uv": [0.25, 5.375, 0.125, 5.25], "texture": "#0"},
				"down": {"uv": [0.375, 5.25, 0.25, 5.375], "texture": "#0"}
			}
		},
		{
			"name": "hexadecagon",
			"from": [0, 0.98479, 16],
			"to": [1, 7.78479, 17],
			"rotation": {"angle": 0, "axis": "x", "origin": [8, 9.1983, 7.99293]},
			"faces": {
				"north": {"uv": [0.625, 3.625, 0.75, 4.375], "texture": "#0"},
				"east": {"uv": [0.5, 3.625, 0.625, 4.375], "texture": "#0"},
				"south": {"uv": [0.875, 3.625, 1, 4.375], "texture": "#0"},
				"west": {"uv": [0.75, 3.625, 0.875, 4.375], "texture": "#0"},
				"up": {"uv": [0.75, 3.625, 0.625, 3.5], "texture": "#0"},
				"down": {"uv": [0.875, 3.5, 0.75, 3.625], "texture": "#0"}
			}
		},
		{
			"name": "hexadecagon",
			"from": [0, 7.79021, 16],
			"to": [16, 8.79021, 17],
			"rotation": {"angle": 0, "axis": "x", "origin": [8, 9.1983, 7.99293]},
			"faces": {
				"north": {"uv": [5.625, 0.375, 7.625, 0.5], "texture": "#0"},
				"east": {"uv": [5.5, 0.375, 5.625, 0.5], "texture": "#0"},
				"south": {"uv": [7.75, 0.375, 9.75, 0.5], "texture": "#0"},
				"west": {"uv": [7.625, 0.375, 7.75, 0.5], "texture": "#0"},
				"up": {"uv": [7.625, 0.375, 5.625, 0.25], "texture": "#0"},
				"down": {"uv": [9.625, 0.25, 7.625, 0.375], "texture": "#0"}
			}
		},
		{
			"name": "hexadecagon",
			"from": [0, 0, 16],
			"to": [16, 1, 17],
			"rotation": {"angle": 0, "axis": "x", "origin": [8, 9.1983, 7.99293]},
			"faces": {
				"north": {"uv": [5.625, 0.125, 7.625, 0.25], "texture": "#0"},
				"east": {"uv": [5.5, 0.125, 5.625, 0.25], "texture": "#0"},
				"south": {"uv": [7.75, 0.125, 9.75, 0.25], "texture": "#0"},
				"west": {"uv": [7.625, 0.125, 7.75, 0.25], "texture": "#0"},
				"up": {"uv": [7.625, 0.125, 5.625, 0], "texture": "#0"},
				"down": {"uv": [9.625, 0, 7.625, 0.125], "texture": "#0"}
			}
		},
		{
			"name": "hexadecagon",
			"from": [0, 15.16463, 5.368],
			"to": [1, 16.16463, 8.94842],
			"rotation": {"angle": -22.5, "axis": "x", "origin": [8, 9.1983, 7.99293]},
			"faces": {
				"north": {"uv": [1, 1.5, 1.125, 1.625], "texture": "#0"},
				"east": {"uv": [0.625, 1.5, 1, 1.625], "texture": "#0"},
				"south": {"uv": [1.5, 1.5, 1.625, 1.625], "texture": "#0"},
				"west": {"uv": [1.125, 1.5, 1.5, 1.625], "texture": "#0"},
				"up": {"uv": [1.125, 1.5, 1, 1.125], "texture": "#0"},
				"down": {"uv": [1.25, 1.125, 1.125, 1.5], "texture": "#0"}
			}
		},
		{
			"name": "hexadecagon",
			"from": [0, 15, 6.20979],
			"to": [1, 16, 9.79021],
			"rotation": {"angle": 0, "axis": "x", "origin": [8, 9.1983, 7.99293]},
			"faces": {
				"north": {"uv": [0.375, 1.375, 0.5, 1.5], "texture": "#0"},
				"east": {"uv": [0, 1.375, 0.375, 1.5], "texture": "#0"},
				"south": {"uv": [0.875, 1.375, 1, 1.5], "texture": "#0"},
				"west": {"uv": [0.5, 1.375, 0.875, 1.5], "texture": "#0"},
				"up": {"uv": [0.5, 1.375, 0.375, 1], "texture": "#0"},
				"down": {"uv": [0.625, 1, 0.5, 1.375], "texture": "#0"}
			}
		},
		{
			"name": "hexadecagon",
			"from": [0, 15.17004, 7.0505],
			"to": [1, 16.17004, 10.63093],
			"rotation": {"angle": 22.5, "axis": "x", "origin": [8, 9.1983, 7.99293]},
			"faces": {
				"north": {"uv": [1, 1, 1.125, 1.125], "texture": "#0"},
				"east": {"uv": [0.625, 1, 1, 1.125], "texture": "#0"},
				"south": {"uv": [1.5, 1, 1.625, 1.125], "texture": "#0"},
				"west": {"uv": [1.125, 1, 1.5, 1.125], "texture": "#0"},
				"up": {"uv": [1.125, 1, 1, 0.625], "texture": "#0"},
				"down": {"uv": [1.25, 0.625, 1.125, 1], "texture": "#0"}
			}
		},
		{
			"from": [0, 0, 0],
			"to": [1, 1, 16],
			"rotation": {"angle": 0, "axis": "y", "origin": [8, 9.1983, 7.99293]},
			"faces": {
				"north": {"uv": [7.25, 7.625, 7.375, 7.75], "texture": "#0"},
				"east": {"uv": [5.25, 7.625, 7.25, 7.75], "texture": "#0"},
				"south": {"uv": [9.375, 7.625, 9.5, 7.75], "texture": "#0"},
				"west": {"uv": [7.375, 7.625, 9.375, 7.75], "texture": "#0"},
				"up": {"uv": [7.375, 7.625, 7.25, 5.625], "texture": "#0"},
				"down": {"uv": [7.5, 5.625, 7.375, 7.625], "texture": "#0"}
			}
		},
		{
			"from": [0, 8, 0],
			"to": [1, 9, 16],
			"rotation": {"angle": 0, "axis": "y", "origin": [8, 9.1983, 7.99293]},
			"faces": {
				"north": {"uv": [2, 9.5, 2.125, 9.625], "texture": "#0"},
				"east": {"uv": [0, 9.5, 2, 9.625], "texture": "#0"},
				"south": {"uv": [4.125, 9.5, 4.25, 9.625], "texture": "#0"},
				"west": {"uv": [2.125, 9.5, 4.125, 9.625], "texture": "#0"},
				"up": {"uv": [2.125, 9.5, 2, 7.5], "texture": "#0"},
				"down": {"uv": [2.25, 7.5, 2.125, 9.5], "texture": "#0"}
			}
		},
		{
			"from": [15, 8, 0],
			"to": [16, 9, 16],
			"rotation": {"angle": 0, "axis": "y", "origin": [8, 9.1983, 7.99293]},
			"faces": {
				"north": {"uv": [9.5, 7.75, 9.625, 7.875], "texture": "#0"},
				"east": {"uv": [7.5, 7.75, 9.5, 7.875], "texture": "#0"},
				"south": {"uv": [11.625, 7.75, 11.75, 7.875], "texture": "#0"},
				"west": {"uv": [9.625, 7.75, 11.625, 7.875], "texture": "#0"},
				"up": {"uv": [9.625, 7.75, 9.5, 5.75], "texture": "#0"},
				"down": {"uv": [9.75, 5.75, 9.625, 7.75], "texture": "#0"}
			}
		},
		{
			"from": [15, 0, 0],
			"to": [16, 1, 16],
			"rotation": {"angle": 0, "axis": "y", "origin": [8, 9.1983, 7.99293]},
			"faces": {
				"north": {"uv": [4.25, 9.625, 4.375, 9.75], "texture": "#0"},
				"east": {"uv": [2.25, 9.625, 4.25, 9.75], "texture": "#0"},
				"south": {"uv": [6.375, 9.625, 6.5, 9.75], "texture": "#0"},
				"west": {"uv": [4.375, 9.625, 6.375, 9.75], "texture": "#0"},
				"up": {"uv": [4.375, 9.625, 4.25, 7.625], "texture": "#0"},
				"down": {"uv": [4.5, 7.625, 4.375, 9.625], "texture": "#0"}
			}
		},
		{
			"name": "hexadecagon",
			"from": [1, 6.11828, -0.48579],
			"to": [15, 9.30088, 14.51421],
			"rotation": {"angle": -45, "axis": "x", "origin": [8, 9.1983, 7.99293]},
			"faces": {
				"north": {"uv": [5.125, 10.5, 6.875, 10.875], "texture": "#0"},
				"east": {"uv": [3.25, 10.5, 5.125, 10.875], "texture": "#0"},
				"south": {"uv": [8.75, 10.5, 10.5, 10.875], "texture": "#0"},
				"west": {"uv": [6.875, 10.5, 8.75, 10.875], "texture": "#0"},
				"up": {"uv": [6.875, 10.5, 5.125, 8.625], "texture": "#0"},
				"down": {"uv": [8.625, 8.625, 6.875, 10.5], "texture": "#0"}
			}
		},
		{
			"name": "hexadecagon",
			"from": [1, 5.66572, 0.19648],
			"to": [15, 8.84832, 15.19648],
			"rotation": {"angle": -22.5, "axis": "x", "origin": [8, 9.1983, 7.99293]},
			"faces": {
				"north": {"uv": [7.25, 5.25, 9, 5.625], "texture": "#0"},
				"east": {"uv": [5.375, 5.25, 7.25, 5.625], "texture": "#0"},
				"south": {"uv": [10.875, 5.25, 12.625, 5.625], "texture": "#0"},
				"west": {"uv": [9, 5.25, 10.875, 5.625], "texture": "#0"},
				"up": {"uv": [9, 5.25, 7.25, 3.375], "texture": "#0"},
				"down": {"uv": [10.75, 3.375, 9, 5.25], "texture": "#0"}
			}
		},
		{
			"name": "hexadecagon",
			"from": [1, 5.67113, 0.80245],
			"to": [15, 8.85373, 15.80245],
			"rotation": {"angle": 22.5, "axis": "x", "origin": [8, 9.1983, 7.99293]},
			"faces": {
				"north": {"uv": [1.875, 7.125, 3.625, 7.5], "texture": "#0"},
				"east": {"uv": [0, 7.125, 1.875, 7.5], "texture": "#0"},
				"south": {"uv": [5.5, 7.125, 7.25, 7.5], "texture": "#0"},
				"west": {"uv": [3.625, 7.125, 5.5, 7.5], "texture": "#0"},
				"up": {"uv": [3.625, 7.125, 1.875, 5.25], "texture": "#0"},
				"down": {"uv": [5.375, 5.25, 3.625, 7.125], "texture": "#0"}
			}
		},
		{
			"name": "hexadecagon",
			"from": [1, 6.12828, 1.48165],
			"to": [15, 9.31087, 16.48165],
			"rotation": {"angle": 45, "axis": "x", "origin": [8, 9.1983, 7.99293]},
			"faces": {
				"north": {"uv": [1.875, 4.875, 3.625, 5.25], "texture": "#0"},
				"east": {"uv": [0, 4.875, 1.875, 5.25], "texture": "#0"},
				"south": {"uv": [5.5, 4.875, 7.25, 5.25], "texture": "#0"},
				"west": {"uv": [3.625, 4.875, 5.5, 5.25], "texture": "#0"},
				"up": {"uv": [3.625, 4.875, 1.875, 3], "texture": "#0"},
				"down": {"uv": [5.375, 3, 3.625, 4.875], "texture": "#0"}
			}
		},
		{
			"name": "hexadecagon",
			"from": [1, 1.25702, 5.60518],
			"to": [15, 15.25702, 8.78778],
			"rotation": {"angle": -22.5, "axis": "x", "origin": [8, 9.1983, 7.99293]},
			"faces": {
				"north": {"uv": [10.125, 6, 11.875, 7.75], "texture": "#0"},
				"east": {"uv": [9.75, 6, 10.125, 7.75], "texture": "#0"},
				"south": {"uv": [12.25, 6, 14, 7.75], "texture": "#0"},
				"west": {"uv": [11.875, 6, 12.25, 7.75], "texture": "#0"},
				"up": {"uv": [11.875, 6, 10.125, 5.625], "texture": "#0"},
				"down": {"uv": [13.625, 5.625, 11.875, 6], "texture": "#0"}
			}
		},
		{
			"name": "hexadecagon",
			"from": [1, 1.1, 6.4087],
			"to": [15, 15.1, 9.5913],
			"rotation": {"angle": 0, "axis": "x", "origin": [8, 9.1983, 7.99293]},
			"faces": {
				"north": {"uv": [0.375, 10.125, 2.125, 11.875], "texture": "#0"},
				"east": {"uv": [0, 10.125, 0.375, 11.875], "texture": "#0"},
				"south": {"uv": [2.5, 10.125, 4.25, 11.875], "texture": "#0"},
				"west": {"uv": [2.125, 10.125, 2.5, 11.875], "texture": "#0"},
				"up": {"uv": [2.125, 10.125, 0.375, 9.75], "texture": "#0"},
				"down": {"uv": [3.875, 9.75, 2.125, 10.125], "texture": "#0"}
			}
		},
		{
			"name": "hexadecagon",
			"from": [1, 1.26243, 7.21115],
			"to": [15, 15.26243, 10.39375],
			"rotation": {"angle": 22.5, "axis": "x", "origin": [8, 9.1983, 7.99293]},
			"faces": {
				"north": {"uv": [6.875, 8.25, 8.625, 10], "texture": "#0"},
				"east": {"uv": [6.5, 8.25, 6.875, 10], "texture": "#0"},
				"south": {"uv": [9, 8.25, 10.75, 10], "texture": "#0"},
				"west": {"uv": [8.625, 8.25, 9, 10], "texture": "#0"},
				"up": {"uv": [8.625, 8.25, 6.875, 7.875], "texture": "#0"},
				"down": {"uv": [10.375, 7.875, 8.625, 8.25], "texture": "#0"}
			}
		},
		{
			"from": [6.5, 6.2, -1.1],
			"to": [9.5, 9.2, -0.1],
			"rotation": {"angle": 0, "axis": "y", "origin": [8, 9.1983, 7.99293]},
			"faces": {
				"north": {"uv": [0.125, 3.125, 0.5, 3.5], "texture": "#0"},
				"east": {"uv": [0, 3.125, 0.125, 3.5], "texture": "#0"},
				"south": {"uv": [0.625, 3.125, 1, 3.5], "texture": "#0"},
				"west": {"uv": [0.5, 3.125, 0.625, 3.5], "texture": "#0"},
				"up": {"uv": [0.5, 3.125, 0.125, 3], "texture": "#0"},
				"down": {"uv": [0.875, 3, 0.5, 3.125], "texture": "#0"}
			}
		},
		{
			"from": [7, 3.2, -1.1],
			"to": [9, 6.2, -0.1],
			"rotation": {"angle": 0, "axis": "y", "origin": [8, 9.1983, 7.99293]},
			"faces": {
				"north": {"uv": [1.375, 0.125, 1.625, 0.5], "texture": "#0"},
				"east": {"uv": [1.25, 0.125, 1.375, 0.5], "texture": "#0"},
				"south": {"uv": [1.75, 0.125, 2, 0.5], "texture": "#0"},
				"west": {"uv": [1.625, 0.125, 1.75, 0.5], "texture": "#0"},
				"up": {"uv": [1.625, 0.125, 1.375, 0], "texture": "#0"},
				"down": {"uv": [1.875, 0, 1.625, 0.125], "texture": "#0"}
			}
		},
		{
			"from": [2, 7.3, 15.7],
			"to": [5, 9.3, 17.2],
			"rotation": {"angle": 0, "axis": "y", "origin": [8, 9.1983, 7.99293]},
			"faces": {
				"north": {"uv": [0.125, 1.75, 0.5, 2], "texture": "#0"},
				"east": {"uv": [0, 1.75, 0.125, 2], "texture": "#0"},
				"south": {"uv": [0.625, 1.75, 1, 2], "texture": "#0"},
				"west": {"uv": [0.5, 1.75, 0.625, 2], "texture": "#0"},
				"up": {"uv": [0.5, 1.75, 0.125, 1.625], "texture": "#0"},
				"down": {"uv": [0.875, 1.625, 0.5, 1.75], "texture": "#0"}
			}
		},
		{
			"from": [11, 7.3, 15.7],
			"to": [14, 9.3, 17.2],
			"rotation": {"angle": 0, "axis": "y", "origin": [8, 9.1983, 7.99293]},
			"faces": {
				"north": {"uv": [1.125, 1.75, 1.5, 2], "texture": "#0"},
				"east": {"uv": [1, 1.75, 1.125, 2], "texture": "#0"},
				"south": {"uv": [1.625, 1.75, 2, 2], "texture": "#0"},
				"west": {"uv": [1.5, 1.75, 1.625, 2], "texture": "#0"},
				"up": {"uv": [1.5, 1.75, 1.125, 1.625], "texture": "#0"},
				"down": {"uv": [1.875, 1.625, 1.5, 1.75], "texture": "#0"}
			}
		},
		{
			"from": [0.825, 9, 0],
			"to": [0.9, 11.1, 16],
			"rotation": {"angle": 0, "axis": "y", "origin": [8, 9.1983, 7.99293]},
			"faces": {
				"north": {"uv": [6.375, 14.5, 6.375, 14.75], "texture": "#0"},
				"east": {"uv": [4.375, 14.5, 6.375, 14.75], "texture": "#0"},
				"south": {"uv": [8.375, 14.5, 8.375, 14.75], "texture": "#0"},
				"west": {"uv": [6.375, 14.5, 8.375, 14.75], "texture": "#0"},
				"up": {"uv": [6.375, 14.5, 6.375, 12.5], "texture": "#0"},
				"down": {"uv": [6.375, 12.5, 6.375, 14.5], "texture": "#0"}
			}
		},
		{
			"from": [15.15, 9, 0],
			"to": [15.225, 11.1, 16],
			"rotation": {"angle": 0, "axis": "y", "origin": [8, 9.1983, 7.99293]},
			"faces": {
				"north": {"uv": [11.625, 14, 11.625, 14.25], "texture": "#0"},
				"east": {"uv": [9.625, 14, 11.625, 14.25], "texture": "#0"},
				"south": {"uv": [13.625, 14, 13.625, 14.25], "texture": "#0"},
				"west": {"uv": [11.625, 14, 13.625, 14.25], "texture": "#0"},
				"up": {"uv": [11.625, 14, 11.625, 12], "texture": "#0"},
				"down": {"uv": [11.625, 12, 11.625, 14], "texture": "#0"}
			}
		},
		{
			"from": [0.825, 11.1, 1],
			"to": [0.9, 12.7, 14.975],
			"rotation": {"angle": 0, "axis": "y", "origin": [8, 9.1983, 7.99293]},
			"faces": {
				"north": {"uv": [6, 14.125, 6, 14.25], "texture": "#0"},
				"east": {"uv": [4.375, 14.125, 6, 14.25], "texture": "#0"},
				"south": {"uv": [7.625, 14.125, 7.625, 14.25], "texture": "#0"},
				"west": {"uv": [6, 14.125, 7.625, 14.25], "texture": "#0"},
				"up": {"uv": [6, 14.125, 6, 12.5], "texture": "#0"},
				"down": {"uv": [6, 12.5, 6, 14.125], "texture": "#0"}
			}
		},
		{
			"from": [15.15, 11.1, 1],
			"to": [15.225, 12.7, 14.975],
			"rotation": {"angle": 0, "axis": "y", "origin": [8, 9.1983, 7.99293]},
			"faces": {
				"north": {"uv": [11.25, 13.625, 11.25, 13.75], "texture": "#0"},
				"east": {"uv": [9.625, 13.625, 11.25, 13.75], "texture": "#0"},
				"south": {"uv": [12.875, 13.625, 12.875, 13.75], "texture": "#0"},
				"west": {"uv": [11.25, 13.625, 12.875, 13.75], "texture": "#0"},
				"up": {"uv": [11.25, 13.625, 11.25, 12], "texture": "#0"},
				"down": {"uv": [11.25, 12, 11.25, 13.625], "texture": "#0"}
			}
		},
		{
			"from": [0.825, 12.7, 2.375],
			"to": [0.9, 14.075, 13.65],
			"rotation": {"angle": 0, "axis": "y", "origin": [8, 9.1983, 7.99293]},
			"faces": {
				"north": {"uv": [5.75, 13.875, 5.75, 14], "texture": "#0"},
				"east": {"uv": [4.375, 13.875, 5.75, 14], "texture": "#0"},
				"south": {"uv": [7.125, 13.875, 7.125, 14], "texture": "#0"},
				"west": {"uv": [5.75, 13.875, 7.125, 14], "texture": "#0"},
				"up": {"uv": [5.75, 13.875, 5.75, 12.5], "texture": "#0"},
				"down": {"uv": [5.75, 12.5, 5.75, 13.875], "texture": "#0"}
			}
		},
		{
			"from": [15.15, 12.7, 2.375],
			"to": [15.225, 14.075, 13.65],
			"rotation": {"angle": 0, "axis": "y", "origin": [8, 9.1983, 7.99293]},
			"faces": {
				"north": {"uv": [11, 13.375, 11, 13.5], "texture": "#0"},
				"east": {"uv": [9.625, 13.375, 11, 13.5], "texture": "#0"},
				"south": {"uv": [12.375, 13.375, 12.375, 13.5], "texture": "#0"},
				"west": {"uv": [11, 13.375, 12.375, 13.5], "texture": "#0"},
				"up": {"uv": [11, 13.375, 11, 12], "texture": "#0"},
				"down": {"uv": [11, 12, 11, 13.375], "texture": "#0"}
			}
		},
		{
			"from": [0.825, 14.075, 4.15],
			"to": [0.9, 15.15, 11.825],
			"rotation": {"angle": 0, "axis": "y", "origin": [8, 9.1983, 7.99293]},
			"faces": {
				"north": {"uv": [5.25, 13.375, 5.25, 13.5], "texture": "#0"},
				"east": {"uv": [4.375, 13.375, 5.25, 13.5], "texture": "#0"},
				"south": {"uv": [6.125, 13.375, 6.125, 13.5], "texture": "#0"},
				"west": {"uv": [5.25, 13.375, 6.125, 13.5], "texture": "#0"},
				"up": {"uv": [5.25, 13.375, 5.25, 12.5], "texture": "#0"},
				"down": {"uv": [5.25, 12.5, 5.25, 13.375], "texture": "#0"}
			}
		},
		{
			"from": [15.15, 14.075, 4.15],
			"to": [15.225, 15.15, 11.825],
			"rotation": {"angle": 0, "axis": "y", "origin": [8, 9.1983, 7.99293]},
			"faces": {
				"north": {"uv": [10.5, 12.875, 10.5, 13], "texture": "#0"},
				"east": {"uv": [9.625, 12.875, 10.5, 13], "texture": "#0"},
				"south": {"uv": [11.375, 12.875, 11.375, 13], "texture": "#0"},
				"west": {"uv": [10.5, 12.875, 11.375, 13], "texture": "#0"},
				"up": {"uv": [10.5, 12.875, 10.5, 12], "texture": "#0"},
				"down": {"uv": [10.5, 12, 10.5, 12.875], "texture": "#0"}
			}
		}
	],
	"display": {
		"fixed": {
			"rotation": [-90, 0, 0],
			"translation": [0, 0, 16.75],
			"scale": [2, 2, 2]
		}
	},
	"groups": [0,
		{
			"name": "hexadecagon",
			"origin": [8, 8, 8],
			"children": [1, 2, 3, 4, 5, 6, 7, 8, 9]
		},
		{
			"name": "hexadecagon",
			"origin": [8, 8, 8],
			"children": [10, 11, 12, 13, 14, 15, 16, 17, 18, 19, 20, 21, 22]
		}, 23, 24, 25, 26,
		{
			"name": "hexadecagon",
			"origin": [8, 8, 8],
			"children": [27, 28, 29, 30, 31, 32, 33]
		}, 34, 35, 36, 37, 38, 39, 40, 41, 42, 43, 44, 45]
}