{
	"variants": {
		"powered=false,shape=ascending_east": {
			"model": "minecraft:block/weaponstation",
			"y": 90
		},
		"powered=false,shape=ascending_north": {
			"model": "minecraft:block/weaponstation"
		},
		"powered=false,shape=ascending_south": {
			"model": "minecraft:block/weaponstation"
		},
		"powered=false,shape=ascending_west": {
			"model": "minecraft:block/weaponstation",
			"y": 90
		},
		"powered=false,shape=east_west": {
			"model": "minecraft:block/weaponstation",
			"y": 90
		},
		"powered=false,shape=north_south": {
			"model": "minecraft:block/weaponstation"
		},
		"powered=true,shape=ascending_east": {
			"model": "minecraft:block/sawmill1",
			"y": 90
		},
		"powered=true,shape=ascending_north": {
			"model": "minecraft:block/sawmill1"
		},
		"powered=true,shape=ascending_south": {
			"model": "minecraft:block/sawmill1"
		},
		"powered=true,shape=ascending_west": {
			"model": "minecraft:block/sawmill1",
			"y": 90
		},
		"powered=true,shape=east_west": {
			"model": "minecraft:block/sawmill1",
			"y": 90
		},
		"powered=true,shape=north_south": {
			"model": "minecraft:block/sawmill1"
		}
	}
}