{
	"variants": {
		"power=5": {
			"model": "minecraft:block/oaklogtable"
		},
		"power=6": {
			"model": "minecraft:block/oaklogtable1x3"
		},
		"power=7": {
			"model": "minecraft:block/oaklogtable1x3l"
		},
		"power=8": {
			"model": "minecraft:block/spruceshelves1"
		},
		"power=9": {
			"model": "minecraft:block/spruceshelves2"
		},
		"power=10": {
			"model": "minecraft:block/spruceshelves3"
		},
		"power=11": {
			"model": "minecraft:block/spruceshelves4"
		},
		"power=12": {
			"model": "minecraft:block/spruceshelves4"
		}
	}
}