{
    "variants": {
        "": [ { "model": "block/lily_pad", "weight":5 }
,{ "model": "block/lily_pad", "weight":2 }
,{ "model": "block/lily_pad1", "weight":5 }
,{ "model": "block/lily_pad2", "weight":2 }
,{ "model": "block/lily_pad3", "weight":5 }
,{ "model": "block/lily_pad4", "weight":2 }
,{ "model": "block/lily_pad5", "weight":5 }
,{ "model": "block/lily_pad6", "weight":2 }
,{ "model": "block/lily_pad7", "weight":5 }
,{ "model": "block/lily_pad8", "weight":2 }
,{ "model": "block/lily_pad9", "weight":5}
,{ "model": "block/lily_pad10", "weight":1 }
,{ "model": "block/lily_pad11", "weight":5 }
,{ "model": "block/lily_pad12", "weight":2 }
,{ "model": "block/lily_pad13", "weight":1 }
 ]   }
}